"centralization_degree","bridges_ratio","moran_i_degree","getis_gi_degree_mean","rosval_mean","orientation_entropy","d_value","c5","c7","c8","c10","c11","c13","c14","c15","c16"
0.00703001898810406,-0.0476415630025138,0.0390860647668235,0.00782336423712261,-0.38448244901427,-0.240689643340197,0.637970927360037,-0.846229911783143,-0.0931020653114151,0.0171981448086481,-0.292045893207739,-0.400932706101206,0.805896435013697,-0.52682007661518,-0.36725730396889,0.0895444048384399
0.190022182016405,-0.13395648127048,-0.0253605798803819,0.00139770517952285,-0.113868440899293,-0.538621890237967,-2.83631299230174,-1.37690370580145,-0.00570840103722959,0.0249399688264301,-0.806941322234834,-0.43589620429392,0.894264946417997,-0.371369517782312,0.669990150984511,-0.58076427279337
0.143566172868028,-0.162917367431357,0.0548858679037773,0.00430989433392238,-0.071608206894142,-0.654176368994109,-3.89461706336782,-0.766173791981134,-0.127180233693548,0.0339130430419772,-0.668724615178505,-0.74970802421963,0.685463632364112,0.385819470479709,1.36897372324443,-1.28206341239967
-0.071230327353271,-0.908130065920377,0.0624582791243905,-0.00216262328001963,-0.200164142457769,-0.184883183245786,-2.41632451509394,-0.177360042682662,-0.0786238828220265,-0.0194671972945582,-0.110293786179873,-0.343518194693896,0.412269528521831,-1.02588195674086,-0.19536846144457,-0.231715183989514
0.183988182719712,0.630410771989857,-0.00101133481514693,0.0230735986335436,0.0587455046476838,-0.0237124616158711,-3.02980858237717,-0.667798872711833,-0.0637477669631896,0.0109386069809058,-0.44720923856731,-0.316676505254146,0.798045674840923,1.36741293911234,0.437197233780802,-0.190035019485965
0.15539853823599,0.497215920228128,-0.00844011656293647,0.0135108044158441,0.158249027553678,-0.944368390802928,-2.19317988400226,-1.99081479834489,-0.0599858526296797,0.0110770556176555,-0.324609821189961,-0.239372286973727,0.701783131306397,2.30151943159814,1.36590600446,-0.681191207604385
0.0770349373003728,0.406340073272075,-0.00978523995013577,-0.00600314412257298,0.24262245576365,0.267647872545114,0.736868466472272,3.14532293388558,0.144909818867221,-0.0595906597635922,0.647076809190681,0.413673991021592,-0.299601019643054,0.237332440784134,-0.067567668525134,0.609129339132606
-0.102448213325341,-0.0743782044067464,-0.0201672650253209,-0.0212811232910659,-0.390994530214426,0.150655703297785,4.33059187717876,-0.151582192905216,0.137407096942964,-0.0359360788075013,0.373299415711032,0.283066292459109,-0.669847395619021,-1.56945054708975,-0.99874058439242,0.555496292142141
-0.548182758153574,-1.27886262048545,0.0521892770613422,-0.00522025331051462,-0.174941583790462,0.266525508712148,0.499086512548532,-0.549067778539985,-0.00883505698728224,-0.048450465308553,0.61084439305927,0.374900103906122,0.821748852949692,-2.14513264029879,-0.69748059844597,0.291800747775627
-0.196880785698163,-0.233986912458798,0.0467499352079087,0.00461724582843365,-0.452642299634931,0.0407579066468602,-1.3056268063647,0.644556901209757,-0.230227354952623,0.102442549737241,-0.461879671224523,-0.267818858170648,0.387258447813909,-1.40925863774665,0.0152626155970174,0.129473698867659
-0.0769079484362259,0.574817197142843,-0.00667490951527283,-0.00441847488786882,-0.362112799443079,0.107460768562636,-1.17164158666925,2.01094805971197,-0.0233290435838762,-0.0213340377197062,-0.180673720504611,0.0640757114131992,0.037842216845569,-1.25610592034148,-0.34722565576568,0.0358172281134913
0.134062565731413,0.877313669640187,-0.0185462446958078,-0.00356509001919591,-0.220441676634933,0.146904419036689,-3.81662946404341,2.54312566113646,-0.176058746844611,0.0170509313240882,-0.453250843564834,-0.11611167040262,0.819796047020433,0.500020321947168,-0.0156731582562833,0.0192230910763188
-0.176112550969866,-0.0441500546391684,0.012748479236862,-0.000152042181051507,-0.384013608941933,0.0861714449370315,-0.736590945495135,1.71060000010887,-0.179288371594242,0.0885608439420347,-0.416302523701303,-0.504513796688582,0.715484559783993,-1.00961724458525,-0.750940557582231,0.466024719523975
-0.0473822789564013,-0.847692109359142,0.0400996328183348,-0.0084026219435768,-0.0214419975827902,0.215110205557116,2.1378575536375,0.341527070844116,0.0549587120079617,0.0939258748310799,-0.275590215495178,-0.118161379716124,0.70371240941769,-0.999866929938702,-0.891201732971841,0.59954105951011
0.142219403780138,1.02499696014596,-0.0037569097377013,0.0029228075121599,-0.222873406533166,0.165380150873934,-4.33667630122882,-0.159525892920091,-0.12291951436074,0.031673165642498,-0.347448221895955,-0.0380405222682345,0.714747591773259,0.209977585233037,0.474658398033347,-1.0934432418494
0.217426144999127,0.360144644515192,0.00166252976951693,0.0092897232822267,0.504576513716477,0.164331268370034,-3.07987978162468,-2.4259806439804,-0.0013034360964137,0.00403824320978063,-0.308547517388719,0.0445309059544786,-0.83160938497028,1.8217722563729,1.13460849878154,-1.52328193864699
0.215410706887493,0.682647315024449,-0.01463655190918,0.0047677416614054,0.0324880700284821,-0.339800830339837,1.16794296802457,-1.94083203192102,-0.0099379515860558,0.0274437253209095,-0.212961899138234,-0.07785884010584,-0.0299190979268367,0.571015371933064,0.0833671318930346,-0.0429827227327377
0.198374298684875,0.822455868927757,-0.0828642645814429,0.000228338598058993,0.16122462885204,0.0415996837722272,-0.342345563436673,-0.690874865428999,0.0212866238320201,0.0163223728398829,0.180749679309331,0.252039432078736,-1.52403848338862,1.25283149367678,0.493204040863992,-0.0355917528164796
-0.0765137016250031,0.0232044848863029,0.0284294283552624,0.00490231741243798,-0.427891088126854,0.252144974875161,-0.412322592153218,-1.44755589881799,-0.0688846478482444,0.060549437358461,-0.763854663833485,-0.361523740467671,-0.105735893931114,-1.4802961154608,0.0821986156579639,-0.406822116163371
-1.36988200671638,-1.87848506390395,0.0727321399827618,-0.00334826751072086,-0.602972762007116,-0.0289686938641447,0.698363164884401,2.08603149535104,-0.0279419957442675,0.0189569220326102,-0.707191420551189,-0.318593717246784,0.118354781951898,-2.32240214794619,-0.801097466450544,0.63674705351041
0.124643149587755,0.0786364394943444,-0.0300282341001816,0.000855541539951231,0.222833993087493,0.0364311289323439,-1.023481097057,-1.59287294131224,-0.0138741297160889,-0.0362569182310653,-0.183255419423619,0.19381327492346,-1.55571399474911,0.0780494323442671,0.803648104154508,-0.977994167966069
-0.200223526966145,-0.730239192235054,0.0879522050603264,0.0103486872841317,-0.0708344064677914,0.228925792117236,-2.28122616273476,-0.252403938116094,0.109296143805713,0.0274201375195706,-0.465468434791023,-0.0786719549691714,0.996337229539489,-0.896537200234861,0.19539032820118,-0.287594781950729
0.205770913632743,0.0914011845187173,0.0337716886802438,0.00865618184305043,-0.300596691470497,-0.101579526753771,-0.729995608116167,-1.06783896707707,0.0437542890624482,0.0906940348307754,-0.602233404472804,-0.356267556309488,0.758794248376791,0.0470832089191289,0.281158722317787,0.00260433857088379
0.150929379468408,0.536783071697436,-0.00917463413439161,0.00880873203594406,-0.113137591164078,-0.20000039270739,-1.33772472442786,2.16472255865769,0.00430575098575101,0.0469669556056774,-0.0333493960914233,-0.0463276134459216,0.0910214529728368,1.30544815671752,-0.356187951063993,0.445108683216803
0.0621360376027403,0.19604391627887,0.0202135192358822,0.0163121988396102,0.0517318960869808,0.0494491664865341,-2.70221113115425,-0.50757392468085,0.0463184262312952,0.0176481644037291,-0.015246298269014,-0.232754036789099,0.770371097902538,1.23063442405293,0.71269741643284,-0.326012341548787
-0.641766108706792,-1.21260531290765,0.0494611979618065,-0.00981406775168412,-0.513328457201339,0.104696018107174,6.41745866954589,-2.07018802919359,0.120839115205165,-0.0342792171499774,0.573821611832619,-0.209721024752443,0.83454638865223,-2.18282051690751,-1.24192170282606,0.638361247305238
0.0989874030104185,0.195364661570739,0.00415566081334302,0.000365599345703417,0.302978419408313,0.191666280150529,0.415807443463293,-2.11216051526067,0.0918687361691182,-0.0221326415910209,0.109522776587027,0.193591081265025,0.061623366428023,0.637198725007742,-0.0538077498750284,0.0423036023457729
0.0761272871538424,0.486797388131082,-0.0368063384138562,-0.00197027291563157,-0.279327810478152,-0.10601014531489,2.41821440540676,2.29097356515174,0.0979380597115726,-0.0358925633480887,0.322810756229158,0.224035853720893,0.553078598426444,-0.0696692239094641,-0.998835656780527,0.822009872440876
0.254886557917636,0.725445233922998,0.00134252781293937,0.0102260141315014,0.0986395797946956,0.0248493475498052,2.94573234774024,-0.967723153533048,0.178890000797132,-0.0535810053481189,0.533847699570608,0.38179288373688,0.270411488219426,2.17219977846858,-0.211520394526858,0.724317200506053
-0.00226123903750891,0.171304039865269,-0.0671947742668902,0.00710743374541304,-0.291232091961764,-0.635413641484198,0.975329145837063,5.51907482798516,0.134063412415721,-0.0479734753662799,0.564344344025122,0.366714755527653,0.38252847644774,-0.582857747686999,-0.429501867705842,0.699474811014941
-0.208756751075347,0.715174797132815,-0.0160135968715943,0.0112806322261968,-0.659101126958364,0.104425032119279,3.0385652024623,4.99053559854459,0.105664169528195,0.0334157062289483,0.39722378430712,-0.0787059811593258,0.683014941396062,-0.594464892698992,-0.834050441669862,0.813371947857701
-0.410828274610278,0.37258809347085,-0.0282146180287179,-0.00513599142668756,-0.442212187024541,-0.794464224358013,0.57303108255795,5.07006878205486,0.0676327018133514,0.0127808388601439,0.0760088854270657,-0.075663870624947,0.204750484712526,-1.01129836956461,-0.584409814595126,0.722649951974978
0.214925518840496,0.186553524529993,0.0228099955496911,0.00503645421811865,0.606836420424903,0.275625734747753,-0.735859828139374,-2.72580951702581,0.0156557193705192,-0.0102153714137552,-0.0593361867101995,0.071877433381484,-0.712416758926015,1.82960961515343,1.02231648658855,-1.06909048942489
0.191878155915572,-0.254088458029694,-0.034239090944216,-0.0085485514116122,0.11804653194395,0.0512339867885593,-0.611885594894007,-1.08813004268655,0.0328726619425003,0.0266170553100349,-0.329639804821514,0.116233796100641,-1.34566303404328,0.112436615737536,0.292296650675006,-0.271991427630613
0.171485677454695,0.804302830379254,-0.0338835649431957,0.00577779921467399,0.067179900112541,-0.290246629020871,-4.06954297544502,0.209567813292619,0.0462506906906412,-0.0227976681481974,-0.0574971186038315,0.0149104985232132,0.400930396367552,0.669415307168302,0.7420694545338,-0.578295952032648
0.154574769934589,0.676628538606323,-0.0142265930907621,0.00333775749329714,0.103065848716545,0.0936542691824388,2.62128518877201,-0.617352185877102,0.0884780395587624,-0.0328490563168103,0.618167049686316,0.394108811326391,0.0343630608161854,0.899165106428827,-0.311460962545708,0.756189454472992
0.124828406414143,0.021563188327869,-0.00346748791209925,-0.00602185117756671,-0.177959843515298,0.0934370481785602,0.752845367318975,-0.771272049903808,0.00287881828337991,-0.0238442102731784,0.148991248761121,-0.0013138267844354,0.146382052677319,-0.855741522953627,-0.418202097305143,0.0836514558294971
0.142825939738484,0.858989578316513,-0.0474671407877865,0.000106969706782612,0.162293922484119,0.115234711399368,2.70826540736127,-1.35625641832887,0.114306587482065,-0.0402302093675295,0.379311465947684,0.267473291980211,-0.42783904247393,-0.502751524859949,-0.096465918388104,0.452222506124762
-0.00448274268826057,0.367508492913402,-0.052785074238268,-0.0102058033988551,-0.140057985577867,0.116824363282908,-1.11890449702793,1.97008380553995,0.0097902904243775,-0.0137843655572695,0.234373212073808,0.0653128901855207,0.917587379638129,-0.437761182530315,-0.389438672816872,0.452679715837582
0.0831660042232334,0.32684397377751,0.0279683966992769,0.0140619093551331,-0.126611168478065,0.197036593247528,-3.12527002246921,-1.57677834039225,-0.154962802658861,0.0163509009212159,-0.532802834276838,-0.281235373563722,0.462887565775122,0.328588614841867,0.507587325039927,-0.806954616599684
0.156407890612194,1.00108276421818,-0.034156074999263,0.00999880155158648,0.341674167138353,0.253309744956332,-4.01858984826741,-0.394550211586551,0.0326804875216735,0.00266721298749762,-0.320604162281573,0.0849356504075823,0.340555145867683,2.94075099890219,0.916228883578158,-0.609660987710829
0.0750992946110664,0.666195506514794,-0.0169539790477117,-0.00662004157571649,0.306821764002279,0.16436379131716,-2.83047701376729,1.7733547415724,-0.00352089507476188,0.00315242801120448,-0.19553394009231,0.107389600868813,-0.350033884747917,1.31234886595947,0.000162927411190547,0.191829082173784
0.176408506700497,1.08473549888473,-0.0136394560885456,0.00633160244741346,0.315744043294194,-0.126356702838659,-0.417028489291109,0.68243570389415,-0.00324094939684088,-0.033904576671688,0.425261738737689,0.255192191948109,0.191310263024451,2.43750840003168,0.0396276883701809,0.668211911125898
0.0299686756906049,0.693137875648296,-0.0488423281436035,-0.00493870991346469,-0.235354149165579,-0.035601602863763,-1.8626122611153,3.2330702460517,0.0105113236466717,-0.014948210949445,0.0921153265119534,0.0190734134167262,-0.357714300140455,0.131498829182894,-0.112442009425717,0.308496696434744
0.165713322631446,0.329532682641564,0.0139773173830457,0.00369522430611753,-0.0640771025717356,0.180065730720932,-1.64075582010504,-1.41832989533823,-0.245503958444547,-0.028216360036571,-0.0141593466672876,0.184758485802733,-1.10351959095751,0.17966150650145,0.10496285803032,-0.300217521767435
-0.833159595256191,-0.465620222457466,-0.135184283803598,-0.0119919391806979,-0.678103834550878,0.052121033610244,4.54461178156733,3.57490589990809,0.171185769206117,-0.0266297724363561,0.65975223268179,-0.143670394197157,0.896252871079923,-1.51532946663616,-0.955472930733032,0.785281956732
-0.0846936052142028,-2.20929777471332,0.0645455319653681,0.00187033377956312,-0.335903026924892,-0.128456445442955,2.22705209040397,2.36574430227264,0.18800487871314,-0.0608457161335838,0.716097176676421,0.481630555889694,0.873324111055388,-1.686027104715,-0.81791353182632,0.715658314961434
0.0880809226656029,-0.134993550810311,0.032698343734361,0.00135552098199262,-0.192678400008597,-0.674332926506129,3.9490203297625,-0.924090543626989,0.100763684892043,0.00453197022214127,0.379877263047119,0.114560737885821,-0.813176937140561,-0.269566801752021,-0.0706733500631227,0.564907706765368
0.117460782814756,0.506390756033086,-0.0348873554499902,0.00345128595792679,0.0390971436042574,0.194059982778558,-2.40208081498756,-1.105979561026,0.0772673020939874,-0.0382463773754079,0.107506912820017,0.256385923473301,-0.947862547268036,0.498431905233442,0.515683790740497,-0.74409580607737
0.257759825618595,0.603085205089162,-0.0650625002767881,-0.00588689680602728,0.354492433179324,-0.208833245036993,-0.459348807498613,0.115381240236521,0.130157723584099,-0.0399316960276284,0.499316941663891,0.336119230147151,-0.0734326828275539,1.14755785645438,0.791396490924174,0.23371137322173
-0.00632142264536573,-1.19390652996201,0.0619570987135487,-0.00954390933411373,-0.231692580865798,0.212219196496023,3.3157619660942,-1.47325630189467,0.00154428901654728,0.0629781128850986,-0.210883655587438,-0.338194119565301,-0.181929941600023,-1.36429559774274,-0.840706239992194,0.180468704046065
0.130976338853367,-0.75028723209321,0.0327162818955498,-0.0176398312761126,0.889162982229421,0.214448190158084,2.13279035893322,-2.24616317356715,0.138139348186899,-0.0410121511046286,0.290289045224472,0.32676719337016,-1.41531869950456,-0.321118457416413,-0.354236674024418,-0.578591183453091
-0.183846385530133,-0.441623346237162,0.0765599119007502,0.00236427333609845,-0.341381788708593,0.229999679295678,5.79672067274914,-2.51705631609595,0.0126932396275801,-0.0043518076977056,-0.199951919898755,-0.138153984439472,-0.245649214538522,-1.63088152473061,-1.11965120754143,0.380616875884309
0.222112185466002,-0.3501097058229,0.0319573818605101,0.00405053695376319,0.142793355091344,0.0471232911312952,2.84696899371256,-2.44298902849783,0.0288640090452062,-0.0225633564523171,-0.275746974771954,0.0741963842441464,-1.14034129609509,-0.413325711273261,-0.466368274718985,-0.296687807751439
0.252095039749285,0.879521794680022,0.00199293907049712,0.00827879186775467,0.400087104599978,0.187317234715994,-2.77138322364646,-0.678611670984773,-0.00612989004540823,-0.018241186025513,0.0119288024600767,0.27923819502734,-1.48837101021496,2.76868428137445,0.662133617320131,-0.296151239416514
-0.12961511826035,0.189195324031469,-0.0248386621034821,-0.00898533282097235,-0.429807770318603,0.125258177143168,2.04513350864962,0.67105769667681,-0.00789864292308644,0.0234721188290158,-0.0446610455256224,0.0686319358097292,0.545825772641338,-1.14841925610158,-0.690602343026638,0.473138561350167
-0.596702033304279,-1.23548780562649,0.0507613917948846,-0.00699778718778621,-0.521131339375341,0.101184960071552,2.67646166120486,2.81448713856486,0.0620715034867693,0.0614052346299833,0.216821889603615,0.161373476392244,0.432892729493022,-1.61978249658387,-1.26869693500048,0.862787850977501
-0.139167879622845,-1.35127464100566,0.0170563977718351,-0.0108282754242971,-0.133429761882939,0.179607696116299,2.17086801328155,-0.736093729353769,-0.228392831084843,-0.0147183408252854,0.444646704019677,0.0144078815492515,0.48280123196802,-1.07699115947106,-0.848313950006818,0.536490961011275
-0.133617490985822,0.474061346854345,0.00397064827634177,-0.00614228106933624,-0.403005065120368,0.184068843963345,4.20734673737838,0.512889961969019,0.081636204660337,0.0027417208883898,0.511512637223259,-0.120227797102796,0.756682881730512,-0.649303252037874,-0.583506916204386,0.788093383880288
-0.0941940385772912,-2.15904239138136,0.0649286119597125,-0.00371690132584483,0.59379598573581,0.223114540948907,1.29608253081324,-3.27176618537324,0.021749237602862,0.0377611899799218,-0.0349304639294592,-0.407439477685847,-0.167804803732769,-1.76829344988176,0.648946028891699,-0.446692847893059
-0.107419629691405,-1.79595949927093,0.050922683833683,-0.00846375311450888,0.283000426837982,0.272167313499856,3.54941875405057,-3.24525869729847,0.0286767692934225,0.0596392953160784,-0.274009042076754,-0.424073236223721,0.087922457787608,-1.97811539412333,-0.0903817216238279,0.400136293148764
0.025899628805609,-0.850240037112394,0.0537676534677801,0.00635203385330858,0.0795725436160478,0.00609895263940321,1.57251278731706,-3.16106220852767,-0.0690590617658945,-0.022436118656134,-0.493232502464447,-0.082802532880373,-0.891618022344342,-1.59370460238936,0.27778224786768,-1.35017372704301
-0.146596490148654,-1.45890857237308,0.0489507125296263,-0.00515722420885218,0.0323540727691953,0.214060675358688,3.01641484136322,-3.07165101556718,-0.0338026152569756,-0.016666133764874,-0.555363636010149,-0.103450667518765,-0.48387400728575,-1.95465639073585,-0.390388850537228,-0.620913882054993
0.133177493813521,-0.199691517130675,0.00689346598292881,0.00221373638613566,0.157055880014042,0.0188809328459707,-0.46584496480889,-2.53920713959536,-0.0607762113638344,0.011133055068504,-0.664568359291867,-0.0598749796970152,-1.00248672745244,-0.594545915117415,1.02225964609128,-1.4398423628576
0.179765858691705,-0.157011890363045,-0.00770162739279862,0.00416364598300742,0.175328740311723,-0.188458177787931,-0.842302786192638,-2.97425401962539,-0.0191991198101166,0.00226360986894751,-0.488055927580553,0.0329630172316061,-0.0209760194153925,-0.282219854183333,0.879683515051959,-1.04418553612497
0.185658946448128,0.22884920427614,0.0379192124560842,0.0141925794906518,0.335322808909697,-0.473999083216877,-2.5045926294444,-1.63501086478015,-0.0546383408982189,-0.0239538808192994,-0.000601522315212027,0.0283688454265529,-1.77045634451909,1.53214594192639,0.66822616768004,-1.20199689554075
-0.117375970087121,-0.200693970665765,0.04199159148134,0.0122070598109113,-0.0210855171218855,-0.136822267906129,-0.819004421872609,-1.82314512044959,-0.148797526545,-0.0108913653059283,0.184825968198117,-0.122282981586004,0.335662354169987,0.251992335334446,0.175506171191988,-0.55910508165614
0.1272796232561,-1.13726277743338,0.0938333300407997,0.0033140131934883,0.33497051913137,0.297234860016606,-2.09428489391668,-1.35394560167976,-0.153676318783312,0.0238277464418549,-0.327685474317411,-0.432946659776902,0.659685182786938,-0.964541956450035,0.405424394431873,-0.757304156628443
0.0204598487871007,0.625408578086885,-0.0217197800121836,-0.0120270931569913,-0.0326730904326699,0.201910038089354,-1.66822446688964,3.2651198054209,-0.214920463839669,-0.0340703095707788,0.311575828003544,0.243342636537418,0.507053372441648,0.383492594402322,-0.376126881945342,0.490497456505942
0.181475561594843,1.05254566518111,-0.0175890221499325,0.00148544345148443,0.705781905791483,-0.839001311324563,-1.84911982389731,-1.31827415635113,-0.183277301995106,-0.0496768084761841,0.519658185139329,0.395468093601703,-0.631301103553049,3.10378265119952,0.880974762391035,0.12795800946508
0.199466609411754,0.712695866266861,-0.098235315439458,0.00199582284851372,0.159181680686482,-0.340334473478833,-0.1055862117534,-0.829250002863944,0.0139580374932092,0.0356120227635948,0.0718873168970051,0.0144837494060478,0.745186539618891,1.3424443999256,0.471534285023075,0.278278665560545
0.176192711396345,0.500543491629603,-0.0420210503616429,-0.0050056066947226,0.3074570757809,0.211294947182346,2.61050095915086,-0.181995721746663,0.110778250811036,-0.016363133022681,0.625932517379459,0.224946072851067,0.898305682524722,1.90299618158029,0.0820510199618519,0.679538164315327
0.220566298935968,0.936480102594275,-0.0500445270130024,0.00524777860597908,0.481349339663682,-0.0262368796442432,-1.07198839498764,-1.11940941066177,0.0717080730704342,-0.00172531130943445,0.409819080859604,0.175999395378671,0.366775571290381,2.79503048083578,0.949107974458655,0.025470800282678
0.263567208863333,0.718559650527188,-0.0675633152652191,-0.00671672236298195,0.443569624601383,-0.134762856953511,2.1820705593748,-0.383952269103226,0.1731576763914,-0.0568042602855909,0.672609395149417,0.423763750371767,0.532473271613605,2.77236933935894,0.442786622718245,0.793576687080948
0.0972061627251207,-0.528505680689954,0.0178847086423219,0.0061316175806588,-0.24156953198372,-0.189872152923968,2.95294611031359,-2.2906300364035,-0.194307610041919,0.0734026211223202,-0.663237347775504,-0.292197362103958,-0.689925842295165,-1.25164774368965,-0.52376479835476,0.113595884507289
0.125037943758554,-1.50122953141798,0.0928063143439957,-0.0098076066646766,1.02476512805596,0.220912197803837,-0.117288112298788,-2.4674115806834,-0.0327966626296429,0.0313359529114572,-0.500901203615018,-0.693594597380307,-0.732086409507082,-0.903117093634499,0.356801471542487,-0.987739387906844
0.165209376508498,-0.272929288706722,-0.00689180696669855,-0.00484479561879557,0.169987781180712,0.231787804159471,4.14781313897029,-2.67604311471308,-0.02223052570873,-0.00928215196908731,0.0400958961748529,0.167147314319413,-0.979419256289597,-0.736447057484167,-0.773794571004007,0.240787155627784
-0.503073892123022,-1.95882411154341,0.0287883278052276,-0.0087486997763554,0.373964617242834,0.0668550224326463,4.31704808804499,-1.93988458841366,0.0283688570695829,0.0131952651937855,-0.290377650671235,-0.0423880768310622,-1.11681137884485,-1.97113603321812,-0.589623311083912,0.511095110598354
-0.0382674107903714,-1.8939602987694,0.0671395710371398,-0.00542878441375301,0.299023719246871,0.0498828514515206,3.39304291281177,-2.03700251228641,0.0304580131630521,-0.00482924726768553,-0.094668447589001,0.149013606824153,-0.560348656493405,-1.41566686182246,-0.558897837945585,0.106036324671412
0.0888005555578925,0.57048233380052,-0.0197823743279075,-0.00267455057890792,-0.26397918399527,0.1371295288493,2.7820941235763,3.38296015840901,0.113698344702043,0.0333520056895484,0.188663821550963,0.0484447902810281,0.581345222423054,-0.684615214781687,-0.537991351906654,0.800365799208809
-0.65749263695317,-0.995106360718744,-0.00218233232482549,0.00102317092454215,-0.668078215864441,-0.474294585811201,0.81404224198199,3.34460121557697,0.105927788602043,0.0967307230985683,0.202899421102789,-0.705353353175089,0.799758441586804,-1.36241400406053,-0.721734149319516,0.708284636392967
0.207725586210329,0.856911167125286,-0.111413196744903,0.00791501342408839,0.0708516082208642,-0.720586692234044,-3.80329735661056,-0.432244306187495,-0.100358782783059,-0.0172854748243853,-0.202404995959735,0.0403869579403944,-0.727155958292904,1.39823151576607,0.903699991174937,-0.604795661065683
0.121401884895795,0.648786757887906,-0.0178251344114582,-0.00485021876640907,-0.113263857002881,0.210164373412286,-3.84648064615353,-0.0373858871693355,0.0678296719001732,0.0272256123235728,-0.488977702024884,0.181074839890118,-0.909966281928888,0.280392791585045,0.417215297049753,-0.523669171948995
-0.0768392726038241,-0.452748333818173,0.0173101552558618,0.00612041737953871,-0.119465647773033,0.0823592217917365,0.796886270290951,-0.378051090656171,-0.00977222849034774,0.0496777758097397,-0.331778433870024,0.0167866164085911,-0.187743405841605,-0.747496046892221,-0.341873880012967,0.202027398854978
0.0587931579671133,-0.207417517547203,-0.0324016813740462,-0.0167217213977723,0.518285610672708,0.22774809213411,-1.46689949725217,-0.107654336528179,0.116618014330491,-0.0393182411228231,0.437721962798368,0.265123665897542,0.549796136729716,-0.42208007638185,0.405119713054514,-0.186836493027421
0.193120898233798,-1.23718288164814,0.0390469399480217,0.00332988058615104,0.352642516739002,0.290675115657629,0.238755906069897,0.0140002090773274,-0.165323518445139,-0.00431327549939505,0.258591809692665,0.13726291123147,-0.0197532826845493,-0.169487538069727,-0.273937850379918,0.332098530194527
0.10741439475854,-0.768424678896131,0.019544501841098,-0.0033354997517155,0.0510977333686511,0.235135889430919,-0.422782520767409,-1.10659659844687,-0.0856092569260448,-0.0238743395039442,0.254531826606138,0.175043339558462,-0.2134251043526,-0.254198024239876,0.357194073645728,-0.23812114068876
0.049265790304565,0.902696389743942,-0.0337925766720482,0.00724068725329169,-0.105359548921603,-0.48057905053242,-5.60513339926889,2.99364732450074,-0.0553891588407124,-0.0274724506934387,0.241597973598673,0.0407937017294444,-0.0428936551233072,1.44685382677626,0.0318638906502856,0.0405267405412393
0.219032290738768,0.706139415262523,-0.0251698003284556,0.00043967041913928,0.576223004848934,0.309208708670431,-1.16056237112049,-1.83913912896549,0.0654328755036821,-0.0553213212670907,0.294092220038047,0.388312719137008,-1.22395854647965,1.88614349256537,0.928989785733405,-0.779561961178008
0.176721043727559,0.654310031670806,-0.0221965989129308,0.00600072404185678,0.108705143025268,0.214749364146369,-2.99978787532354,-0.744132927496218,-0.174025211169178,-0.0298070091198315,-0.154925393886852,0.104764243752827,-1.24755303797523,1.19499942971799,0.234611948443098,-0.479691624171167
0.205066481712872,0.799386969638048,-0.0182655615777037,0.00661198744135291,0.769819345379283,0.28311898318826,-3.9150054001848,-1.32534179625671,-0.100661040229754,-0.0380677657513073,-0.00728980807393281,0.332782427302109,-1.70016431694897,3.12479054619872,1.09847404496105,-0.917431665734126
0.233002066817738,0.712299991532912,-0.0500964163865416,-0.00587961002180663,0.205380649611325,0.198254231698673,-1.35385619549257,3.93690436507329,0.15481676608601,-0.0526621379256203,0.658211389724347,0.413004066237523,-0.0656748030026471,1.17927443614324,0.221005765577077,0.684765043141588
0.0128784687953553,0.728939309768226,-0.0809037576846252,-0.0050767992429318,-0.314777797109902,0.00774838609063857,-1.95729698157584,1.7084028018615,0.087788129183827,0.0261353353801531,-0.13365956300779,0.0541244349333615,0.846983159425994,-0.433847724881559,-0.206287321691667,0.370969657702177
0.144970201974835,1.09783027449187,0.0100921268583031,0.00103666190085894,-0.122789028150294,0.185664269478751,0.771871598489079,1.23007825581428,0.123645181827546,-0.00469760032065253,0.378652057778235,0.035828231557435,0.244674622014095,1.14513804647162,0.131921333753518,0.537145957038684
-0.228810221740968,0.0620859059953305,9.98597891343298e-05,-0.00368628955967011,-0.505404597008119,0.0906295418301286,-2.67217521023723,4.32138849610904,-0.0581438627333201,0.0254524001221978,-0.131312306452991,-0.344214695008816,0.652528362171334,-0.942934809460523,-0.584929852706689,0.460378776624248
-0.790506794281601,-1.26002465180292,0.00650359380536499,-0.0266646424106089,-0.518956055530818,0.0677702075177255,1.12403406957249,2.04076469706757,-0.0146670406998796,-0.00056887189906783,0.165940302272217,-0.33744179685386,0.866421395039158,-1.74330474724895,-0.65808026480242,0.618173305202509
-0.241673469184584,0.0574086308304037,-0.00139631392943253,-0.00125082620608155,-0.577390655551641,-0.0100004711097343,-3.29803563600144,2.58932225386228,-0.197912642011318,0.0319315624043618,-0.680908169328172,-0.72839544698361,0.53338298754055,-0.845020684061287,-0.146691517298493,0.103518694838294
-0.0438891014308644,0.945485110999587,-0.0452635894674582,-0.00489603630328061,-0.000817355067575254,-0.412275660669078,1.67432814444948,4.79938703999123,0.100621633102986,-0.0338287919130055,0.617059629386372,0.356590623654525,0.195757027423698,1.21343824896625,-0.132891740042338,0.744077008520485
-0.0963353311027652,0.722765070090456,-0.0741074776272275,-0.0102037415150512,-0.1566052363295,0.172609798070007,2.7410106797918,5.21640742706058,0.070579955056895,-0.0351181791411497,0.626464764567705,0.313088056565762,0.786242936297927,0.0912699246546209,-0.428732398381673,0.97122025457739
0.206878035621753,0.529399532837656,-0.00402409802339877,0.0129621034415098,0.0361287202696419,0.104225958360279,-1.95368618429406,-1.56820426881424,-0.0786438931993094,-0.0237040969885866,0.105550431350547,-0.0246760402787432,-0.45134852553844,0.832990687477148,0.333466224085633,-0.463088383069507
