"centralization_degree","bridges_ratio","moran_i_degree","getis_gi_degree_mean","rosval_mean","orientation_entropy","d_value","c1","c5","c7","c10","c11","c12","c13","c14","c15","c16"
0.0104294517424623,-0.0458792266491634,0.0580353927590458,0.0325892618122517,-0.349591512647266,-0.219543301584617,0.642816340756588,0.000215606359428505,-0.831912224657361,-0.102768072511148,-0.24566211342341,-0.480439127166274,0.0204616826970024,0.796972446872172,-0.521951752618429,-0.3616872101822,0.10779638313249
0.23675695842499,-0.128540950471937,-0.0375948392031218,0.00583188470020517,-0.104033934188231,-0.491033227420343,-2.8409835557979,-0.000584794371489371,-1.37298327052339,-0.00630667078746449,-0.676620736654826,-0.523162785258577,0.0200166890335437,0.882417092021125,-0.373672582312016,0.659390445250629,-0.674181371731186
0.178519485792558,-0.151892727457048,0.0813991485646494,0.0179264730794882,-0.0647987478044061,-0.595957974541991,-3.86886465635968,0.000147052440854327,-0.751374201330152,-0.140485012248668,-0.559681390471324,-0.900155092527926,0.0223002833203225,0.678132336518214,0.386531107105927,1.34968452553936,-1.48953881892932
-0.0887518851884026,-0.85362112759329,0.0926319124448399,-0.00900362780693063,-0.181827912418919,-0.168484701397575,-2.41041049106205,-0.000147796329253476,-0.178101789764989,-0.0868619497587491,-0.092353110140939,-0.412584072887088,-0.00148886641909137,0.407105705447906,-1.02216793065146,-0.192761596036782,-0.269773859142628
0.228721549730465,0.59264257328119,-0.00150925520639528,0.0960071574817691,0.0534133118051473,-0.0215729833954902,-3.01676213994114,-0.000145258467455125,-0.659041422229178,-0.0704266704561598,-0.374423076816138,-0.380303138269414,0.0191580159113527,0.788786164658887,1.36103969097349,0.430913229406263,-0.22117717853363
0.193086877489214,0.468305694670929,-0.0125385848233469,0.0562077258127597,0.144026819705227,-0.860443498122173,-2.18090896368192,-7.20226263828192e-06,-1.96271829594056,-0.0662850258500115,-0.271398636100325,-0.287655157939327,0.0158800538816975,0.693952328761593,2.29152910316996,1.34644123870305,-0.7925157436409
0.096401077900145,0.381086015023351,-0.0144830009129602,-0.0249642942003135,0.22017105792934,0.243754909679809,0.732863126885657,-0.000474729221381958,3.10359155072077,0.160097005329565,0.541493701780958,0.497009155027414,-0.0267342849905826,-0.29624871990516,0.23601168532507,-0.0667024954295278,0.708953186444754
-0.127332700359954,-0.0685192896156935,-0.0299027813039856,-0.0885512791722565,-0.354963345874262,0.137431819856861,4.32538748579719,0.000383765304659817,-0.141628414988025,0.151808284093732,0.312832438844215,0.340022597625732,-0.00335253135779736,-0.66133004478086,-1.5583981100058,-0.983561460960742,0.646149767786771
-0.681817495788887,-1.20199173668117,0.0774232758341116,-0.0217148890484399,-0.158966325376069,0.242815878568464,0.499103833967823,0.000399092845836896,-0.541099433302219,-0.00974181981865792,0.511445642328098,0.450305163995982,0.0192067250435027,0.812295733820159,-2.13462258238833,-0.687356637785778,0.339800937713807
-0.245264395904199,-0.218879836712955,0.069313433111716,0.0191988516968081,-0.410927220122319,0.0372137143815267,-1.29826699281435,0.000140206450003984,0.638323792930014,-0.254335397773089,-0.386437669916204,-0.321753865441289,0.00934739404155309,0.382999299275921,-1.40216715351935,0.0152210641665446,0.149174760385426
-0.0950228161689285,0.539268787208122,-0.00986332955913728,-0.0183672968294616,-0.329335780358022,0.0977829306972248,-1.16621532041651,-0.000420714937347655,1.98394462298683,-0.025730050896777,-0.152012902655516,0.0774135165670921,0.0032838464335043,0.0372939971099308,-1.25017353994501,-0.342330124034051,0.0438999962900403
0.166401456180739,0.824554630292315,-0.0275369813604779,-0.0148455706278404,-0.20016764394477,0.13390543763444,-3.80452240312655,-0.000308365940657525,2.5081917349081,-0.194512562939557,-0.379392969455713,-0.139702713688311,0.016855370959868,0.809981573853865,0.496545661863784,-0.0155929734338298,0.0210546517998352
-0.21886982373833,-0.0410362528115728,0.0189208070632957,-0.000626309941756564,-0.348742135700263,0.0785698317134026,-0.726180050653275,0.000105093464567103,1.69355633685859,-0.198034150350795,-0.348651970169238,-0.60551278180192,0.0129057301080101,0.70769519573921,-1.0027079710731,-0.739757604692003,0.542566846512828
-0.058696117079302,-0.796355510812113,0.0594899775023787,-0.0349588518504828,-0.019458124916328,0.196025699660373,2.13453441373623,0.000252821687505357,0.340950705634008,0.0607310675010935,-0.23087651967863,-0.141629364255871,0.0154508182668783,0.696015750095811,-0.993979251240935,-0.878102543877909,0.697353189895338
0.175845371504662,0.963191725879675,-0.00560107152885163,0.0121469710663559,-0.20237961310129,0.15073343786926,-4.32474673181252,3.17785079425383e-05,-0.161645821722148,-0.135822436710202,-0.290754531657422,-0.0460154665458011,0.0195453987467463,0.705926512827084,0.207010483182892,0.467494198676625,-1.27197448081681
0.270441405867292,0.340098232572759,0.00245579744829814,0.038648790859676,0.458616918994027,0.149941669264332,-3.05219167401904,-0.000463432627156167,-2.38498527019191,-0.00142550767507799,-0.257892831732609,0.0534614599177923,-0.0186098837691257,-0.820883470998242,1.81694505655438,1.11910888692038,-1.76955696740526
0.266663867585314,0.643049790701245,-0.0217669096775377,0.0198038564179883,0.029918427587597,-0.309395653131465,1.16174830590417,-0.000201129181958666,-1.91503369553173,-0.0110370703917322,-0.177339951243474,-0.0943945543523008,-0.00386710017083173,-0.0294699839581148,0.568042991339487,0.0822618522415614,-0.0532994740596535
0.248606061589326,0.77138856367453,-0.122814667810228,0.00101355838744888,0.145801992045914,0.0375183586990993,-0.336671081411113,1.51663783929209e-05,-0.681625177450236,0.0236056343519085,0.150070024809302,0.303561394244036,-0.0274518139467525,-1.50623846882795,1.24811584446504,0.486081842226233,-0.0365015192954707
-0.0949998367229778,0.021513249898462,0.042177810382106,0.0204057939677607,-0.388728533595855,0.229709830081493,-0.410480916899681,5.44818130947176e-05,-1.42923913969526,-0.0760843038380288,-0.639910979184907,-0.433877768964761,-0.00175189675144679,-0.104523990199642,-1.4733686996308,0.0809895382462436,-0.47213932321182
-1.7047340040618,-1.76579110470464,0.107855628780251,-0.0139442905130124,-0.547720164980285,-0.0264223948467813,0.684172275585738,-0.000240959591479804,2.05301024107646,-0.0308959445185547,-0.592188598608463,-0.382799507734357,0.00442423080331728,0.116216407030027,-2.3144944407825,-0.790035909005983,0.738199450081323
0.155255756855941,0.0739192370485521,-0.0445182116764222,0.00357406170271505,0.202355163531529,0.0331758777511838,-1.01301012046443,-0.000467851368993177,-1.57007186780955,-0.0153005450655049,-0.153693347409528,0.233035901007434,-0.0312639277882097,-1.53734356973619,0.0791287923198554,0.79236526823861,-1.13472648969188
-0.249210976107372,-0.687422853677048,0.130451244855286,0.0430639304962026,-0.0646435427274316,0.208450043123254,-2.28419535679307,0.000163721528746688,-0.256346487459098,0.120711186320368,-0.390142291315142,-0.0945703454290668,0.0222207942659681,0.983652855436805,-0.894919955471612,0.191920075020239,-0.334723329282222
0.255455574983109,0.0844769576234572,0.0500786737638695,0.0360136207670413,-0.273233566230054,-0.0926943603246643,-0.741237742109297,0.000192861715430313,-1.06586752494249,0.0482989512246419,-0.50456963383407,-0.428070644182971,0.0202685068875823,0.748825773173327,0.043698184947822,0.276203212122082,0.00157493238272908
0.187993452270319,0.504968569901981,-0.0135999638325025,0.0366583265622696,-0.102677657077848,-0.182185301577424,-1.32534858984278,3.26024610938795e-05,2.14274501448291,0.00477389466553617,-0.0278655381509049,-0.0554589846086022,0.00270769653449377,0.090538736145131,1.30162928885532,-0.350680881085168,0.517711354927974
0.0769752112668334,0.186503420463816,0.0299368420614338,0.0678564653487066,0.0476652684984973,0.0454882216469638,-2.67495340710905,0.000254681771622681,-0.490183033718459,0.0511515091809658,-0.0119070194245027,-0.279760277774406,0.0135045141326762,0.762633567905876,1.22847847034742,0.703539131082726,-0.3798623186461
-0.798479762171792,-1.13952014981,0.073358920094299,-0.0408392627003217,-0.466251727280883,0.0954046875627856,6.38903062126953,0.000480369622984542,-2.04420710068537,0.133479803757428,0.480618358562596,-0.251841874800032,0.0206330719682518,0.824788652535641,-2.17282150608996,-1.22404718504169,0.741425759364159
0.122781879441661,0.18297049591347,0.00614859342128503,0.00151277807209683,0.275113307352833,0.174611734155378,0.404858160692921,-4.55468126677673e-05,-2.09121389942487,0.101454079464263,0.0917162144451941,0.23218264307036,0.0105868813019085,0.0602272173999445,0.631558288121858,-0.0535581805491518,0.0481776432115054
0.0939214259763784,0.457991854924195,-0.0546302581313272,-0.00821663168533716,-0.25349330730222,-0.0965057676897326,2.40336654683334,-0.000252692714261774,2.25982709926002,0.108144993567371,0.270852638181771,0.268387109854506,0.0097795740363595,0.54640138313496,-0.0704863730652721,-0.984562384584223,0.952446884839419
0.317059471253173,0.681606654558409,0.00198837222580183,0.0425505973081107,0.0895778780511689,0.0226350144469687,2.93105964630538,-3.26987474446302e-05,-0.956656554529684,0.197603023513672,0.447109838845569,0.458327049576105,0.0158067866567512,0.267130964009128,2.16160499737463,-0.208560921905602,0.841260518424951
-0.0028991744363268,0.160158190746202,-0.09966755947444,0.0295753069655966,-0.264665060432802,-0.579100701165271,0.963351335646016,1.26899326016321e-05,5.44307379701682,0.148081284679955,0.472477511752929,0.440173750814197,0.00212297699432071,0.377404141406893,-0.582257631854277,-0.423767200826035,0.812238926799014
-0.260083671136791,0.672830258372379,-0.0237844691091404,0.0469281759849961,-0.598493837583155,0.095236353803225,3.02558295836251,0.000329067496666096,4.9273377161183,0.11670259845844,0.333089134267544,-0.0947348273103467,0.0186423050238904,0.675151014310518,-0.591656853389157,-0.821943792578952,0.943911676700563
-0.51099304447477,0.34842128921162,-0.0418410878260838,-0.0213635317411217,-0.402001191465404,-0.724083051996428,0.560337230332795,4.63575775443878e-05,4.99361353592665,0.074703778498036,0.0631707316842187,-0.0908084282624513,0.00181036346921837,0.20142092132799,-1.00929349500849,-0.576704110203121,0.839529670155959
0.266727433663599,0.174942862020463,0.0338126844631115,0.020946918857887,0.551185041503759,0.251150756859439,-0.74202064108186,0.000265278560798814,-2.69623315324771,0.017265338569688,-0.0495772389447021,0.0859470697975478,-0.00979362542918549,-0.704757640831384,1.81933106533098,1.0071233374159,-1.24340200510928
0.238037775466218,-0.238073306496237,-0.0508312709471009,-0.0355924523755743,0.107401193358837,0.0468299819557511,-0.612172201080242,-0.000319590445127849,-1.07498419184374,0.0362751565185061,-0.275564404534797,0.13896249608888,-0.0378943959594982,-1.33012837200712,0.111301926572758,0.288014646435173,-0.317887848306856
0.21260454628755,0.75803913871241,-0.050303094651322,0.0240075066487301,0.0614522974530084,-0.264121525220448,-4.04430433171018,-3.95001004143349e-05,0.212804396241656,0.0510554906721465,-0.0471885531491769,0.0173826856316345,0.00564903318884294,0.397069434758512,0.669086421258215,0.731974880239827,-0.67370162739398
0.19227101329266,0.635257573246461,-0.0211025316017616,0.0138893043891367,0.0935308173650962,0.0853006278890079,2.60494596947024,0.000337961780986878,-0.613310105792643,0.0977290176808091,0.517624458619636,0.473119800114139,0.0118989185623718,0.0336190218712162,0.893597932053642,-0.307254090078101,0.87822362816962
0.155215952959664,0.0208626725077236,-0.00515536997281426,-0.0250645101182752,-0.161516082251802,0.0851899162496225,0.753418768498093,-0.000424141791374374,-0.759163465245814,0.00317549199467188,0.125013585022862,-0.00167282302783183,0.00747719215844254,0.144953217230935,-0.850955404732585,-0.411971160535394,0.0968513759682181
0.177479432493201,0.808620883630783,-0.0704263722621261,0.000431779425149954,0.147681859285041,0.105126683247981,2.70211589680803,-0.000292384485194021,-1.333474163869,0.126255572484239,0.318150602948481,0.320900607849339,-0.0169890108735692,-0.422273939288894,-0.498988598425207,-0.0946844965996451,0.524209942585856
-0.00531900983443033,0.344721617253005,-0.0782750651086382,-0.0424566348261644,-0.127445335134663,0.106335430736875,-1.11709560645912,0.00029953234820056,1.94185724695313,0.0108256589093411,0.195915947469306,0.0785938016321519,0.0195041260738653,0.906542945492025,-0.436437554099739,-0.384040666718147,0.5266761599799
0.103682098758512,0.30709476694482,0.041500797671696,0.0585228917775611,-0.115041984710679,0.179518216291218,-3.10848467191617,-0.000308211061360695,-1.55473014629833,-0.171157823025861,-0.446406523393193,-0.337463493902617,0.0119196166604021,0.457733044871187,0.327893144530615,0.500417618809349,-0.936736380539901
0.194151526497895,0.94274897452982,-0.0506977689394852,0.0415802871018427,0.310852878699387,0.23103464925114,-3.99378605285307,-0.000301429047039524,-0.382790262624448,0.0360773699307521,-0.267675126343777,0.101559244918902,0.00548356456087365,0.337340456146041,2.92898979879159,0.903528585212275,-0.709916844403026
0.0932474007470792,0.626866088774356,-0.0251654735369238,-0.0275629481877064,0.27889306204513,0.149889840819507,-2.81651975787075,-0.000559741597766254,1.75289635817456,-0.00390848050609585,-0.16334650522609,0.128682316823187,-0.0193038907441033,-0.345746306974328,1.30687252612811,0.000405233240236919,0.221799340342879
0.219693426644151,1.01806997095632,-0.020216661798424,0.0263584823226564,0.286512768679375,-0.115281541272152,-0.42445405689653,0.00013454737507662,0.666743584944587,-0.00357499981924552,0.355714117867009,0.306588227464649,0.00771212544191477,0.188434920679789,2.42417119821433,0.0385721654913475,0.776898312771839
0.0370427565057206,0.651945833304334,-0.0724639803873706,-0.020565614096049,-0.213610529994711,-0.0323718887833973,-1.85226400789792,0.000152300958959427,3.19343780093463,0.0115966411778236,0.0774949666167441,0.0226619148520101,-0.0069399806310446,-0.353364451197908,0.13130577057315,-0.110682408964471,0.357492057931952
0.205243427130096,0.30974372012485,0.0206726870283864,0.0153524111367773,-0.058079031592126,0.164132780556184,-1.64408798089921,-9.60637146202812e-05,-1.40555178781544,-0.271244787546804,-0.0114097455087059,0.221063387188527,-0.0188982119185488,-1.09159290443,0.176005049922502,0.102895747758245,-0.351507061012664
-1.03703899578292,-0.436447104847899,-0.20054739061542,-0.0499261528460656,-0.61571557805329,0.047653392383206,4.52409280841826,0.00044607482507322,3.52946037468229,0.189064903176846,0.553075086583258,-0.17293282721952,0.0247732976915564,0.885854838843117,-1.50845518416431,-0.941640154746766,0.910862427502104
-0.106209891676283,-2.07744524596368,0.0957084264556049,0.00776948918658938,-0.30527622151056,-0.117137847789107,2.19547067493659,0.000526741188832413,2.32270183485323,0.207634339422283,0.599738419003141,0.577728606469976,0.0226707396486041,0.861914635486006,-1.68257578824514,-0.806927259066571,0.829186742900554
0.109253036345968,-0.127109586193003,0.0484783176171222,0.00562817881147946,-0.175009782629207,-0.614473107815262,3.92515050407792,0.000291665357718544,-0.916431283867611,0.111280304417774,0.318248846794413,0.137234959206902,-0.00875417204999007,-0.804295453268342,-0.270284480232909,-0.0699656448635878,0.654952558028819
0.146812212678745,0.473243527416836,-0.0516968523843194,0.0143900600457101,0.0350000659537838,0.176455571584345,-2.40107616270951,-0.000214805906009543,-1.10097093681902,0.0853852842298295,0.0889449758960381,0.308383476118797,-0.0115931553122891,-0.937801549019014,0.49360344035749,0.507502409795228,-0.8625078220074
0.321402402510452,0.565678511795994,-0.0964752923094583,-0.0244777624806179,0.32170319579098,-0.190544717527049,-0.464253006921364,0.0001116608384658,0.108310372230995,0.143794230781615,0.417573756121919,0.403954699895198,-0.0123068217691435,-0.0732065852753024,1.14032517494028,0.779538883690595,0.272649812242551
-0.00832523619801252,-1.11916046733178,0.0918577530013814,-0.0397471536870609,-0.209987453291849,0.193731829644963,3.31118476309589,-0.000285715699822957,-1.4457017994845,0.00168572161272907,-0.175672596279917,-0.406432921128507,-0.00829936079638525,-0.178627259607433,-1.3545259559546,-0.827801574407992,0.208369642288885
0.162857946256564,-0.703380330459006,0.0485131699902749,-0.0734098470822213,0.807918823074487,0.195639093289367,2.13544802871939,0.00019235284255476,-2.21067240798159,0.152600711450742,0.243603204527188,0.392261290526773,-0.0103243871422909,-1.39780620673057,-0.316432392827514,-0.348350163747791,-0.672261556741401
-0.228353253045156,-0.415947608977394,0.113587554013052,0.00986158793218884,-0.310347313972228,0.209466754012524,5.77023927680443,0.000194926805880593,-2.48707309412078,0.0140527413384284,-0.167967546802905,-0.165459749623987,-0.0170209486889533,-0.243075926197419,-1.62375634620149,-1.10372807393032,0.443735007380167
0.276192590391793,-0.328689751091272,0.0473927515117798,0.0168490528548794,0.129781423382929,0.0429880882713844,2.83522422331551,-0.000307903066643484,-2.41112273860897,0.0318760306212315,-0.230790542923139,0.088975382815506,-0.0392442866179406,-1.12699547322927,-0.411207664922964,-0.45957799414928,-0.345133829787829
0.31284734236736,0.825346105055552,0.00292609892557944,0.0344301365921356,0.363212872715331,0.170610595394486,-2.7745519144188,-0.000211072879308059,-0.682735437915149,-0.0068219069146819,0.0099587355427486,0.334661166612226,-0.0355006114641276,-1.47255190621742,2.75123049705068,0.651532327715545,-0.346121908994125
-0.162160125185807,0.177570269414349,-0.0368758215651148,-0.037410048638762,-0.390370126426099,0.114151020185266,2.02881274874837,3.08777471576873e-05,0.654827542885642,-0.00876154514501964,-0.0371777375233091,0.0818761026474073,0.0137054605700599,0.538784805746258,-1.14551416745492,-0.681182778167236,0.547497166685
-0.743243293304591,-1.16083339250934,0.0752494881876507,-0.0291382939072309,-0.473199911136201,0.0922629776331767,2.65732270513763,0.000225303104459813,2.77461586684274,0.0685304708282573,0.182006833261243,0.193098143326997,0.0095834882278337,0.42726422296328,-1.61418183554742,-1.25074831731665,0.999964699966244
-0.173370017863851,-1.26842452977106,0.0252719170140997,-0.0450728751592784,-0.120805118169343,0.163869115619109,2.17181273024709,0.000238655399949577,-0.719952642656962,-0.252301305241207,0.373016579973874,0.0170512040490261,0.0188398137937173,0.477850041667323,-1.07003696417664,-0.835455037097781,0.622415549659445
-0.165721244138134,0.444732601419187,0.00591935919514066,-0.0255341840321539,-0.36623826558038,0.167611558788378,4.19074394423554,0.000497355915567305,0.506562942628561,0.0902121631460166,0.427917599780251,-0.143883785656187,0.0189076792777587,0.747917273934629,-0.645810278460149,-0.575086559540323,0.917456244863608
-0.117797908416971,-2.02908001642822,0.0962720501252398,-0.0154917597066703,0.539389637555328,0.203331260679392,1.28212292842014,0.000428481631076538,-3.23739877665148,0.023977291290894,-0.0290133829512268,-0.489711305236328,0.00642176307303064,-0.166561464385586,-1.76251136884929,0.639063338765266,-0.521151695716267
-0.134027059387753,-1.687804191781,0.0755088611719975,-0.0352271937964222,0.25707324841317,0.248022905245871,3.53038826567375,0.000340929878224483,-3.20644324921391,0.0316555592957744,-0.22935954251187,-0.509364562308225,-0.000871485085433482,0.0865440402895212,-1.97008256011442,-0.0893172354701728,0.46380388177912
0.0324207821666189,-0.798615139928035,0.0797585846117833,0.0264369433146699,0.0723130297928789,0.00558044142407529,1.57086082372835,-0.000672020497178331,-3.11752717876286,-0.0762715413015517,-0.413105286680708,-0.0992230607910297,-0.0257488845016828,-0.880912214696897,-1.58455382552413,0.274035691490726,-1.56778768036113
-0.1826770382133,-1.37094425478701,0.0725871484771901,-0.0214713864077227,0.0294315101935375,0.195080282611385,2.99975430960863,-0.000394306865554955,-3.03456375793614,-0.0373631307420847,-0.46498060486128,-0.124463521525499,-0.0140700655000987,-0.478472739532351,-1.94664957805788,-0.384905150535658,-0.722425835449032
0.165809675896926,-0.187311633392887,0.0102338655832391,0.00921567188828213,0.142686437538411,0.0172352261214052,-0.459173848508672,-0.000380816538537394,-2.50303350993443,-0.0671181694941209,-0.55659592054578,-0.0717426731053496,-0.0271320667528012,-0.990428836499329,-0.590508385332303,1.00777586379126,-1.67216415898706
0.224005665301603,-0.148012935640687,-0.0114087908937787,0.017333303195195,0.159137829438785,-0.171781264151473,-0.839343337407712,-0.00028429553372711,-2.93720798557958,-0.0211960594125274,-0.408998497029068,0.0397723930098949,-0.00244200268041942,-0.0208299120509145,-0.281095546692078,0.866926069250733,-1.21242925700298
0.230195423575587,0.218354865821742,0.0561656652810615,0.0590203938938086,0.305465501507796,-0.43146147134439,-2.48080143773923,-1.63909728442137e-05,-1.60061074740499,-0.060404826508502,0.000942696881039473,0.0334173264318458,-0.0255700775484784,-1.74836147720372,1.52882638279273,0.659750918738491,-1.39877381515336
-0.145288040030617,-0.189604219659042,0.0623240547513868,0.0508283517699136,-0.0196112513938027,-0.124936104905822,-0.814777443307447,0.000119520383214133,-1.80053936000554,-0.164319248170275,0.154163720309698,-0.14617714419816,0.00515334054829959,0.331698053427665,0.250986581538362,0.172886417932343,-0.64697275304507
0.158698750794672,-1.06809565231448,0.139189359412361,0.0137943727328929,0.304385166695327,0.270922316249033,-2.07643607117151,0.000168368958440664,-1.33009898761376,-0.169728954526465,-0.27437703200972,-0.519546691619142,0.015093888032955,0.65264684475149,-0.957166769543526,0.400140764794439,-0.878853633375296
0.0258637200366873,0.586526524065028,-0.0321848188943071,-0.0500289453560256,-0.0299775237933992,0.183804833401637,-1.66404909310377,0.000201796125886813,3.22028116373577,-0.237385226824135,0.260422114259281,0.292756048602276,0.017415094131267,0.500910820237065,0.381073377054493,-0.370929386272262,0.571555856139364
0.225847635667871,0.988317481759408,-0.0260817185444822,0.00618955578707004,0.640799991074976,-0.764612135311555,-1.84727301745719,9.87867594302394e-05,-1.30649086469622,-0.202455907128465,0.434881842128909,0.474877428053992,-0.00119349862594621,-0.62438550870845,3.08780162656937,0.867911806317885,0.148868201250891
0.248552497381642,0.668873121610842,-0.145672845107103,0.00832494785238008,0.144401366997254,-0.310222582561281,-0.105030333566278,0.00025545609144403,-0.819481964522796,0.0154472249734237,0.0597587563296003,0.0177417107216541,0.0142090197288468,0.736455477774063,1.33619185817537,0.464666949963547,0.324612856343639
0.21943643928264,0.470374509600685,-0.0623162886156923,-0.0208234268848011,0.279238822250827,0.192519225817049,2.60235159279508,0.000453853639607143,-0.177832728753957,0.122385892333314,0.524123196441276,0.270235169938665,0.0205089915095818,0.888107485679716,1.89481383157554,0.0810209425153772,0.790297451192346
0.275103858848466,0.879588007157908,-0.0741885888412393,0.0218646922827615,0.43698453846741,-0.0240215326147807,-1.06246698396984,7.58301805558141e-05,-1.10255901397682,0.0792534229394272,0.342808103375597,0.211857629328882,0.014804141201001,0.362811087647143,2.78332291309026,0.93561467820875,0.0318188322392742
0.328075173301552,0.673927340166897,-0.100196493234525,-0.0279366913360059,0.402552040399979,-0.122998726875384,2.15866558176521,0.000488109537780458,-0.388580848073352,0.191276116518203,0.562756262683577,0.508902168097651,0.0127263403035839,0.5252083506452,2.75591634689216,0.435625268987601,0.922285498966833
0.121039502576498,-0.496241881288998,0.0265347987522497,0.0255169894609635,-0.219331424504336,-0.172975701714245,2.94706403981143,-0.000428411768726593,-2.25747858284593,-0.214626187387999,-0.555415370194854,-0.350709694288215,-0.0289650069833842,-0.681319496376936,-1.24421963407446,-0.51586447458068,0.132537534127522
0.156616071653451,-1.41193027724919,0.137706958027727,-0.0407786616155179,0.930432433613014,0.201090126856821,-0.11407584641267,7.43539109964181e-05,-2.43535680723089,-0.0361693171469101,-0.420132788165428,-0.832158285107828,-0.0274638179314856,-0.723500086067292,-0.898276800861634,0.351666378154819,-1.14491153865043
0.205642056638488,-0.25563379571681,-0.0102180729470914,-0.0201590128566726,0.154560920409379,0.211320650572416,4.13947369755928,-6.08330346742938e-05,-2.63399668442811,-0.0245378454639165,0.0337562718894403,0.20084571820008,-0.0205998501247004,-0.967291923474458,-0.730680055313885,-0.762098422617933,0.280325393940649
-0.625247530775412,-1.84247051884921,0.0427366156912513,-0.036378931593421,0.339305723197163,0.0606499932152605,4.28984533362721,-0.000225973412552024,-1.9218543328572,0.0313514554437729,-0.243851803685613,-0.0506128512774198,-0.0431105226164037,-1.10469399954096,-1.9645205296753,-0.581711798421098,0.595243597151305
-0.046891926720849,-1.78047634427876,0.0996609763891307,-0.0225497427482794,0.27127251014867,0.0453133516882674,3.39196750336884,0.00013728754289499,-2.00359139091515,0.0337174617599176,-0.0801208138149234,0.179964463492162,-0.0400554113675481,-0.552956415991082,-1.40565643550096,-0.55039927345552,0.126553884957768
0.110429058545375,0.535831143734183,-0.0293456321440238,-0.0111298790905042,-0.239801152954253,0.124931334110966,2.7672314211342,-0.000169383553773176,3.33781596057913,0.125588516065601,0.157976741507395,0.0581107405025039,0.0140193142442413,0.574337639590633,-0.682097879752632,-0.530366350146344,0.929567482997657
-0.816952412195271,-0.937041238513346,-0.00315174410347016,0.00432297841522375,-0.607445800246745,-0.432583103844127,0.810791468170155,0.000173577428041765,3.29961253963564,0.11710282848758,0.168895525091076,-0.845806504181817,0.0125347043085699,0.790255729515006,-1.35602920319062,-0.711564743055691,0.826700968340014
0.257326158499518,0.806294268385142,-0.165312764032888,0.0329016283482921,0.0646664831041281,-0.656412506081999,-3.79282891651649,-0.000398848789978585,-0.428732810508553,-0.110917005790661,-0.168659893079074,0.0477262135484825,-0.0149259817130098,-0.719006331166534,1.39046040628205,0.890534416334207,-0.706156140787493
0.151058578853224,0.608213046280279,-0.0264310096944458,-0.0201753109948917,-0.10318692051937,0.191281499672114,-3.84255977126757,-0.000158914140920811,-0.0469822501224008,0.0749154978117708,-0.40996156607871,0.21738310937564,-0.0222513200310121,-0.900566637909516,0.275837655711141,0.410443037936556,-0.608619966949172
-0.0953245536288055,-0.423874401196307,0.0256918274562659,0.0254739433490068,-0.108297998027835,0.0752192414722072,0.809519195727207,-3.06646072488827e-05,-0.363406646719858,-0.0107583874707231,-0.277662426767714,0.0205002458307238,-0.00982795489928321,-0.184371718374094,-0.739507216689434,-0.336082395779917,0.236298541803956
0.0728129646699702,-0.194169384464552,-0.0480782999012357,-0.0695930730581153,0.470996708128336,0.207643621991724,-1.45884433270064,0.000404383663403025,-0.104672723009417,0.128807365780083,0.366921415799087,0.318103502718347,0.0144938847124381,0.543631752295401,-0.419609794902443,0.399440258899942,-0.218125881326848
0.239778300797403,-1.16234985065934,0.0578968288264048,0.0138473485514805,0.320401875047274,0.264927418597826,0.234984850068385,0.000236460294444268,0.0124009266818925,-0.18264944704412,0.216830103426933,0.164499241675235,0.00201605400010801,-0.0196815518015054,-0.169364826241714,-0.270089730943689,0.384642408015176
0.13321769685716,-0.721435014287642,0.0289683516264021,-0.0138967982367992,0.0466143532623264,0.214406129596751,-0.419604223564918,0.000302410239255563,-1.09079708239599,-0.0945898032642995,0.213582915999858,0.209880018892899,-0.00248752413655088,-0.210734623824559,-0.252568693943325,0.352203165467398,-0.277717676728106
0.0613254804838,0.847828935777251,-0.0501177203844414,0.0301337624183183,-0.0957771644181674,-0.437978295614754,-5.584330982384,-0.000310935348005759,2.95245002839895,-0.0611863456724516,0.202191055852645,0.0489974790115655,-0.0100385509108238,-0.0426837441223406,1.43927451988595,0.031176394789367,0.0471271352680633
0.272066559991567,0.664642284408435,-0.0373608513542381,0.00180751185707331,0.523587139782042,0.281926473194071,-1.15452622031492,0.000238128429478495,-1.8141963264649,0.0722538183749636,0.246817403199577,0.465772591324577,-0.0133430012574359,-1.20957161804795,1.87763978991951,0.915739188207886,-0.906797750571914
0.219019479976137,0.61873260555085,-0.0329715165568782,0.0249194059910179,0.0994115149988735,0.195977570948389,-2.97596404487132,-0.000691667995218678,-0.727329119548903,-0.192274221592188,-0.128582838309223,0.125078395876562,-0.0358221594933621,-1.23188972637559,1.19208355880764,0.23202590311724,-0.559789677889361
0.254510821078024,0.753363750251198,-0.027166817179293,0.0274552961949137,0.699684733922248,0.258313320766071,-3.89966499873268,-0.000599248486851362,-1.30737043704948,-0.111248632259345,-0.00501438782905541,0.398427228216686,-0.0388989821982798,-1.68027782094685,3.10989211531891,1.08276947472825,-1.06934351293463
0.290214525292257,0.66810235874761,-0.074285772067371,-0.0244543003710201,0.18619729999001,0.180489993661684,-1.35483597555434,-0.000185467006565638,3.88141031596002,0.171029071085894,0.550766350995863,0.496090565914492,-0.000647237678800271,-0.0654462889223504,1.17206611110552,0.217384214859991,0.796525094939754
0.0156750016642224,0.685214878063616,-0.120010912680886,-0.0211315759091713,-0.285866477167343,0.00709849683417584,-1.95089038053452,-0.000155170232087338,1.68541185192775,0.0969552568319674,-0.111763641726435,0.0647773528536435,0.0180991051984721,0.83700263984438,-0.432382660069405,-0.203393498121951,0.430064813759093
0.179955864931738,1.03318327213246,0.0149398744889651,0.00429381294115048,-0.111059636515076,0.16939987579037,0.773780500222035,-0.000195231276844541,1.2183341114864,0.136556205850121,0.31773524892551,0.0427359553223587,0.00629567551065799,0.242242408580685,1.1412671908215,0.130484085602008,0.622560339206008
-0.284252728872215,0.0576835378860979,0.000166205160978937,-0.0153228172222881,-0.459214076489733,0.0824806071637439,-2.66277769919539,0.000214989051764963,4.26365404913953,-0.0642120501227394,-0.110318594659316,-0.413068472941043,0.0147546021291932,0.644694923674984,-0.939197025724298,-0.576689158650913,0.535885205586666
-0.985057197933248,-1.18250281599508,0.00955395109582491,-0.111007075996446,-0.470992052741066,0.0620884428032638,1.11310734589857,0.000350625344871235,2.01186718460891,-0.0163025124317456,0.140145837921005,-0.406331934272433,0.017378328041324,0.855854125605233,-1.7367201654229,-0.648757121282754,0.7129276340827
-0.30019642104069,0.0523072438659652,-0.00203553324154885,-0.00518284673122788,-0.524885910052078,-0.00937250573432531,-3.29439300597804,-0.000168788234504071,2.54713448083914,-0.218597495704925,-0.571121214469674,-0.874084430758201,0.0123759558491166,0.526335321848883,-0.84382211163789,-0.145206417873902,0.121875045158503
-0.0546564024907794,0.889316882448255,-0.0671449349974587,-0.0203774501209061,-0.000552693777138905,-0.375589307594434,1.67137817823848,0.000301873211389627,4.74202007179441,0.111150657052855,0.517032265181026,0.428055633733514,0.00755006816277209,0.193782542061266,1.20926801287277,-0.130647232538687,0.864267586209239
-0.120889372949671,0.681454659086835,-0.110005682605033,-0.0425142020306564,-0.141578125305786,0.157598637624887,2.72591967189151,0.000415011573838224,5.14968773219692,0.0778928886874892,0.525809486351521,0.374839256780666,0.0203532543598189,0.777073653117305,0.0900052204878788,-0.422488412926689,1.12256607133825
0.258226725819607,0.496185604250457,-0.00591489326935036,0.0539607131363922,0.0324354699622109,0.0947486609750513,-1.94649598053711,7.86074499564824e-05,-1.55015556323578,-0.0868394218084222,0.0877556931252058,-0.0290799351401793,-0.00910990748147585,-0.446351133671456,0.828738728481999,0.328493648416614,-0.536261477039341
