"degree_sd","centralization_degree","bridges_ratio","assortativity","moran_i_degree","getis_gi_degree_mean","rosval_mean","orientation_entropy","d_value","c1","c2","c5","c7","c8","c9","c12","c13","c14","c15","c16"
-0.770338982439028,-0.00759753374910167,-0.263168726672502,0.392472971355665,-1.44281954008797,1.78891022900664,0.867825021744859,0.445354823274801,-0.0239652101650268,2.11830440480557,-2.67392146579996,1.14029226222176,0.402011065864265,-0.29667441850863,-0.357679390806469,1.16247805157554,2.89314147672126,3.56679264235484,-5.83983909261918,1.8016976030217
-0.631053456846003,-0.772319192409632,-0.506860047147377,0.273516491119856,0.937286495185585,0.314510620254279,0.259927238380561,0.9826533090489,0.221701826427525,-5.74042175164924,5.99246255325517,1.58547718106441,0.0253825575606077,-0.432392509373504,-0.10644390395963,1.13543481408756,3.25305516870275,2.2234440808331,9.99098632720654,-13.6798330806779
-0.403817854058135,-0.589985153608964,-0.492567190685602,-0.168134574508397,-2.02901661235675,0.990309378839196,0.157088620813797,1.18969397974134,0.282346833656738,1.45382669083406,-2.27071081763767,0.778732448140152,0.545824506475595,-0.587450323096086,0.0799188666836608,1.26907800779737,2.56943130496792,-2.17205280313766,21.1148376741184,-28.6578023199299
-0.48805422914969,0.288911575019775,-2.95134541949646,-0.306829468834061,-2.31920520811809,-0.501930635657628,0.442063589138332,0.335300370692818,0.175963838968411,-1.466741568656,3.40821757679034,0.149868185473645,0.337019257275711,0.336292461033797,1.34495177395606,-0.086522609422013,1.51880034764541,5.57289710537405,-3.16117740503257,-5.61510672995451
-0.410793923972974,-0.765230058128423,2.01899200041791,1.05817955860884,0.0220536140849536,5.25400464926335,-0.134829746087009,0.0410948729109325,0.220864219958994,-1.48061934661193,1.47244465859277,0.662937738637905,0.272282361581191,-0.192209422149051,-0.187409211327052,1.08301013385554,2.93365249128956,-8.00650220123739,6.29102759017536,-5.18029792110029
-0.358549465355901,-0.642270918851549,1.64596113811985,0.392912038871315,0.308074855035154,3.08234444631394,-0.359031369873548,1.71696055807802,0.152997827627414,-0.0836501619612764,0.0555659663559631,2.01569997208751,0.256098721182185,-0.192907759820416,-0.448656749122141,0.90094737235828,2.62901489973519,-13.1343657987471,20.8576103312227,-15.5931291160702
0.522203814980434,-0.304818991166008,1.29016452210593,0.090058680924969,0.370614748033516,-1.36472729182495,-0.532005634430928,-0.483600643259623,-0.0426855082577333,-4.62843044902644,6.05719284646978,-3.21036376702071,-0.620767129518262,1.03454620532719,1.79764136987381,-1.51670110024233,-1.1335725254622,-0.987032013088387,-0.955525684658278,14.0536868705382
0.0667669009633732,0.425969817111083,-0.170201543294199,-0.582732805714718,0.77404157759469,-4.83265240031786,0.872729066500192,-0.271634325023315,-0.319441127334719,3.81272749034174,-4.58225451336684,0.200543575890594,-0.588383937746781,0.626226057183371,0.753762767465816,-0.182816896945331,-2.4386897531511,9.28984573285245,-14.4684749993455,13.913735661975
-0.639114346694181,2.24967704261637,-4.17823679708503,-1.49773104734564,-1.93415104128064,-1.19474259111342,0.390616017744671,-0.483676123061392,-0.0312606087388059,3.90189607061981,-5.00925630203567,0.628416513376403,0.0382562567541561,0.839856188976714,1.02522966260789,1.09035424449436,3.02169751764602,12.0573596597945,-10.7841992477498,6.40413796280375
-0.458917824748627,0.785286219090004,-0.859265750821498,-0.324824824006175,-1.78355781132506,1.0024632463793,0.989444001726414,-0.0782695160992687,0.0862715565722876,1.20601786266616,-2.44279933396807,-0.878540498688586,0.984897466232239,-1.78135964998264,0.428263455996953,0.511112510820094,1.32804675497499,6.61046886252479,-1.31018637035912,-0.286880929447609
0.355673844911152,0.325911306605029,1.81657383194946,0.290810316168788,0.25277806205608,-1.00582696555294,0.817577804846331,-0.191960435974726,0.102775678656383,-4.10400093215377,4.85015921447329,-1.92595568537627,0.10186775609188,0.371399951285997,2.29790076018241,0.187815567762943,0.0820627648089364,7.38348105213237,-5.35072964465968,0.864075064195004
0.35909662028413,-0.556389969539705,2.86027987948684,0.62845979476481,0.679006680850422,-0.819807867261465,0.485445658129881,-0.269744018422949,0.274440550333119,-3.03574858918417,3.27727438535646,-2.77772528592977,0.754589963191109,-0.296561144221017,1.86613938790659,0.956296214795612,3.05278350356568,-3.05953535024875,-0.316186437396951,0.190324878007359
-0.485814654649522,0.729348808399443,-0.121792517367551,-0.10909147251191,-0.459364369533014,-0.01685849183155,0.856715896903226,-0.154509905807972,0.0570894620274636,1.06442838900408,-2.77308613614386,-1.76167158566077,0.770507499964643,-1.53308827345706,-2.5467432327153,0.737319973770462,2.67566196848286,6.00526530712032,-11.1303051267251,11.6465299408025
0.0797958667494769,0.200600083462942,-2.7397929553123,-0.773433572290391,-1.47605561996017,-1.91046451341393,0.0525966906855841,-0.389554128518183,-0.153959507390973,2.50403649339263,-4.27259008459782,-0.303986326038851,-0.234859058991888,-1.62682427755771,-3.10190252233265,0.881385625791842,2.62181820965071,5.81300079166274,-13.3994861639514,14.1279690215189
0.484927517176461,-0.592992916185716,3.37821869105742,0.451431804392242,0.139244257738892,0.669550130550732,0.490804106055859,-0.303276213249004,0.312066222974726,0.315502361299466,-1.15657023520611,0.0858044563867169,0.526902108777578,-0.549302350380401,2.14451748625705,1.11129813273626,2.68888303147665,-1.32855849441005,7.40081836290488,-24.5701711818056
-0.18275281889123,-0.8731728241698,1.29355579068182,0.500829241492556,-0.0173135245794932,2.16277841942473,-1.11546627052646,-0.297302143563075,0.221604470482009,-4.45188147868866,8.09435477120693,2.5842806789588,0.00840560179785774,-0.0638165370046544,-0.103482149988448,-1.04434614726798,-2.96381018263467,-9.52748437525864,18.7629954076299,-32.2636902074226
0.660630440704258,-0.903165445395439,2.30387517002204,0.452721199567774,0.535400935686437,1.08484453132261,-0.08498080435135,0.612201752841486,-0.107491150241959,-1.98141649695492,5.9653515617727,1.82774035698632,0.0403370239265241,-0.477364954800941,-2.38171892638216,-0.220425190413536,-0.0108587482139142,-3.74833888776104,1.38837040514151,-0.899100586036015
0.757800618761558,-0.787826879908183,2.56821517709183,1.2292011141783,3.0790491312567,0.0590259119378538,-0.336713012127027,-0.064871340263959,0.0566080804102886,0.168802529252658,1.40130253263104,1.06151472772266,-0.088019661695967,-0.28113205347689,-1.15312074881828,-1.55867848907959,-5.74291051826939,-6.22605855339962,7.33761266223416,-0.950471761564784
-0.227024101162138,0.31721768551869,0.0621183848441856,-0.167050404696312,-1.05069684951738,1.12207584827018,0.952570320860913,-0.457518305708673,0.0341041846698631,0.538770194211375,-1.99583165285792,1.57282256926474,0.296125061102304,-1.04920343188728,-2.19327418503668,-0.0990157831119343,-0.399555034482449,8.42305037125757,1.27162814413396,-9.16840470006461
-0.560478638418649,5.60565368088484,-6.11686370522744,-1.60701560701596,-2.71263501918871,-0.787170793662409,1.32957945193976,0.0488623894887398,-0.0586676711698875,-2.40909596275529,1.60400432002863,-2.30689067938394,0.118316907083796,-0.33147128045342,0.393725054780124,0.243689800870973,0.411275026462228,12.4276122127065,-12.7816153144314,13.28660895497
-0.118540943496443,-0.507478365414707,0.24758459248299,0.0804193395083421,1.12082520562391,0.207352321911904,-0.489313875075466,-0.0641430183556173,0.0829344595020282,-4.55708398558745,8.6720692405414,1.74842280000188,0.0606757645279931,0.630469286357746,1.18075495194918,-1.7722335588578,-5.76886319890986,-0.13121670040622,12.5361136063268,-21.6541463154476
-0.538498901783347,0.821429541219075,-2.38181005673907,-1.1854139919721,-3.25963693000032,2.36076625722056,0.158128285192406,-0.416289870004723,0.170520092850483,1.59669500327177,-4.02395814346262,0.281008314649487,-0.46915844785394,-0.475546186742721,1.66792375019395,1.26144111848337,3.67749183502636,5.0127201558721,2.89960110944692,-6.70195898514152
-0.14110147065797,-0.845104035176394,0.309571405930033,0.0766420164520148,-1.25022456285343,1.97868772844728,0.66651378613386,0.184388179713684,0.0520322409931264,1.89221403203152,-2.81368925330058,1.11116513114107,-0.187939683227664,-1.57218126450876,-1.21369515466817,1.15200895589572,2.82294681511308,-0.278696092807502,4.36076858155637,0.164249922679857
-0.309605143124953,-0.61302836388402,1.75825579722291,0.728165749465131,0.348535221157946,2.02497428374971,0.254174256342343,0.365515757201198,0.100190314639652,0.346884983477741,-1.80110018088942,-2.25576388616864,-0.0176933307683861,-0.813034708074782,-2.18530921824387,0.15652753090993,0.357456236903995,-7.0431432906008,-5.17617276388936,10.5964137881605
-0.392387577760925,-0.261112745194957,0.703331629509728,0.33359254755045,-0.75038980928239,3.7276880123816,-0.125680663748107,-0.0957345358555215,0.182371139074837,2.49660728621829,-4.640900211898,0.384967359270686,-0.200319828311241,-0.306521604977594,-0.598258544547154,0.767932418260008,2.91957848346835,-7.16411822318289,11.1620080936958,-7.08669807829543
-0.301705293458742,2.64026591480772,-3.87787451695915,-0.883979574194125,-1.81159342207337,-2.22014220758189,1.14312865590603,-0.189335089485693,-0.474524652427764,4.76011966886047,-7.275133668699,2.22304823826181,-0.517500729943817,0.597117399379919,1.52309726609121,1.17982463033578,3.13944603850051,12.5217474446964,-18.3663180364494,15.7701213519275
0.142767540589131,-0.402222152988705,0.680481862737424,0.20984147402492,-0.143307983380762,0.100214474871362,-0.671921265959929,-0.348762849494735,-0.0338606422821015,-0.418800299314877,1.77080916438928,2.2270382430726,-0.393837812889928,0.385646398291581,0.259880555237167,0.606638002461872,0.271522318212922,-3.38159103021444,-0.374976864296004,1.66688778916505
0.0982016837277544,-0.315802770650166,1.66143295459869,0.370755049133593,1.3713532637964,-0.439436434312798,0.61470381839203,0.190782115585565,-0.191908525095521,-2.44797375108467,1.61617369049474,-2.5307156790004,-0.420856801524097,0.62303347913313,1.52297511233337,0.559199738262473,2.13426076188509,0.346538608794002,-14.7846341086473,19.753216441662
0.666307783172749,-1.04828819236852,2.33581598669037,0.280053618013109,-0.0574075273609068,2.32792453165653,-0.22121985495815,-0.0459807828616277,-0.218290721202602,-0.34310628677751,3.56205561879219,1.0019717781425,-0.768703779633956,0.927622726847674,1.668784681203,0.895283987804135,0.984216490543255,-12.3140482311802,-3.46984399806435,15.8997225399554
-0.682935368499477,0.00244904926203097,0.504236792754149,0.545312695131511,2.47441368522467,1.60302758285535,0.643433810674737,1.15517529817406,-0.0712639724583037,0.0720570361388351,-0.47611876254457,-5.87088014903866,-0.576460291456992,0.829225074699333,0.868423712514193,0.113321181668454,1.36444597179761,2.92916390496821,-7.15353471873658,14.8375564776893
-0.0796774832908457,0.851559188305516,2.36718945931107,0.995311350483356,0.592304377077054,2.57782691906272,1.45890995224159,-0.191921507704642,-0.231026069295804,3.22357841982926,-4.69092084756716,-5.37429874400393,-0.454222861079215,-0.579504514703266,-2.4751848977572,1.05968232830376,2.57043276763563,3.19292059338812,-12.6266929552253,18.6054395963395
0.151750731496997,1.68662517797641,1.16058298696367,0.390539438501215,1.04114281690128,-1.180133763191,0.984182427273668,1.44699616258903,-0.0371556577360212,0.436640174776771,-0.807017997861373,-5.30713005308758,-0.290219104368297,-0.222147843060868,-0.581639015947274,0.101041832759113,0.72054749127205,5.66148512384923,-9.20279028792159,15.8293824709856
0.000827611978777234,-0.896031551987972,0.598592522694889,-0.110889881589128,-0.856186670613692,1.13728737473536,-1.35204398354028,-0.504461287434593,0.0473758071341839,2.56680318441977,-4.16617067522605,2.80230621175927,-0.0685007814776192,0.17480086631236,-0.993527129442615,-0.560914210678541,-2.65003032956711,-10.5303749866868,15.2798637255919,-24.9377194575252
0.106613889347163,-0.789981391857153,-0.73265765799058,-0.159055655667612,1.27875278494981,-1.94008231502217,-0.266116045664624,-0.0962652762326556,0.0329615148016382,-3.09717611974918,3.10585454606606,1.07150091521034,-0.14149878310077,-0.46016502056019,-2.3302937438467,-2.14804730435468,-4.9181874000881,-0.656435215325597,4.94838970360452,-5.27725226665088
0.363323714264652,-0.710912545203453,2.72000984987764,0.824959529358891,1.26058127231421,1.33275163029673,-0.156437356095496,0.523032404251384,0.283087662924719,-0.361720124437303,0.0708084655131702,-0.362820094426215,-0.19972348461991,0.395607891275377,1.38362420351839,0.324623964611332,1.58550033639828,-3.99157699381865,11.8617113279896,-12.2819320856552
0.48093737041197,-0.639888283683908,2.12864528323464,0.0623219221463454,0.506481495860365,0.73519285997799,-0.232621288999013,-0.171644078829757,-0.193070561767849,3.24354148710267,-5.34805509343409,0.619224504992156,-0.381145762522,0.5669613633165,0.0450920394213749,0.667898056433135,0.0777934922122797,-5.4411208519117,-5.43696275830761,15.6291369281423
0.0521567223326013,-0.510419944114387,0.119960590277489,-0.453523364301953,0.141404121406934,-1.36118138164346,0.395347374122748,-0.170144597247896,-0.0605932982715947,-4.1278906606885,5.30939151327809,0.799179357481417,-0.0119524476819588,0.415197552713494,-0.402096047792154,0.428796990001651,0.590031647625853,4.93084647778643,-5.98390511272103,2.66161932138356
0.549076814368213,-0.591203845796946,2.81421216404949,0.450052557543486,1.75072177939148,0.017466469067568,-0.367015533051569,-0.212158867408454,-0.209443239982149,-2.88377748705041,7.57995268655208,1.30956651230788,-0.491908581020189,0.695732440335164,0.351535350714219,-0.967365055213778,-1.56309835825075,2.49910204426971,-1.58664187324707,9.87690854724861
-0.058746015200424,0.0219466554672664,1.16455062357587,0.449213711829392,1.95469171475106,-2.33320163243522,0.315287385927927,-0.210764340323856,0.0888038067098056,2.92904258033793,-4.84737245174927,-2.01810058258827,-0.0415110669144908,0.239085625890755,2.23772162500914,1.10736734490766,3.3646874704918,2.53887955967003,-6.07029682294361,10.0496427356011
0.219509247681213,-0.336780921539952,1.05276908402049,0.0985358911911719,-1.02890432768684,3.21994520107103,0.284864263688102,-0.35657814113281,0.235552946646347,-3.00722426915037,4.82392251754946,1.72700705920692,0.666164529789045,-0.28250665358735,2.1329650203277,0.678922201039517,1.71242033230116,-1.63553771767949,7.89840010571065,-18.0390185237057
0.511444346326576,-0.645216552812848,3.34693722435272,0.810973558281183,1.27214722180504,2.29738083912053,-0.765982091924671,-0.463790823826922,0.283185530322644,-2.92583672380134,2.50738469134971,0.289873459679242,-0.140977827475224,-0.045382813548639,1.24554614563979,0.315683152398426,1.34626651206176,-16.5427953078196,14.4558425678136,-12.8391892763179
0.415203957032291,-0.31025081731946,2.20261276325556,0.812005592051954,0.628494128948751,-1.50923719252933,-0.68551287495953,-0.301243902353067,0.202756719342112,-5.47539114623723,6.64659550696422,-1.95809984936598,0.0144051140022514,-0.0547362091489508,0.63533222880939,-1.09578286654831,-1.26451177176538,-7.47115518335714,0.203008697983919,4.63508947691605
1.32605348343097,-0.727195974993085,3.43325957324159,0.468531947999805,0.491392085778703,1.42363101905547,-0.700894620906623,0.230383687164298,0.0396429254313882,1.26204816126463,-1.64296434477761,-0.674482938791431,0.0132696941503749,0.585757413821544,0.447313966242232,0.43095216130022,0.631215179067785,-13.845341242397,-0.0748317978281974,13.5675080964956
0.239451123051963,-0.125404305755551,2.28051406103303,1.21403955588025,1.8107546672075,-1.12348539580142,0.519454718200516,0.063646721913453,0.129233807158812,1.50029748653164,-2.35014332450113,-3.48758979738679,-0.0455750570653744,0.259240800508891,1.02664111359642,-0.392816402527382,-1.29382882100039,-0.801728552351885,-1.57268427916007,7.32573269653424
-0.187314577230535,-0.696321675009712,1.09922470513978,0.439542238512934,-0.537780773713485,0.828339548903116,0.130783813068004,-0.331874548287878,0.107206804697914,-0.992915224305659,1.81690435809421,1.35558602179379,1.05184965965023,0.486286149408965,1.07172476800744,-1.0800316440343,-4.06801631098544,-1.58350148945541,1.26037765093102,-7.5371444170273
-0.130066663940154,3.41148359746866,-1.42650593556441,0.261431596360355,5.00733047711796,-2.73540773544629,1.4999686866,-0.0986002400758959,-0.348872864751984,4.37514504790889,-6.16854853228387,-3.91046276855312,-0.735851376316038,0.461435096128656,0.398689837178023,1.40901691875412,3.38115414495168,8.29921114831729,-14.363050862946,18.1000838161035
0.0691460723816404,0.330744170925,-7.18299349401355,-1.01882282643332,-2.40723076306959,0.407401851872526,0.736525064549484,0.230599940955815,-0.172840402856491,5.10966601846839,-6.67246000656051,-2.61558953362745,-0.808655518753179,1.05206735376495,2.18388194369778,1.28118370167332,3.21757693872242,8.97174727749896,-12.9382239420378,15.1385122810402
-0.332602427424127,-0.369284833394376,-0.447311381053317,-0.21747020462182,-1.22490497657351,0.291517280055775,0.422298722500304,1.22490443232108,-0.2970729838867,2.818601258171,-3.3823936148115,0.904007750341019,-0.433960659835973,-0.0802385009477306,-3.15311943781332,-0.502390874902256,-3.02837465291171,1.11527545903331,-1.39463285400602,12.0033273017697
-0.0150314514068405,-0.477993140285434,1.48925898707989,-0.0223291959797378,1.27819287657994,0.7687713525621,-0.0801192474514997,-0.348691370010997,0.196388922919744,-2.1495466942014,4.327588169802,1.35714177939934,-0.331130017563875,0.661237742476607,1.51902308752225,-0.66664986269235,-3.64757285964071,-2.7482062103976,7.01658068069935,-18.2879836213565
0.359356310509675,-1.05975961297852,1.88212684312735,0.598141697331524,2.39353519644403,-1.36785321414759,-0.785225396960357,0.381969702092167,0.0454074184079869,1.03140040374138,-0.627310246520473,-0.0423951926818226,-0.55903480200951,0.68956729457407,0.354835294389031,-0.705408698610443,-0.370014600866461,-6.57732965111763,11.3910931015444,3.83210371634464
0.213955357103067,0.0258624867730091,-3.70917334143695,-1.15479877596455,-2.27577343420428,-2.14500669691268,0.510602964758109,-0.389240967567228,-0.258257062861199,-2.73650050025178,4.86781291414001,1.44702165754528,-0.00657035676015048,-1.08839875788893,-1.47724925203623,-0.462077487972296,-0.53237822182501,7.76029903080774,-11.9441653769302,5.64167424200515
-0.252857435825478,-0.532568434831774,-2.34164988083926,-0.304929010843613,-1.19000211394617,-4.00713323902786,-1.9733580327255,-0.390269344394261,-0.163843876257833,1.93919755176867,-2.5971522795993,2.35979096549188,-0.592070653906377,0.714172356659885,1.653958648051,-0.57811822630448,-5.15801024188073,2.09022359307812,-4.59021340661952,-11.4869793611688
-0.0525352239839618,0.757892866831914,-1.49055175480846,-0.694754256944826,-2.83759615343964,0.533942475235524,0.763812273219536,-0.416483746120459,-0.417469400529297,1.89618875458685,-3.7130807641371,2.78557168666778,-0.0535683303213821,0.0754134451734017,0.630026297209555,-0.968896442377747,-0.982345379447257,9.28398893667583,-17.4489132384734,8.1636610106518
0.119861149015066,-0.909774888480857,-1.09918865181581,-0.300408947357262,-1.178164067002,0.9344731706756,-0.31730445399906,-0.0860550894480545,-0.212860974760849,-2.99144325802937,5.01324712248402,2.57314153907939,-0.123673865226856,0.39211479159056,0.951336221840169,-2.22681524580745,-4.19092223013118,2.40410065204863,-6.84093171822467,-6.14692931720738
0.906267464393766,-1.03116346541714,2.9143332189725,0.551436686730653,-0.0617415367982666,1.91359710156924,-0.889037029826632,-0.341408183244794,0.199454728642399,-2.02920603371026,7.29271321731725,0.677876333409159,0.0266707834946663,0.31791880369012,-0.231739305357101,-2.01113938404782,-5.45018661840843,-15.3541011120946,10.6839146809331,-5.78063899269802
-0.259538427581123,0.524593376822852,0.652736040518736,0.375574693469716,0.920719334458628,-2.0491516210551,0.949734244740117,-0.230520973069081,-0.157713359963446,0.308351631710654,-1.39565309639335,-0.817410435946581,0.0333326466528991,-0.406994079123055,-2.48967468327147,0.779961045974259,2.06322318484921,6.29674020246513,-10.3695686996152,11.0441786694059
0.111678047656609,2.42987602301313,-3.98710252420847,-0.664965237826436,-1.89587821000988,-1.61311176940748,1.14550677537888,-0.188183016827115,-0.20969252606508,2.16069959837032,-3.63579819947698,-3.11118151992291,-0.268096077449862,-1.0668636321983,-0.53863474017964,0.540730772427032,1.61819621311588,8.56143780998742,-19.7169523905062,18.8046632141681
-0.22622834624536,0.576352567231577,-4.26816225937828,-1.26094383772519,-0.59922391432792,-2.43808303050363,0.297588825750215,-0.326954398849573,-0.171509488453492,2.43596354077846,-3.73856434651757,0.738334861573531,0.981736921170065,0.259605036236273,1.63728771552174,1.08389119040408,1.89384196251829,6.36186549347612,-11.7711678640517,14.624773824652
0.368571459686722,0.555826529225996,1.4903892104205,0.0875030054130483,-0.142679442289356,-1.39848954465853,0.901387604549687,-0.33162418148013,-0.300291135945003,4.88043410835262,-6.70944669369539,-0.406937343093577,-0.349139109439098,-0.0465355845548451,-1.5536921667038,1.07512786078349,2.77104107961495,3.9586387307928,-8.94798589276388,17.9124997182497
-1.15501891581723,0.382292330454717,-6.9423070962437,-1.64192985171083,-2.4022319476258,-0.841664835545498,-1.32271280096057,-0.408380789711212,-0.104092647333174,4.20941023937972,-6.55075664522659,3.35164567928319,-0.0940162600567958,-0.654453429785371,-0.375539847968303,0.367121537152064,-0.569988908640388,9.78483254294829,10.2064775325601,-9.66125090073823
-0.58059640646537,0.429983444456825,-5.83613203972306,-1.74743669546184,-1.90161382194097,-1.94680387899585,-0.63348201179904,-0.498517561396983,-0.266084160336944,3.30089752016492,-5.33857673707274,3.3693825896558,-0.124416481296469,-1.03588778955659,-2.89168427886342,-0.0541620450996995,0.312513187528844,10.7379624750086,-1.73374910289617,8.32800060674545
-0.890558725160492,-0.107529378648534,-2.78747338001318,-0.965952768127999,-1.99606170179795,1.44295192637985,-0.176732273721147,-0.011009462097299,-0.113982025526696,-6.59637523716839,7.76658014206827,3.36005740549878,0.29627882775141,0.388154721097569,1.0107162172272,-1.46555806395498,-3.32595705377363,8.82472569630659,4.04211969628083,-31.1060049976488
-0.952225318474198,0.59200377380891,-4.74134690491594,-1.31665782844095,-1.8281822884731,-1.19862170943757,-0.0777862904147248,-0.392040724380724,-0.227901218289942,-3.90218490188502,4.58924973960772,3.17387893938123,0.143458076602222,0.286861558738381,0.741688201865083,-0.804590562039297,-1.80827597945207,10.503577764664,-6.30717867246264,-14.9947765881802
-0.476069298868013,-0.535792077302992,-0.57076185852675,-0.72072487889298,-0.224199232976446,0.541157500852252,-0.342161544840792,-0.0302725542141927,0.0365787237640635,-3.64932744164608,3.02299319545558,2.77617801453721,0.26369056974027,-0.187982597359307,-0.706801803637304,-1.5281618083185,-3.63967913204751,3.94420332068762,16.5812827232009,-30.8189011500425
-0.819708148066556,-0.73002134687885,-0.524784590983299,0.0916686489107224,0.289116702042045,0.954447569018738,-0.385731983181784,0.344376922158492,0.0670239289599292,-2.77579836103884,3.38371907636542,3.22085764153258,0.0831240039442401,-0.0384660251507027,-0.105107666922008,-0.137866323631773,-0.0901704839684807,1.74392884048149,13.488929454971,-23.5541975954742
-0.00796337286399164,-0.77380427804268,0.867327225392589,0.222860427020394,-1.40704422126922,3.24452559307328,-0.761601617641227,0.855373972842571,0.16091766060446,-0.155617913969745,-1.04272748835617,1.4380344629222,0.23175551712801,0.414209402539192,1.17757823680577,-1.45092059319268,-6.43856184560977,-9.06958224087517,10.6427975262417,-26.7798690805532
-0.59598622822077,0.496440847589216,-0.686967168267463,-1.22670041756183,-1.54266771268823,2.80604006589959,0.0641597858112282,0.256999764020398,0.0756308993241074,1.20552460600201,-2.41966272488619,2.11591796469675,0.641428747385155,0.191634545884036,2.31947751653704,0.296697589327953,1.21620481901964,-0.86403236448485,2.91084233469743,-12.0511814017904
-0.251281418350026,-0.510477207039058,-3.65893779574046,-0.915158618315109,-3.45874984913963,0.773441947006263,-0.737767726400302,-0.538694005754716,0.156790265105852,1.69401023006868,-2.17764635285799,1.48800417580762,0.661297178489379,-0.411301826440094,1.29081691494834,0.863176225388677,2.47549477773006,5.81779557875908,6.74971347540305,-16.1614528796573
0.253429704710981,-0.0767667111835102,1.97938006812039,0.572972167626035,0.809462949118844,-2.74386058326061,0.0807981920968989,-0.363411116057879,0.139675452686988,1.99058130416451,-3.23137439390429,-3.30543415114339,0.923894251050924,0.591686054179122,1.67013872594054,0.990559030637987,1.84460623826298,-1.81078981377222,-5.77340279560501,11.183919639049
0.748585390615902,-0.744611970939418,3.37842687754034,0.611491099165811,0.646614372587452,0.328311977316638,-1.56573939035645,1.52764560836296,0.140939034963501,0.947472850060586,-0.965082718649553,1.43257666462715,0.786698832937447,0.860470573935675,2.03217074267606,-0.0708239479490062,-2.37073923762112,-17.4122074986392,13.2055812275351,2.28229785944806
-0.0563697354164421,-0.819587349127942,2.2024545556927,0.894362393257084,3.6203672503958,0.430724527341593,-0.351876906790358,0.620495805722442,0.0173273104812053,2.4471443443977,-4.1232699181689,0.95794167409306,-0.0602715969829454,-0.619448355029599,-3.79720452254385,0.800574562763327,2.68489136896331,-7.65722269587853,6.58362542311985,5.06222905342065
0.362380117882272,-0.721131546041708,1.60341016539845,0.495956983879814,1.55521242767417,-1.14541991734951,-0.681174700399117,-0.383556076069401,-0.188981788016835,4.43699873596904,-5.8993390826446,0.227608524673216,-0.4753473023052,0.28355201706021,-3.11717106079645,1.16421444674038,3.30565951771491,-10.6138251137537,1.13920806565313,15.1979052635934
0.798262285504182,-0.900254906764116,2.96294384317281,1.09521655812585,1.84775267343214,1.18648350443122,-1.06192216509233,0.0508894038704736,0.0913865539015603,0.709905074925144,-0.581324022812749,1.30070856539619,-0.307238764804844,0.029367403997082,-1.92906814409567,0.83713337178799,1.28660022077355,-15.5390536512805,14.0806334692237,-0.184480955341775
0.82939831016056,-1.08347509597676,2.26427760141981,0.420749973022384,2.48731339494272,-1.5558243384206,-0.984083660586715,0.246005947174564,-0.151305240275167,4.72037346592394,-6.47294250830342,0.462830012065028,-0.743822886006786,0.982142092320787,0.763414011657955,0.716127721574154,1.88642352668621,-15.717435071107,6.05333213315078,16.6449039512071
-0.924774332165819,-0.392753018679384,-1.68208747403991,0.0112847712714746,-0.642259305681134,1.42318325235244,0.540670236415849,0.346990192308278,-0.217009605387078,-4.14164556759262,4.86103060912598,2.46226695248812,0.835378003695652,-1.27030810694692,-1.53298037807425,-1.63950209356479,-2.50802738620101,7.33586044944831,-7.47977354650562,3.69184808829654
-0.89668288824156,-0.486079978172773,-4.88475013321665,-1.79874886927612,-3.41025260810544,-2.20991054967034,-2.25748487294337,-0.393866662960168,0.0267645987007156,0.804852096247859,-0.930150544429663,2.83568477431779,0.144702138176669,-0.538622790664801,-0.245246505975619,-1.55185192568094,-2.71876631989629,5.82253043117562,5.96230209896597,-21.0824081782624
-0.0100933629475664,-0.672107201078884,-0.840691558419272,-0.0737419164838125,0.26888290996406,-1.08841848843406,-0.373666984171633,-0.420213628164463,-0.306418339657763,-0.549953747891336,-0.0848915468730608,2.87024763620367,0.0967171600439983,0.162644683883043,-2.6395451204163,-1.1648382140015,-3.58383348040016,4.43476300729093,-11.2694021421545,6.53302676210785
-1.24329843646728,2.06384487813189,-6.45327482245583,-1.40913463078471,-1.08284085020611,-2.02386989519544,-0.827010301427319,-0.119264828503183,-0.305679818404581,-2.27578954904035,2.4892067936161,2.15416138261791,-0.121776448892826,-0.230938766119789,-2.8815086495592,-2.45435705290224,-4.24992087208691,10.9394606420759,-9.73954301987125,9.96591034121985
-0.208207996710919,0.172298342837539,-6.17045910735411,-1.18343312096144,-2.45369399623947,-1.20701540552984,-0.641677290938289,-0.0830726577714898,-0.222623344043416,1.43616868728875,-2.78251601591511,2.50965309285255,-0.12707866414546,0.0894328822781892,0.563974487838417,-2.26628167892967,-2.09640110814579,9.11174933963011,-7.91563832302708,3.68288865942723
0.170147095919166,-0.371023395888115,1.79216977680142,0.392562664477066,0.706603648586314,-0.62795661118975,0.58256178338337,-0.251697545836823,-0.206032627106548,-1.72673169857659,5.79872579552644,-3.62387825897357,-0.489769349555241,-0.581050282390952,-2.86795263117022,0.787993442288756,2.09686177755877,3.45816999809626,-8.78978841484256,16.7518440293418
-0.276659792220375,2.70571135848941,-3.37641191256658,-0.995315376637424,0.0722236165143688,0.211821223677606,1.49783053650229,0.871249514797462,-0.0292462922901305,1.6598159877342,-2.78931700360407,-3.28295491468624,-0.452642203409388,-1.67738809983955,-2.8970575747932,0.705240036254375,2.82089272647587,7.96471731738502,-11.9112029364061,14.794902203426
0.0975126733570635,-0.874535272261955,2.82100382762514,0.690758618236052,4.10490982249337,1.78648017909098,-0.17243574064934,1.30349302384016,0.258693407986159,-3.9773428142882,5.08097728856354,0.22940265417103,0.427931130334888,0.296569874089879,0.822625628866568,-0.854497492033669,-2.66133299301289,-8.52053573580005,13.4817189431158,-14.7581023658718
0.241464774418657,-0.502469063890806,2.04137346377709,0.43698765517064,0.642460557187362,-1.12863876355327,0.250769462263028,-0.382571075976373,0.288917554760295,-1.60751531103981,0.997164973717723,0.0628933419913474,-0.291881704108744,-0.474612373575312,1.64559740228868,-1.27029209387088,-3.44533404964747,-1.78058128619091,5.79595805399986,-13.2696957636186
-0.29709789156155,0.319088268414756,-1.44905793931933,-0.311867211447594,-0.631180280669176,1.40989364357661,0.268305900764501,-0.148163033747515,-0.0569226946155897,-0.271965262306071,-0.965091641961897,0.432588645864804,0.0427773552330689,-0.86024149481854,-1.07254953350524,-0.554992269567759,-0.67949392311683,4.41562452966639,-4.95965345640176,5.23486320900657
-0.055811190708871,-0.24891562356424,-0.654503232554536,0.320323269990396,1.19340960248932,-3.82675346477806,-1.15803419302145,-0.417334407254024,0.101631834049055,3.94133758523989,-4.86385491976285,0.0431321203688976,-0.501618324429317,0.680371866993861,1.75143928770552,0.821607213940506,2.05262830103436,2.10504138742037,6.08829079018049,-4.57433094664667
0.100319259342624,-0.799731654762678,-3.9889877464409,-0.59819539138717,-1.45012734064677,0.757722294426713,-0.787690884296639,-0.531380102557397,-0.0244175570282352,2.30628020487514,-3.5605178161029,-0.0932453983557861,0.708711750396977,0.0739645830087117,-1.36075938642995,0.113578817566037,-0.0561108665792717,0.75595400216757,-4.2248927084197,7.40279787850038
-0.250563093131866,-0.442576313244688,-2.43992927004163,-0.0347766092317807,-0.718475123327415,-0.750558963449233,-0.11667184949555,-0.430109608347822,0.0232814370048635,2.98406022587447,-4.74727737931095,1.1041003225355,0.367223479974536,0.414646894044422,0.896925577181767,-0.137552129739063,-0.728589453055353,1.40122022535431,5.8440248538933,-4.76151499399435
0.749807070642133,-0.201726518388976,2.91258051221744,0.593062264721018,1.24950885433984,1.65039235102968,0.234522091451627,0.875171095043153,0.415817929803493,-3.04967912260973,2.40075897181153,-3.15364529225575,0.237820998781496,0.476036350276506,2.29434156670059,-0.571082865799566,-0.17280350846491,-8.09348439217732,0.388686164634711,0.731667521194228
0.675251944219082,-0.892102092701562,2.43997735258723,0.6066346446321,0.957952137673575,0.144649710466043,-1.27884397408756,-0.563150780953802,0.0767382249786735,2.41896698456624,-3.42788470793917,1.90787889366789,-0.279740300938164,0.962783337976964,1.58225325988642,-0.74696407665845,-4.43477046107993,-10.2039108196501,15.2975419881216,-15.9417827230135
0.237656635757722,-0.743171992026704,2.22737039115625,0.572341301909712,0.810177330947286,1.35330416722808,-0.25775612828348,-0.396650049378808,0.198604296947405,-6.80738893430321,8.26345058817566,0.594202172543523,0.744094382155548,0.513966945528777,0.832978279985223,-2.0384307585077,-4.55634239608871,-7.306507170782,3.49245180725277,-11.2692657630126
0.662745386057908,-0.847336135030821,2.75685824555903,0.627876196183846,0.679788434720745,1.52296444694402,-1.7209994673506,-0.522629821177576,0.260004056081127,-5.84684098932692,8.84852490593454,1.19574035436404,0.430671913400007,0.659782103188702,1.23264544633221,-2.20570450871228,-6.16625449446866,-17.8482350666501,17.4038614291058,-19.9455227708593
1.10710254798718,-0.955431654778269,2.23230082333341,0.294753995953755,1.84671586159769,-1.35473950303872,-0.452865230533297,-0.359380132800768,0.110771498528631,-1.85194582790658,3.50393713382466,-4.0971428431308,-0.664618928920842,0.91144016600655,1.66497217613211,-0.0411968227984325,-0.314617413799398,-6.66345155032325,2.8220104576416,14.442846138697
0.102351365302967,-0.0609157083899298,2.36838136133133,0.750540053030602,2.99076668962044,-1.16574056532931,0.695923928560816,-0.0160539695160054,0.139571578178026,-1.54082514940353,0.762532700289969,-1.87862906165186,-0.377944647604218,-0.45444499603737,0.0418759161270551,1.02600977755412,3.14082392976096,2.17633049666099,-3.33497530841696,7.99617783621474
1.43049001651028,-0.596507137202223,3.65642696389033,0.162640458197501,-0.365261559384133,0.250870097039,0.266352057844122,-0.340641930922843,-0.0699771208820874,-1.88005838033517,1.66810628620714,-1.39752315574139,-0.531180049887522,0.0826196608385462,-2.67877133212963,0.363254349964074,0.97570528389468,-6.42302854800675,2.67300066306686,13.226338004284
-0.0855332575465127,0.944611459758093,0.172306155159414,0.328955463620798,-0.00260368626490002,-0.842199351802659,1.1256555352989,-0.162997871623881,0.204083577213287,2.10543816724716,-3.24113241326597,-4.49875445449,0.250356266503486,-0.440899714811702,1.25374320378888,0.838086569056117,2.38873807658408,5.43819151033598,-9.03478573285061,10.3048410670262
-0.464186466863789,3.22410829957112,-3.93464786774087,-0.865787149737959,-0.243046184582996,-6.08762827892393,1.13945215342592,-0.133112188285726,-0.105807095225678,3.44120798260113,-4.86569250042092,-2.42485514154347,0.0601612492767142,0.00872009233570096,-1.06413289176265,0.98930684404344,3.36850685128957,9.33760529061929,-9.72612533917266,14.7255829179964
-0.383460746206077,0.999151168924438,0.128366368280638,0.170318273566165,0.0538228111385642,-0.286124570686888,1.29041574955953,0.0223461520676984,0.261188420853451,-1.65271162989711,-0.175846445799707,-2.55958972223863,0.851224445757976,-0.552789236219496,1.27605636135209,0.702497991768853,1.91542705205499,5.07407545520793,-2.42447160344692,2.07564448219676
0.477847930714231,0.181282643613518,3.11390945043254,0.842223610093782,1.68636313302515,-1.10901636304392,0.00191544432168048,0.750273482329146,-0.126753787993347,2.98847524074695,6.04292262008008,-5.10765010599347,-0.431556714963691,0.587801113198303,-0.303604139477966,0.432712707819821,0.755482654265122,-6.64927311296725,-1.64292878005101,17.6006388413508
0.201026350356443,0.371693461916119,2.40558632030367,0.584230236804484,2.7101233507078,-2.37062057420322,0.318961985582411,-0.324984095823645,-0.233260564321532,3.96030836383082,-6.0418891138805,-5.8386056170263,-0.307309725939816,0.60301473037367,-0.59777633271091,1.14454533184747,2.95661677124961,-1.77317746677527,-7.34916158776873,19.9311831634351
0.0313397452851343,-0.83627725776139,1.64703175953108,0.229133716414393,0.15315544779112,2.96185267467284,-0.0699821657096625,-0.184630393729615,0.158819348920251,0.77343774919524,-1.70185706887529,1.8140734133851,0.338962131011834,0.411790140127559,-0.806268787128395,-0.517720773755435,-1.74001088374364,-4.32493497205471,4.97527036007315,-10.6523026466605
