"centralization_degree","bridges_ratio","moran_i_degree","getis_gi_degree_mean","rosval_mean","orientation_entropy","d_value","c5","c7","c10","c11","c13","c14","c15","c16"
0.0105807880575262,-0.0474017506826666,0.0793315459902938,0.0506202632640172,-0.49632129661213,-0.278055587203706,0.6356955666806,-0.877500851816612,-0.0410065771100513,-0.229470721166307,-0.531175142085795,0.679418664391155,-0.504978541361067,-0.518943715755388,0.102915549927642
0.242389881533981,-0.131634572646849,-0.0512988849629199,0.00907068148344844,-0.146852600310837,-0.623671852599052,-2.85220369976344,-1.45098033495975,-0.00258033710553474,-0.630469509269088,-0.578542329459268,0.755250149563736,-0.357503570738416,0.973427168907935,-0.653118571910142
0.182198824356068,-0.158729389562749,0.111106727790852,0.0278056815995459,-0.0939270500500208,-0.757974666739737,-3.91184611926534,-0.815659480876799,-0.0558245747736707,-0.521713779102988,-0.996588360225791,0.580729294455884,0.362223568469996,1.97719800806167,-1.44397205202794
-0.0907310542271781,-0.876136640632114,0.126498329387674,-0.0139769250601282,-0.259661757870544,-0.214103021004915,-2.41164644548588,-0.183740158791343,-0.0345138373694336,-0.0858928323857918,-0.456364941511217,0.350060250110819,-0.971148732046826,-0.283353478795659,-0.260602866232889
0.234493064137021,0.610524825317629,-0.00205131226655326,0.149022754489195,0.0764395333007048,-0.027272281759224,-3.01292210277241,-0.690343863070586,-0.0279688095104452,-0.34848743240386,-0.420493911456193,0.677775556856814,1.30120413480525,0.633363937015568,-0.212862586889569
0.197949640855016,0.484073858262894,-0.0171242496338693,0.0872410063507024,0.205427108462916,-1.093444395938,-2.16026996672222,-2.06738205478254,-0.0262677490910126,-0.252204757616356,-0.317907573821521,0.598331414923018,2.19083218700575,1.97619861561305,-0.764822621373433
0.0983306177610026,0.390152376882024,-0.0197544422629111,-0.0387383201260783,0.315027382000236,0.309950619982492,0.715556743305902,3.28796742443379,0.0635737560547289,0.50401781572888,0.549775823934567,-0.256327516809821,0.218593637906171,-0.095157167502313,0.684975100278978
-0.130393181030937,-0.0711863718550955,-0.040841454815415,-0.137449463041948,-0.506906866918639,0.174566749480857,4.33555305241113,-0.155131281778886,0.0603371318217542,0.291320013818733,0.376086168691466,-0.567516488398618,-1.48627882529147,-1.44470974449642,0.62516574566994
-0.697965534003113,-1.23602342663139,0.105735620716246,-0.0337019757349017,-0.226754645498592,0.308604482942467,0.486036365371224,-0.582229951490404,-0.00391127024810235,0.476209192033593,0.498074267080986,0.695206597330358,-2.03698996569349,-1.00838753216679,0.327975407881575
-0.251123109176736,-0.225696017162497,0.0946065987710114,0.0297827885189708,-0.587979306053848,0.0470201703712633,-1.30840485547445,0.668704578653979,-0.101054145248666,-0.359922546641165,-0.356185692561162,0.329561970717767,-1.3348225552209,0.0167587626292935,0.144431387918269
-0.0970814413199197,0.554845661753994,-0.0134075848037753,-0.0284870304966394,-0.467190231965491,0.124859276989213,-1.16413778991105,2.12465176897314,-0.0103221155766505,-0.141758496562516,0.0860719802700775,0.0300212615705548,-1.19163292489406,-0.492723262589281,0.0424217234520484
0.17049657250455,0.847928914018956,-0.0376250475951418,-0.0230506510743,-0.286200052868168,0.17005697005351,-3.8070440146486,2.66987427640446,-0.0772610133682702,-0.353147008044927,-0.154497670487434,0.69634806868708,0.477422409213168,-0.024726187800707,0.0214909820277546
-0.224211080130753,-0.0432242497181128,0.0258364624543806,-0.000971250231716134,-0.497933611265884,0.0997756561256163,-0.741893830497541,1.7906288445611,-0.0787367118834307,-0.325040013018252,-0.670087644051282,0.605778442966064,-0.959029047813361,-1.08622099837566,0.524064969316999
-0.0600586669989798,-0.81795295542879,0.0812558904361859,-0.0542568016098284,-0.0271820385866361,0.249300639113078,2.14323851483354,0.364459414769024,0.0241141394018068,-0.215140714325185,-0.156593076419388,0.596225756971846,-0.947233550808541,-1.28768087301771,0.675066459470252
0.18088121001625,0.992378225503191,-0.00765605706577581,0.0188478966824426,-0.289234321818446,0.191570141665876,-4.317458918873,-0.156495553016087,-0.0539164906928463,-0.270341764655839,-0.0506739183925376,0.608197553681958,0.205602930682271,0.685038961145142,-1.22953602855566
0.277001234389398,0.350162237563274,0.00334226062957437,0.0599854147505691,0.654506020568907,0.190491285620802,-3.05427834048837,-2.52837101982423,-0.000522106719511975,-0.240004843782212,0.0592305961414147,-0.702786691484757,1.73368804802298,1.64186228107746,-1.71261742086609
0.272988190970608,0.660744471101046,-0.0298012468873525,0.0307031868288722,0.040285604154735,-0.393991572450451,1.17474964381072,-2.04010592660119,-0.00424574679730174,-0.16469266255701,-0.104845670787192,-0.0208041822304757,0.547155355863047,0.111013667325789,-0.0502016916503128
0.254458846746998,0.792581283069023,-0.167590317894646,0.00164024650769294,0.21241786568376,0.0491514316312573,-0.345326905948522,-0.711433844645467,0.00917661116853958,0.139191311190048,0.336343755517342,-1.29558464596066,1.18097809999236,0.730496806990079,-0.0369583812263342
-0.0975405441696436,0.0204580778735352,0.0575945784266194,0.0316740628706745,-0.555070940871563,0.291815442676758,-0.428584033833357,-1.52831437629906,-0.030268882175713,-0.596417660301674,-0.480313016666495,-0.0907421588526529,-1.40908525073538,0.118832814660687,-0.458314006699185
-1.74530390159316,-1.81725792082515,0.147227585836632,-0.0216677748696041,-0.78411879738755,-0.0343947650048025,0.655179118752486,2.1552660961286,-0.0122519423821106,-0.552012319841229,-0.424067391918568,0.0989142652193789,-2.21043249130673,-1.16675974199594,0.713092421685164
0.159053585980903,0.0778512243320211,-0.0607487096780581,0.00557056806934867,0.29027075741113,0.042617641350605,-0.999030633073092,-1.65548460253135,-0.00611771919461314,-0.143026928187825,0.258332069222585,-1.31832785621048,0.0780530182896968,1.1701952311238,-1.09770134352187
-0.254920899830798,-0.705417940487723,0.178162470369716,0.0668496458336632,-0.091788337524086,0.265091586309546,-2.28555805917647,-0.266750783345264,0.0479778234707199,-0.363344754692259,-0.104457816276347,0.843858940605029,-0.850978990768255,0.283215204183358,-0.323601574439833
0.261796577900388,0.0881275472656279,0.0683901603438623,0.0558993137216133,-0.390087128149682,-0.117726079085449,-0.731686703794222,-1.12245591830906,0.0192221850741782,-0.469783468137521,-0.473407129418841,0.643293082862654,0.044547073788627,0.405581213634059,0.00258140643760077
0.192348620448366,0.518479195678051,-0.0185680668946016,0.0569033496189686,-0.146451537727724,-0.231489507228821,-1.33382557779843,2.27428870406742,0.00188443031713781,-0.0260419477052104,-0.0613728250370018,0.0771790284149939,1.2382902460404,-0.514367316163808,0.501026162360326
0.0787939926382382,0.191608390392828,0.0408109520992838,0.105304043892007,0.0659198016463094,0.0570625234905864,-2.68087693162446,-0.525260376074165,0.0204336544107538,-0.0108164431186913,-0.309754860956264,0.656163159031536,1.1734342827977,1.02464733800332,-0.3670102686568
-0.816792913957291,-1.16833701887018,0.100206432573157,-0.0633831131403874,-0.665138938215016,0.121511603504524,6.43888111950217,-2.1519899836996,0.0530724499697651,0.448060568582026,-0.27817599468454,0.708558787503674,-2.06433746098608,-1.79508801230774,0.719523691379096
0.125795986725937,0.188557599766096,0.0083882741002297,0.00234253356442197,0.392496556382992,0.221853874380842,0.413800799181757,-2.21783767715793,0.0403574868874691,0.0856101581318224,0.256918222698471,0.0525736932423808,0.604147693939539,-0.0799169262478361,0.0471842519563557
0.0962988627267992,0.471167566058826,-0.0746444609684427,-0.0127700688907787,-0.363411453641689,-0.122972384812756,2.4254815044846,2.4016287201041,0.0430745740846236,0.25269157255445,0.296829473693621,0.471097888243792,-0.0618899333222837,-1.4510056456729,0.923663122527462
0.324619923411805,0.700953216972043,0.00272296779656537,0.0660484148758195,0.128097028697416,0.0288551541515054,2.95325687640556,-1.00880188233816,0.078557411115178,0.41665487310983,0.507242252082585,0.229684293651317,2.06080681364924,-0.305585727096321,0.815187233852765
-0.00362080854301413,0.160740444470761,-0.136145232747582,0.0458921039941755,-0.379001580905045,-0.736566338156949,0.929479183104959,5.75339954618749,0.0588511831049246,0.439568970487254,0.486135852000186,0.32121999539218,-0.56386483574889,-0.626764849362749,0.784140064084441
-0.265790689372535,0.693835279322344,-0.0324878516828261,0.0728364913740634,-0.854766252073684,0.121051160164168,3.058367798726,5.24886202971359,0.0464417541031749,0.31084508491745,-0.104584205595575,0.58178434336335,-0.557027686486485,-1.20828733904357,0.915692925741487
-0.522803761329044,0.358655802633805,-0.057115633222883,-0.0331487958340136,-0.573055054881854,-0.919963377928999,0.567283869761319,5.31340550768597,0.0296696732693963,0.0588459609061376,-0.100232907295304,0.172360826335046,-0.960893477754899,-0.843483555948914,0.813072676531752
0.272705879941689,0.17855676109913,0.046141181156261,0.0324993233151172,0.786129927947934,0.318768598148928,-0.7545233492828,-2.87433278375051,0.00689848774583755,-0.0462043033397105,0.0947694287086377,-0.6039460189634,1.73199945641254,1.47416124773441,-1.20422467933954
0.243935489958373,-0.242957558794822,-0.069454533964129,-0.0552619107378085,0.152477639566998,0.059208913085081,-0.595536177153904,-1.13582919485373,0.0145039448068395,-0.256197615381814,0.153821311417261,-1.13816256505837,0.111460780982076,0.418885775966483,-0.30610564564731
0.217720478564162,0.779288472275215,-0.0687550867331331,0.037230348367615,0.0860948692009832,-0.336385449774034,-4.05031490625724,0.224835476209145,0.0204219005960184,-0.0435038112325525,0.0190297628085843,0.343585249040737,0.644670392901388,1.06692574920647,-0.651017234990577
0.196632787528877,0.651194614523321,-0.028831848575519,0.0215540484180128,0.133221985423926,0.108280004833377,2.60294936454532,-0.661950170336993,0.0388419122983763,0.482020506775087,0.52322828202668,0.028163217300171,0.847853842750335,-0.452499870905303,0.849368481515385
0.15886396400305,0.0214554388075397,-0.00705889820005026,-0.0389119799194881,-0.231037481850999,0.108174194989243,0.758347902699205,-0.807383492432436,0.00128614570864554,0.116538655345224,-0.00191247274298332,0.12491212843768,-0.809410546124188,-0.606744608812084,0.0939867953939932
0.181886737662215,0.833078335112304,-0.0961838947472993,0.00066362316320801,0.210487936935397,0.133585466574446,2.73750108046606,-1.40027601377566,0.0502446815945699,0.296835500643184,0.355255290868807,-0.359119956008332,-0.468139085434501,-0.140785993383985,0.510020854657596
-0.00530494075474974,0.354728717616931,-0.106857517931958,-0.0658858631520903,-0.180714436661675,0.135533993592208,-1.11615065647367,2.0715060340855,0.00426485186113361,0.182495069687884,0.0872049352366273,0.776784234800791,-0.415396607737804,-0.560137367299118,0.510149721213884
0.106404590717078,0.317825611758079,0.0567225487786103,0.0908574792164562,-0.163082481646377,0.228710639968214,-3.10192447163019,-1.63437399242585,-0.0680639183392949,-0.415619425350532,-0.372944733596824,0.392990121172617,0.315854366749278,0.739737646372112,-0.906025998557025
0.199076167912737,0.971062159045843,-0.0692586059649135,0.0645237925058676,0.442784483197407,0.293471715416247,-3.98324937186822,-0.392256226302922,0.0144412296085391,-0.24865586161309,0.11258722567569,0.292800583494862,2.79801231398999,1.32335824014697,-0.684634959836
0.0954864277819138,0.64441174011779,-0.0343882080368192,-0.0427975361890653,0.397391623573936,0.190256631917556,-2.82266249101604,1.86287301922035,-0.00149294782760552,-0.151923112356644,0.142318235106699,-0.295207747626614,1.24784137403433,-0.00348059142996143,0.215579210351635
0.225090959335243,1.0471301092242,-0.027572048715411,0.0409315188345248,0.410347232597752,-0.146090125706548,-0.412448441696587,0.723321037239217,-0.00146471544804904,0.331428161472293,0.339707922408965,0.161319209637272,2.31012092589261,0.0615730925434547,0.752844474296029
0.0378733134265237,0.669468413285966,-0.0989890099892137,-0.0319389845601618,-0.305828825729958,-0.0413507012948619,-1.86097875607084,3.38762447271985,0.00465358032273,0.0722869322129362,0.0248796479288807,-0.302251131347415,0.125841160373308,-0.165558814720235,0.346322948121653
0.210188758226803,0.318846734412826,0.0281666729876153,0.0238074533637344,-0.0845251324565575,0.208207600786733,-1.64085590323472,-1.49339910113849,-0.107734862612877,-0.0102308103063939,0.244398591564019,-0.932875328352763,0.172714775277551,0.143825182243197,-0.339148601665662
-1.06109344480999,-0.446018919562062,-0.273898088366906,-0.0775131813010285,-0.879876409597948,0.0603243988663692,4.56645784837199,3.75878911049804,0.0752398509797888,0.51572763534248,-0.191211228615974,0.762723876155051,-1.43000817446272,-1.38688917824222,0.883453258648086
-0.108325256340667,-2.132404130663,0.130688603702153,0.0120521574093108,-0.436410044507163,-0.148936948263564,2.22598019306879,2.47667940799754,0.0825821945829165,0.559007157178045,0.639320007976776,0.741023450918078,-1.59724748738801,-1.18659058991075,0.8042970863453
0.111884778197074,-0.13017637849196,0.066183162758103,0.00872536116221816,-0.250402689056122,-0.781063203354858,3.94710209027656,-0.972379135439962,0.0442733726698341,0.296605423937757,0.151800110741994,-0.688447216081611,-0.254823185557667,-0.104832242732054,0.634768216658594
0.149957187232825,0.484228848397604,-0.0705455110819227,0.022360184098763,0.0515316417911973,0.224789731373554,-2.43391824528491,-1.17752923968496,0.0338134796484066,0.0821716301182636,0.341190753705383,-0.808327644058273,0.461354429558086,0.752719362215392,-0.83721089923181
0.328759443509771,0.580711297051545,-0.131712453468011,-0.0379768371740004,0.46025110606912,-0.241729074091444,-0.47521128692233,0.114494931584825,0.0570870794135628,0.388692995330891,0.447044460093862,-0.0647712640300865,1.08179230873125,1.14902429982867,0.263006933339044
-0.0083835819507134,-1.14864697598481,0.125391783668018,-0.0617264556851124,-0.301200930518787,0.245663033359441,3.3360008972449,-1.53427305378515,0.000773603522631218,-0.163195487303322,-0.449775533181835,-0.149962014987692,-1.28352161941161,-1.22193338895196,0.203016374453522
0.166651513117786,-0.722768753739591,0.0662219396588971,-0.113955719984101,1.1528420563047,0.248323504202318,2.14386742968476,-2.35088523152335,0.0606986921945229,0.227012247187439,0.433833699685049,-1.19789081155896,-0.300435548071429,-0.514795898267999,-0.650723935174389
-0.233624743731592,-0.426619442982054,0.155168850991135,0.0153352152688947,-0.441478290611731,0.266617574085739,5.79769519060234,-2.63135987549994,0.00550275884086414,-0.15658579161387,-0.182697007968798,-0.210087912211839,-1.54753853656595,-1.61294116520334,0.429506649593523
0.282590260745519,-0.338168806055232,0.0647043830555463,0.0261447603545443,0.184712820979623,0.0544133322231002,2.8435366209267,-2.5651399056325,0.0126926821104666,-0.215006394267041,0.098289349028745,-0.966234723129345,-0.392101707781776,-0.677156172677772,-0.334353436366983
0.320970844811781,0.850963593764915,0.00400557686105441,0.0534414379015439,0.518766543571354,0.216992101252609,-2.75622230188757,-0.700315243922192,-0.00265348983001351,0.00993281412993652,0.370830064643812,-1.25943069436484,2.62952009407986,0.957072360443613,-0.332620326714803
-0.166261308726479,0.181493587319953,-0.0504128338867535,-0.058094233364038,-0.55884682104312,0.144474658015156,2.03105332961867,0.68089953544436,-0.00343278270934952,-0.0346023896202988,0.0901626190247354,0.462820592743888,-1.09117987110017,-1.00682906652458,0.529856237952665
-0.760640437239136,-1.19231268262816,0.102711458013574,-0.0452477378834225,-0.677297156070294,0.116850154534357,2.67362777986385,2.94441615232574,0.0273049391951664,0.16983891810473,0.213405532518434,0.368690845485563,-1.53391536103603,-1.84266232097575,0.969035675323666
-0.177221266281706,-1.30159200079038,0.0344912334955427,-0.069971497554865,-0.173158547714551,0.208134108492764,2.20284137674599,-0.75571599515516,-0.100223743984066,0.347928669721575,0.0190153790397874,0.41178286787997,-1.01401967487499,-1.22956086619962,0.604433016660403
-0.169702623510673,0.456325197647121,0.00811837041308293,-0.0396107449404691,-0.521810652362931,0.213370361500054,4.20041505202723,0.538065721822198,0.0357829218619767,0.398313471487287,-0.159068850126623,0.639518084102147,-0.619494360987193,-0.839892691982782,0.887251183134941
-0.120350412400427,-2.08319879671949,0.13144448908153,-0.0240655746235113,0.769310111686891,0.258182532896528,1.30017190783595,-3.43174345947309,0.00960753035340792,-0.0266737555106706,-0.541765775875747,-0.140523137598485,-1.67337530479038,0.934375531170148,-0.503160167325751
-0.137367752857592,-1.73494062668273,0.103076619938223,-0.054691137924771,0.36620100546852,0.314773466174176,3.53918720508666,-3.4141129520104,0.012614187184297,-0.213689258205317,-0.563775818972928,0.0745076339602649,-1.87702835974313,-0.134902214221907,0.448742132118637
0.0327004162657654,-0.823372957183162,0.108901093474057,0.0410286835883903,0.102713918827325,0.00679616683512777,1.55103121958528,-3.32832499014604,-0.0303400151843338,-0.385216997617273,-0.11030010135273,-0.757033134238619,-1.51759500580378,0.400624333526417,-1.52015134400976
-0.18705295152947,-1.40871035213722,0.0990965897581341,-0.033342032254322,0.0412311841017991,0.247661238167364,3.00863975552607,-3.22931323952371,-0.0148147004177421,-0.433128720661258,-0.137912912979092,-0.409861619100594,-1.85382176885889,-0.567951605163354,-0.699542076736454
0.169496508124007,-0.194102248590582,0.0139646671064041,0.0143021955565437,0.203523182096554,0.0217084362455949,-0.476840700671747,-2.6715299914245,-0.0267035377216087,-0.518742549185929,-0.0796308169590413,-0.850675746191469,-0.566605850564512,1.47900038138511,-1.6201683321137
0.229001474124097,-0.152948677154577,-0.0155705934320188,0.0269095216660285,0.227520366573292,-0.218262045556538,-0.852635858850902,-3.12599997265877,-0.0084612933919323,-0.381241699433995,0.0439133033770286,-0.0191629508524415,-0.27107294138376,1.27415791933444,-1.1747888602932
0.235757259779904,0.225260379088188,0.0765983579866989,0.0915753129756362,0.433007710205746,-0.54917191549157,-2.47511004073759,-1.70113724469421,-0.0238112538583725,0.00155429722353473,0.0367341294778896,-1.49437924814311,1.46464036612374,0.956187654631146,-1.35253379912666
-0.148758562995658,-0.195001260225392,0.0851629647912336,0.0789284979352919,-0.0253570195019182,-0.157952029009636,-0.825228070699622,-1.90913466832782,-0.0654352073656432,0.143279155638832,-0.16146722082905,0.282149731183084,0.234611828707245,0.261742029343899,-0.627600752219883
0.162179258974106,-1.09802623007979,0.190077613466138,0.0214123056601841,0.434605839317281,0.344252292556472,-2.09519503242132,-1.4197091270317,-0.0674929864010481,-0.255800430738251,-0.574963561585096,0.558806063836564,-0.91510174075867,0.587717712216004,-0.851737451570738
0.0262399803992257,0.6008557883681,-0.0439262879045804,-0.0776415994154231,-0.0418364079017456,0.233830059919189,-1.69746527321456,3.41055554721134,-0.0944364066002805,0.242153660294082,0.323764358169591,0.427094976747325,0.355853532568491,-0.54071109206592,0.551470298595905
0.23121625147645,1.01570424620401,-0.0356001919983314,0.00961921141285935,0.915825057954256,-0.97151518485765,-1.85071693576453,-1.3814812028783,-0.0805011684811843,0.405118364627227,0.525592563455762,-0.535684840656865,2.94097343926913,1.27688398979964,0.144305194631923
0.254154046283895,0.685412930119166,-0.198907664969149,0.0129359105753299,0.20681718443274,-0.394109814945868,-0.12285961149769,-0.879896170629971,0.00606524120580974,0.0552363913972118,0.0195305802149685,0.629448727647611,1.26673411579803,0.685059633149595,0.312853205802758
0.224396559608348,0.482333070545659,-0.0850968315523121,-0.0323194081457077,0.398818824209638,0.24466441330303,2.60175921087638,-0.195422480867673,0.0486204985545108,0.488018462617583,0.298870693591196,0.760187143083484,1.80159083066687,0.119722031820914,0.764185916987115
0.281468409357515,0.903156609258837,-0.101267361352403,0.0339648987278553,0.625678209125065,-0.0300431663310452,-1.0750067748651,-1.17008075917901,0.0314206675505647,0.319047568721224,0.234547614844686,0.308878973820767,2.64638549911474,1.37996282117935,0.0297600881407517
0.335845224811337,0.69263413876668,-0.136796121595632,-0.0433477023129864,0.575751512104784,-0.155972325619849,2.17038861390091,-0.406078559776111,0.0759851887264763,0.524157975670669,0.563273896985642,0.449446045245312,2.6237570217819,0.644133809804213,0.892882183728018
0.124059255018325,-0.508757803423341,0.0362619011821967,0.0396155219756977,-0.312568999037446,-0.219625155087114,2.97348049706723,-2.38824041949839,-0.0853185207766648,-0.517250986422787,-0.387782906439038,-0.583556784236394,-1.18217194266165,-0.755331748366039,0.129184528329461
0.161082102819372,-1.44638629594038,0.188170939652041,-0.063247457256079,1.33219732483901,0.256993066729961,-0.0827601943008939,-2.55280687677801,-0.0144971706783146,-0.391221015498002,-0.919804354425629,-0.620977549197104,-0.851505256922847,0.527496053118387,-1.10704811140319
0.210687528653347,-0.261082652730471,-0.0139364899165262,-0.031284216097184,0.221261334832684,0.268866039721745,4.17337378614411,-2.78230478683492,-0.00975051981160008,0.0316812247097491,0.222615893480469,-0.82859674180872,-0.692228453340155,-1.11691110934885,0.272458265265067
-0.639941464451581,-1.89268074190393,0.0584176053791814,-0.0564399646149696,0.48579296919943,0.0776253346112922,4.30365495219134,-2.03727251133128,0.0123977610655157,-0.227391587447966,-0.055813666868529,-0.949451594812022,-1.87448407755667,-0.848110325186289,0.575500331394178
-0.0476706261547177,-1.82572321690423,0.136238278360343,-0.0349473346515615,0.391703368973714,0.0587987051852242,3.4365687981705,-2.08729099737828,0.0132766414019298,-0.0746308382142173,0.200214215371095,-0.476276295452274,-1.33649835651126,-0.793566314667223,0.123298883242175
0.112770671551121,0.548380960172577,-0.0401079532856525,-0.0172816495554308,-0.342883401518618,0.158431799706056,2.75941359146545,3.53153829983299,0.0499194406777846,0.146885804277347,0.063948906935179,0.491398023904422,-0.653577821525197,-0.780997222884633,0.8987195658876
-0.836153889153408,-0.962608678155548,-0.00418817242860761,0.00677806784520245,-0.863641206966519,-0.548471683500645,0.804236398035224,3.51393636695072,0.0463261528388993,0.156852244977668,-0.93525843626016,0.673509167210333,-1.29925244037542,-1.02918240598581,0.798919552053481
0.263351056060265,0.828081206315053,-0.225835316288136,0.0510338625751098,0.089951794813316,-0.835105809013651,-3.80371286152629,-0.463290016700075,-0.0439720857333895,-0.156695137071377,0.0524227978493979,-0.613144299151625,1.32833751983603,1.29887068213308,-0.682626500398467
0.154495475080778,0.624306592437665,-0.0360822436260443,-0.0313101575356273,-0.146991366153112,0.24319387870027,-3.86496890757999,-0.0527908098974411,0.0297492615259565,-0.382060862189739,0.240476081463607,-0.773341945291436,0.260487881856597,0.604084001914284,-0.589989296322173
-0.097500124620388,-0.434885348987807,0.0351038828751952,0.039548023278002,-0.154128240389794,0.0958370973569725,0.8167095385472,-0.381816333163149,-0.00429441569114892,-0.258648858017989,0.0228382961851944,-0.158274857108205,-0.703865408349779,-0.491574618298867,0.228968590592381
0.0745781897495947,-0.199205640913556,-0.0656804898306456,-0.108033013366292,0.671464080582106,0.263628441281314,-1.46062244126933,-0.111550448480762,0.0512437884261483,0.341972402000468,0.351867269458914,0.467536190519178,-0.397337940289727,0.583447266942751,-0.210517130946108
0.245257926927074,-1.1946814101975,0.0790331349501845,0.0214828046718314,0.456414345588956,0.33630190482479,0.231542470437464,0.00542820230149255,-0.0725552520014713,0.202034355547433,0.181735530737836,-0.016228369944181,-0.161141790535026,-0.400773718877185,0.372358184464498
0.136699251856222,-0.7396323489496,0.039548571484012,-0.0215803149066565,0.0660957328969294,0.272400029369986,-0.4027074107596,-1.14853507514025,-0.0375315788913727,0.199396785244576,0.232374909304386,-0.178123076705097,-0.233577260031114,0.515040382940212,-0.267288857617043
0.0627898330708085,0.871077518424382,-0.0684301872840122,0.0467789362034145,-0.136530334568303,-0.556505189480736,-5.60647776732287,3.13802717970767,-0.0243318776840066,0.188340113060213,0.0542709669640907,-0.0367862975048047,1.37064594151472,0.0469336070062149,0.0456395634797335
0.278173427499864,0.680729295367334,-0.051079572945356,0.00277399000605313,0.746008611453961,0.357468551149625,-1.17191474647018,-1.9409688653915,0.0287854265300062,0.229875003525334,0.514685310779991,-1.03678095212715,1.78675139041035,1.33752930470231,-0.878487805862755
0.223932876143401,0.633622700923531,-0.0451127233938935,0.0386187785791132,0.138711313762722,0.248228710006519,-2.99583019578399,-0.786768530359267,-0.0762898218997957,-0.119554224831366,0.137662746665447,-1.05365157542525,1.13716323325694,0.32841175259684,-0.541759337607466
0.260303123722197,0.771381982566111,-0.0372264729878119,0.0425441459539923,0.995610573917846,0.326799701655639,-3.93123023867856,-1.41011780495116,-0.0440974034176395,-0.00447138454730498,0.43978172487714,-1.43797646268289,2.96302396368646,1.57332573242535,-1.03541063528886
0.297074652919565,0.686612327883839,-0.10141372929163,-0.0379445551870186,0.267278395949285,0.229765058727285,-1.36001233513397,4.12839950029013,0.0679326678237399,0.512939899873346,0.549067325061274,-0.0573023381059448,1.11460159349424,0.324263437750114,0.770910541982532
0.0162695124611573,0.704978072259059,-0.163894918729486,-0.0328040518749999,-0.408356859516873,0.00896928462603055,-1.94821934933768,1.7961602220699,0.0385806773859527,-0.103874276688926,0.0717519534048974,0.719138031558917,-0.40811922655043,-0.300061889376239,0.417392820862012
0.18447478150172,1.06343068013073,0.0203806230089397,0.00665147639629302,-0.159703614908364,0.215095012847898,0.80159648801986,1.30416785469039,0.0543827069978801,0.29649985486928,0.0473986163991245,0.210232199000751,1.09542032754151,0.1873624150704,0.604895623793757
-0.290934332846476,0.0592521698177497,0.000252931524676712,-0.0237667910293909,-0.654947762980624,0.105084112183775,-2.67586484819404,4.53128389379844,-0.0255751443302248,-0.102905428311729,-0.45689371384063,0.551742793425578,-0.896401481204177,-0.843162986304911,0.518388911556595
-1.00772365567225,-1.21237093412227,0.0129532426283719,-0.172348812930348,-0.674698289568326,0.0779136984825493,1.14232521058883,2.14351169534139,-0.00626142897566703,0.131502053314247,-0.449663102962081,0.741282103213225,-1.64423096631635,-0.961936738171056,0.693808564392143
-0.30753070020622,0.0522698895711726,-0.00274646974390059,-0.00802795950831282,-0.748305283280004,-0.0116330850942742,-3.33426018025057,2.69449835112246,-0.0870070005521174,-0.532607405993651,-0.967142257405294,0.448092257358209,-0.812608549004025,-0.20843117519069,0.115794725383836
-0.0561190416588821,0.91172853128133,-0.0917309564867643,-0.0316396761574867,-0.00193826029746142,-0.477689819658917,1.66472979223784,5.02100284836139,0.044202002014512,0.481484843325755,0.473144078975797,0.165849106747688,1.14806190123038,-0.195735913106305,0.83584583295341
-0.123720645724201,0.699910228736816,-0.150343267727416,-0.0660478068784322,-0.206420812427712,0.199151591339546,2.74557028453512,5.46045319305258,0.0311298770572273,0.490355703579189,0.414183969936624,0.671626839614858,0.0931230321083587,-0.637554354275117,1.08895573297936
0.264286965513349,0.509774172890993,-0.00800186033100213,0.0837822524515484,0.0483905468776413,0.121105364248055,-1.95830970008934,-1.6410194442698,-0.0346076706889945,0.081473738338679,-0.0318782691494447,-0.385341367663846,0.785588674074879,0.488625694900221,-0.519886976782744
