Map,c1,c2,c5,c7,c8,c9,c10,c11,c12,c13,c14,c15,c16
america03,-0.6859984061535966,-0.7609273991123,-0.5518823748838003,0.768117968277894,0.32780831662203336,0.3551151555090557,0.7776441284835278,1.442497479126377,1.1432860273449976,-1.1544574333758966,-0.38359387940267514,-0.5198693721780987,-0.18830164098930285
america04,1.8884879909240344,1.4513145137957424,-0.5409565761507421,0.11312032385206088,0.8034608397096511,0.006032520288524453,1.9029104054579353,1.6977528468567065,1.1503100161578377,-1.1568467944406546,-0.3106576409913295,1.039530063583522,1.0315601122554903
america20,-0.3283375952089028,-0.4760470433108934,-0.5316165775914254,1.1737880536748562,0.9101446863840797,-0.12669236664539618,1.6941816157025376,2.6699155953660965,1.1198957151393891,-1.1298185002725631,0.3232242625961875,2.119733715661511,2.040267615480323
america35,0.4831904353321268,0.7477045401503944,-0.054786787697519226,0.8195892306509891,-0.4397486757780763,-0.8372967445477846,0.2811557401843565,1.3120386185190114,0.0349962660714959,-0.6608140105266982,-0.7604516451638185,-0.293938608573318,0.4334765975194506
america52,0.7266452838814446,0.4447919587804749,-0.2971351855679662,0.7067976029205731,0.27026433910043124,0.181377831844473,1.1412531892280546,1.037960810630678,0.9712058494056393,-1.050621382321014,1.1041486543600287,0.6760543687049929,0.29396709977918783
argentina10,0.05707774346666821,-0.045782192086996486,-0.8928180320772211,0.6664819812344575,0.19016426971737355,0.25871366412662167,0.6924533244392694,0.7394456705349394,0.9195659974818912,-0.8723875837009157,1.7123942618252486,2.1867013931194967,1.1406510464213007
argeria01,1.6062337379798715,1.4923115115514145,1.2926488675806165,-1.3160917765146591,-1.4964935421902783,-1.183524232737916,-1.505231710951761,-1.4632818718215836,-1.5927361953807513,0.41225961629616953,0.17506762267070355,-0.16733943463164588,-1.0108680793346143
argeria07,-1.2459489293940387,-1.205586999375382,-0.12148288216951782,-1.2519731220126677,-0.9676814976538801,-0.5812435902002615,-0.9175274097942376,-1.1393906644964806,-0.18797260606255878,0.7019021236855645,-1.224947785520498,-1.5539935792881192,-1.051505501443346
austria08,-1.2239184035270287,-1.194776121858166,-0.2896664575241497,0.22592272703383867,-1.242858922491029,-0.6842897287801455,-1.5928393083284245,-1.2330485770980957,1.1604170918950851,-1.1235947362043508,-1.3520761444922205,-1.052962651577805,-0.5682314730286698
austria13,-0.4668532516926358,-0.5832598701453903,0.329441816541573,2.086604509543834,2.6126200661717363,-0.1677170977964536,1.1923756468944762,0.800177148868898,0.5422130123159866,-0.4279248344624689,-0.9148502392303676,-0.11178146852645282,0.029689191372167474
austria20,1.4338523069073739,1.0212065999730706,0.9136063716068089,0.2640108913534317,-0.5555026840780102,-1.3131473550174204,0.4923994728380807,-0.2807267966208891,0.061653002450453825,-0.062289514593582375,-0.7528600243739058,-0.40757912633620036,-0.07173211835280546
austria22,1.101838031347499,0.708631208827415,1.269939663300119,1.7757465627090188,0.46949493162258144,-1.275772354492071,0.9856448354610209,0.31752016428410634,1.0221144893815266,-1.0525360454416461,0.38115293384546733,-0.06154787229098355,-0.020033400398819266
austria32,-0.4868785847155031,-0.6050528702774126,0.7347353143795239,1.6035186919626934,2.25397023389943,1.6731489723951485,1.123355618492449,1.8188400015482777,0.8770613621313784,-0.9057252282896349,-0.7603447899119764,-1.1734212651259386,-0.79866156561023
austria37,-0.8260035885026709,-0.8700909749586112,0.09557985046379378,-0.5538769781686288,2.4826298199753927,2.0041381341163063,0.7515061468923482,0.460325555996999,0.8953576252596569,-0.9352072012398149,-0.7668281124161327,-1.3682781147343235,-0.9756235087110283
belgium04,-0.07556341568964722,-0.27535134972887554,0.03140455851477967,1.4792357556497258,0.9053057767945252,-1.363970185590396,0.7651140801407952,0.047113186131428265,1.038080804231089,-0.9558318888485188,0.2561746531834069,0.8717437889543219,1.7923154531778682
belize01,1.454576672120838,2.0061975232378573,-1.0278469302356619,0.12078202853386386,0.1052078730409491,0.12430327688957907,0.8302145873751803,-0.07101315895802326,-1.0279596230013288,1.0260119483079015,1.3027431767730893,1.8391709744479805,2.254503494920377
belize04,0.7943281144092426,1.2961463509051616,-0.8221531104463793,0.1609671527819925,0.686432212411676,1.6202593340159692,0.4974464185859046,0.34194494998426683,-0.1490914673047256,0.0695881513287373,0.5312328922384542,0.12009764503493253,-0.06397480526993525
bolivia01,0.11936051549542456,0.27001359865960395,-0.3924951470317309,-0.07296601276561424,0.3634723540604361,0.5992764692968129,-0.3949298266126578,-1.0938452125430151,-1.3523777344398134,2.136008158280212,0.9562759047977046,0.7931930652322218,0.02044743484913563
bulgaria05,-0.24641706683392467,-0.4038300629477343,-0.653507857019277,0.586638415352074,1.5210501087737822,1.3713088051268503,1.7456400906801572,1.3909074127201908,-0.17438576240732706,-0.04161276690823625,-0.9823174539179981,0.18385680306545002,0.6424292362768982
bulgaria06,0.8267778474184785,0.5396997938622402,0.8403593277004092,0.21374665023494951,0.6986855106246318,-0.24281691073309392,1.6560803198534957,1.2161829299721238,0.18644947146347277,-0.2700517059680505,-1.5988977070403068,-1.4178177954609503,-0.944725789342599
burundi03,1.5046305047347888,2.0904197545569025,-0.8561018159916346,0.11312924376163212,-0.8412941696059816,-0.7873120765831076,0.587272681938089,-0.6667035929812708,-1.8540750907507018,1.9124415409216782,0.12694839562698979,1.4705803320566184,1.6256976380999681
canada33,-0.7089043585598088,-0.779993999434739,-0.20804429712926917,-1.081706157740125,0.8267826532256898,-1.099056220968998,1.0386897396386696,0.31323228972870365,1.1762487434470266,-1.17581512893165,-0.6265794225389011,0.26723063947919634,0.5074482305502938
canada34,-0.5994967381553772,-0.6705133615776886,-0.44231013292647614,-0.5719826326055862,2.3745024971194946,0.9267756040128919,1.4921794664883927,1.4524015638047636,1.0817543560377858,-1.1264431203222363,-0.05745765470425484,0.6126972273772926,0.14369382122914567
chile01,-0.22497581384849086,-0.3500763714516714,0.9303179322952468,-0.020760937622034403,1.2033928232533848,1.4465719091014004,0.10292988715450811,-0.023987885952614564,0.17826890057184006,-0.1850861867696126,0.9543618793970783,-0.6044315349016827,-0.76988716407393
chile03,-0.8294763664064415,-0.8767681572679659,-0.1884723085541432,-0.4269221108634409,0.42322747068303473,0.4349506574562061,0.2792875083801537,0.6848365921942005,0.9697847905619709,-1.0100067936607744,0.84808597646237,1.0888322965966102,0.5669011298499357
chile21,-1.660899174160659,-1.5450571241449433,-0.7788230242232321,-1.3439649469977908,-0.8190412856890272,-1.0502144138727074,-1.3124335673178245,0.9324945816672198,1.1687874502124722,-1.1479454829211557,-1.6742628650634048,-1.737066662212719,-0.9800455216593581
chile23,0.057316223274833954,0.3383482346395482,-0.9091289668391029,-0.8729415697116054,-0.5046170327424444,-0.06801980672672867,-0.28043194349718864,-0.4382151004209627,0.33935935316550947,-0.17473700025064454,0.32792259118776734,-0.08113350156024161,-0.10465293996246855
chile39,0.7993119554368766,0.5633222597744698,1.0454747269499383,-0.9522062219862155,-1.0417120285863162,-0.9129752739688114,-0.6808070481141002,-0.717507381686437,0.7874802822343444,-0.8040211433545406,-0.1312995903990391,-1.5716207608031492,-1.27425156359288
chile47,0.1208328823129099,0.6154406055316027,-0.4274827494602347,-1.5399014879659756,-1.3823069026514998,-1.032246980690322,-1.393204700064703,-1.4169262276527659,0.8077819746104999,-0.4057551774849404,1.4309002079935558,-0.3962064622014523,-1.1452102106692512
china10,-0.028413840374196503,-0.13306288768105984,2.4040229504014046,-1.2138500206572713,-1.2574668002213842,-0.5973430719905872,-1.4697060185071238,-1.165272248321502,0.09490845509345276,-0.5319548933124004,-0.3753854403580796,-0.862512053477101,-1.1555637339037959
china19,-1.2608348290693667,-1.222838324372932,2.342632682222924,-1.0640633143881102,0.8669757888313628,1.5020919953302678,-0.9929472495629075,0.18755717287985865,0.9698024919548679,-0.8855076587519837,-0.4906412423699509,-1.2720048720967194,-1.328460055751391
china41,-0.07367105574685923,-0.2527058150173217,2.4088361312798687,-0.554520323632664,0.3072730837459976,0.548145484223891,-0.2773774234907438,0.35566964027005116,0.30728784462205605,-0.48629213155992207,-0.7468530487554885,-0.8220207878433906,-1.0630678752430867
congo10,-0.916829386313252,-0.9313477045925435,-1.3228440496863871,-0.1479055851894448,-0.23389339835856632,0.7794266683967832,0.024173108402217182,-0.3093144031896607,-0.6549214548136008,0.8641775442836275,1.402764783671372,1.6152181739713558,1.8329246896516636
croatia07,0.9518677761798152,0.8235073938101594,-0.5575507284815019,-0.46044778821152993,0.7227483614942077,1.4842316000711724,0.7997193605357107,-0.4038682347786382,-2.009903135870394,1.7647214508461402,0.03782111442827607,0.5635026168525238,0.4727360552533469
cuba02,0.10026724934821166,-0.09179434332100432,0.06283395650789703,-0.27664793042711533,-0.6410769668680179,-0.8296076484713961,0.1597009907629647,-0.2724355156164815,0.40089989468559456,-0.5342922615081631,0.5269133431242571,1.2439082401820845,0.9403232119554287
ecuador01,-1.230397232127249,-1.1063356084080915,-0.2324160840615236,-0.9660385617520061,-0.9661284784777093,-0.20398161587015246,-1.484678935894505,-1.3388241710893367,0.5015628857379183,-0.1281996964182235,0.6481472931818454,-0.6281306210849422,-1.084066173273222
ejypt04,1.2309780647916007,1.3575360878314375,-0.38758699173702427,0.02549069148235525,-0.59618787666341,0.16974587616042722,-0.3389786349129701,-0.148395906312916,0.31582762498099115,-0.18513354748084582,-0.5799500645083023,-0.6987027561141074,-0.16343877923520234
eritrea02,1.0249622685705255,1.7871138787310434,-0.5415027969817272,-1.0641312229741806,-1.070654741628651,-0.3445592427123016,-0.942489205432273,-1.1109566413278702,-0.9984457315334557,0.6884966694596476,-0.37628099414116817,-0.12382648528147641,-0.715254008348991
germany08,-1.0305695059883089,-1.0395744585511617,0.8198179343143315,-0.1189725145767082,-0.2836820619149931,-1.2197715286829078,-0.4588846374636872,-0.4305935878265683,1.070562811393455,-1.0493793384924925,-0.32919210234354407,-0.5388051714881326,-0.6495345028810713
germany17,1.0084326714171983,1.164531468944847,-0.6859212894042266,1.557845070876819,0.4037757429972462,-1.2853666514592865,1.2466304442710912,0.9956933772470987,0.6439327394426552,-0.5367761423724499,0.09434843030255465,0.91206735034196,1.3791046497490551
greece06,0.863711271695404,0.6159691999847511,-0.1367171646875816,-0.37508650167262375,-0.01710132133804128,-0.6044332250020962,0.9159618508797125,-0.2901207070069501,0.3937426770319924,-0.4525691855360431,2.106566888662309,1.6037147248389052,0.9889434322265467
greece22,1.9624226630468873,1.6356817873743172,0.8346360184491595,0.16590235097555558,0.04061205455485329,-0.22499308342052085,0.5042602288959714,-0.31922416162470174,-0.9715923086742835,0.45437033504578656,0.8867500887339631,0.010964730754466677,-0.2986390065668932
hukuoka01,-0.32069652304660384,-0.34510407158476586,0.3816506659280037,0.01940898449239717,-0.9905785624027617,-0.18801609800186111,-1.025550994432357,-0.8846020799037219,0.4029832334818814,-0.21495429866562107,1.9074552556876962,0.21847726835958783,-0.8916553704882091
hungary01,-0.5742399464403594,-0.6710958693390203,1.3951468918582173,-0.042554799624788676,-0.303954831828322,-0.8234295056598397,-0.1780790949828033,-0.09854494911381313,-0.2897116837195993,0.37841057321872684,-0.0035277160908433855,-0.1814585837181206,-0.4466699612706163
ibaragi,0.4742301839732056,0.3305591120625376,-0.7266873561920261,2.273323490434429,-0.7986902655992384,-0.6708448885185053,0.07704317158620799,-0.46868186377951626,-1.292907270308677,1.6583187087673144,0.12760485354886938,0.06784116831887327,0.48223461422805314
iceland06,-1.6282381814307725,-1.5191045533696974,1.7249273910908958,-1.564962537609863,-0.7584494924257406,-0.44201736862273194,-1.6218378248047072,0.60440635971107,1.1762487434470266,-1.17581512893165,-1.2556877134422173,-1.4999481506392205,-1.2696519811444318
iceland07,-1.6970392135959491,-1.573349079159984,1.1799729117081514,-1.8262298117468954,-1.7365592679938484,-1.5135122043898563,-1.8747766579060297,-1.4921275649628596,1.1762487434470266,-1.17581512893165,-1.1934282445045756,-1.2687270570956204,-1.0745425604007923
india06,-0.7956097791952426,-0.7252097413336795,-0.36659766825797546,-1.0274989057486321,0.04814716860391003,1.898212519168395,-1.0430229021489192,-0.433911301983534,-0.5005187426335401,1.1538754256035966,-0.21376627664441897,-0.1748965552326741,-0.8498842595074556
india10,0.6551481584339097,0.8975598322515783,-0.43554518007222304,-0.8414816658810014,-0.9345453602919295,-0.8011272535157514,-0.24153349452909031,-0.6404231779968228,-0.8269589503425305,1.264571185323301,0.4619739023698877,0.8515710988465569,1.274961860383787
india13,-0.12619905279804214,-0.12343287487863233,0.10197575935403985,-1.2709446470877304,-0.8477892756168801,-0.2136937814528847,-1.1005975002054853,-1.059604940438507,-0.5650560987436436,0.16099537865209065,0.8994479879506233,1.1830692219387982,-0.32036386763103286
indonesia43,0.8252791173602605,1.151767632212895,-0.6776432856842582,-0.048873824044521494,1.6890691171166847,1.0483599332121547,0.5033220830635817,1.1735982485747354,-0.5830046963670285,0.2794758723984226,-1.0455560829002852,-1.2723176299581422,-0.4442741823007346
indonesia63,-0.5630989868476487,-0.5847390861393051,-1.0684401650131976,-1.193190494556696,-1.2023565732894121,-1.1121099243834633,-0.7340073357477209,-1.1766948046719032,-0.514121336039671,1.6815674568806471,-0.22758539387991045,-0.44024018410362337,0.8547015164828092
indonesia79,-0.8046532552530965,-0.83530131562712,-1.1458844361738483,0.013705921829014905,-0.12228992841786945,-0.36388674497979484,0.6410850854250092,0.5142805937166451,-0.9099235150005401,0.4825955612024034,-1.2132186387403694,-1.8310649881143837,-0.5831291469629506
indonesia80,1.1004412881687657,1.2374018876337505,-1.194737094766002,-0.28024968363312963,-0.5409311353899351,-0.40984301791848615,0.6281681794451096,-0.22821192082346223,-2.085391672396794,1.5170014239292322,-0.24672613170283517,-0.7269630650694472,0.39323690603709194
ishikawa,0.8085797539828072,1.7537121266758675,-0.2849975297653137,0.1351593710132396,-0.5628809237629455,0.0525032816616454,-0.14696780854749658,-0.9502903644097405,-1.9433573645001658,2.099849327991008,1.788488740820761,1.0941477085897826,0.4952219284608604
italy16,-0.06964906669470165,-0.23760639350972637,0.4124036114965299,-0.0684067652768924,0.5193979063235218,1.5030787318476342,0.05415060803428043,-0.10245656522090467,0.6728668078321631,-0.755066090981606,-0.8677144750002588,-1.1615285322723496,-0.7838390533691213
italy36,-0.8804204794131992,-0.91627645556783,1.3174339429863153,-0.6652520482628904,1.5291282971652207,0.2710732055570123,-0.5355436742665997,-0.6282221072046209,0.4948524282114871,-0.5386385644727765,-1.2945249840890471,-1.99571043926894,-1.1953086109061013
italy54,-0.893152752741159,-0.9060520763343105,-0.4493289063204,2.086801664716702,-0.3233584255652813,-0.9531158477156512,-0.9784813303138303,-0.062428386544174964,0.9821816400274819,-0.7876375994235604,-1.0484122697558107,-1.2189537037605704,-0.9377013027681629
mongolia05,-1.5310672397024225,-1.4408901126285147,0.04536923000688622,-0.8499434417987761,0.00993070191392215,1.057889057407557,-1.2058775981476137,0.3494527337541597,1.0527749705211626,-1.0581919462587623,-0.43020176015217504,-0.810018832880663,-1.2163820706294097
myanmar03,-1.417539054169357,-1.3495048756559223,-1.3670837190650058,-0.2395949761511771,1.0829218205264113,0.2965091538727816,0.038269459799291985,1.4579667120593738,0.3240786794232549,0.13875985818137132,-1.325394646045024,1.0443821614043094,0.7670504552945262
myanmar11,-1.1038273797125937,-1.0803143520083558,-1.3517634694707474,-0.19685815403942705,1.621658281526792,1.716729994192938,0.6883819717956899,1.3880933170035035,-0.009099240492625242,-0.12856919888672919,-1.485420242707583,-0.2652961821980793,-0.5268580926742884
myanmar12,2.302730325461776,1.8698010875285866,-1.5380067103248536,0.8048427858047418,-0.5630601511573591,-0.7131635598542688,1.3376961867265245,0.19259856097671652,-1.3263684845671533,1.1194321273494137,-1.0401841310156255,0.329637478074089,2.167356643423793
myanmar13,1.2183715820995886,1.0040072820379158,-1.4988601058774507,0.4205594793020948,-0.3502543992302652,-0.4157624181570772,1.4074338352358438,0.3426379136848294,-0.72822774332742,0.6261566818721366,-1.3196824329532626,-0.6496990123447911,1.0964465756240849
myanmar14,1.1184042904870992,0.7934999699606319,-1.2186288688181182,0.5134428438963637,0.2781651975415081,0.4777043656701685,1.4911694818598205,0.15740824559871175,-1.5090235858626746,1.3227588777412513,-0.44408269198522365,1.6533247888813263,2.2500188472277367
myanmar15,0.9584400950562453,0.7429576418550654,-1.2499599488748883,0.14472590121504106,0.17958745206281132,-0.1352188215628472,1.277320204699404,0.03930849107968516,-0.03897372709361154,0.05055039133930927,-0.31197429711005564,1.2208269275569583,1.6155727316821638
nara01,-0.029633017259046487,-0.18802951136778598,-0.6780074567685925,0.5496486710137647,-0.7701400149769543,-0.5573353434912608,0.1693854591012339,-0.3050585977311268,-1.3910170354798943,2.336985877364773,0.996434780726954,1.010755188604933,1.9630671613802713
netherlands04,-0.5023140272218434,-0.6069929113145501,-0.8937556664129896,1.4129736735921086,-0.47758789399982954,-1.3644533645818506,-0.35115738198337565,0.5332149255936481,0.4037240377501534,-0.5224192088212478,0.10952707856224382,0.3266196334475821,0.9502946632496792
new-zealand02,-0.5835531578658467,-0.67957287292499,-0.7279234807463559,1.4320334699919854,0.5483161795853161,-0.6850685120144395,0.9468043203319721,1.5791515444162703,0.9798578394210463,-0.932937728276083,-0.7656116223431656,0.6627876255575481,1.1544995883883846
new-zealand20,-0.558166180720085,-0.6543430904623941,1.4518009160727887,1.8288587441457629,-0.9323725886709441,-1.0299444743544983,-0.7486902966473548,-0.6851515255068582,0.8067730732814455,-0.8442123186744545,0.3283410612604156,-0.5689812503143996,-0.7768176985319005
okayama,-0.4380757705185078,-0.40892009843267224,-0.5504552513909611,1.9124773760452023,-1.4233628762911832,-1.1155327103317494,-1.1980149142511092,-1.2834117217257959,0.14045148476669037,0.8305029050478453,2.183119367706444,1.4138445971389544,-0.10255467602806273
peru13,-0.763346871953203,-0.7837034356409164,-0.2229371010449889,-0.22387928172134963,0.8198160121003827,2.2798595860028485,-0.24327047544754973,-0.11708076759282597,0.932963805093539,-0.9318349541997614,1.017152876110474,0.5565289099545487,-0.39458290790190303
peru17,-1.5126436463053539,-1.4246379250702719,-0.0216905409773246,-1.2061382443152846,-0.43075981612458547,1.987539676639959,-1.5281108083205592,-0.7899876130471523,1.077794386607042,-1.1041054597388844,1.1853826204748406,-0.026713121792686003,-1.1231784393579898
peru19,-0.22611532609459484,0.019129817280163768,-0.4934215874267424,-0.7613079562939851,-0.17498494931792616,1.1445771459841982,-0.7822551080674116,-0.6609614757673905,0.6594545385533408,-0.4765885158404117,2.221726840455864,1.5063545718510316,0.006683449786876474
peru24,-1.529012056758482,-1.4311584956461625,-0.250030957906416,-1.6322152793486444,-1.3239516157386533,-0.41807279310120316,-1.747865038123428,-1.4880108147566755,0.7613379401358769,-0.6325423232073416,2.1866701445495944,0.7917227577654029,-1.1703737191960433
philippines20,1.3535839173332265,1.0382012071317437,-0.9931588984563381,1.9558536859457476,1.94280194521166,1.0018297060997694,1.6779126696003765,1.0593708622030007,-1.5491559027867634,0.9808902804840908,-0.9232936440655944,-0.8172640274230831,-0.30997902702433194
philippines22,-0.20258201811328627,-0.34738885209964687,-1.0931267786752186,0.41816617758378943,0.872358133190025,0.21176213465637522,1.4396052257827006,2.3281571987336083,-1.5554071291936775,0.8952068181909713,-0.7893364427329421,0.7263512459398395,1.5577201500996503
philippines25,0.13862837937701725,0.03441370167742718,-1.0758605297184525,0.1803248803338437,-0.25531319511257117,1.5914637132011829,-0.06630337101262908,-0.5671299437528944,-0.9760245461930677,1.4788624754419086,-0.5045847099550836,-1.119096030804366,-0.5198711869464394
philippines30,0.9463503683676587,0.7675428050903573,-0.991525472738092,-0.22542187925175242,0.3365057148462523,1.5677732324166314,0.6833813428228042,0.0713452560996866,-2.087329096679366,1.7352117314777507,-1.3853223112823378,-0.977463748428288,-0.6361494580218918
philippines34,-0.4571855544605027,-0.5020945181827803,-0.9569543144157646,-0.36745628044286477,-0.1743123218338503,-0.38194620645543054,0.27861040696273737,-0.5863831318660502,-2.1579189337338773,0.9315608608430366,-1.0374633681002905,-0.6633212552217992,-0.28088832002926345
romania06,0.5249163363455571,1.196888620260393,1.4987319525184088,-0.9169727064821156,0.7813243897301337,1.6627438763480333,-0.5863885655874005,-0.11614816474100435,0.6846137214806641,-0.7575607302390897,-0.5434090347518796,-1.0156245584914132,-1.2205504128632818
russia08,-0.5178291122547567,-0.5999410193560952,1.5359370781550565,-1.0464672675299997,2.4346322932112994,1.9236439157906204,-0.4960513342368743,2.4451611297471394,0.5651463573067879,-1.0249449285959158,-1.0973705001845684,-1.1950863374677432,-1.0526986933224627
sapporo,1.3815974615548723,1.0661643934443368,-0.14509147679296294,0.9244408909048413,-0.4714647040039744,-0.4413594763806049,0.4985986338973232,-0.2075596398898078,-0.6225393814795613,0.8845975742702814,0.9762574879041963,1.3819502696197954,1.1134018009089637
serbia02,0.4877433377077971,0.21547977951178698,0.009730977625322126,-0.46187028280987735,0.7703467194909556,-0.9311812895471474,1.2125114194957822,-0.5716718419351897,-1.1627159066048904,1.21462217839274,0.21136517283437675,0.6285328975661791,1.005607405950387
serbia04,0.03139317514072187,-0.16118764457060628,-0.18474910648102774,0.14399518133568065,1.1295945172339799,0.4598895020121891,1.0095127152716867,-0.12696083722950066,-0.5768343752789977,0.2137280383976938,-0.5599279841189769,-0.4395660399080356,-0.27639114538776055
singapore20,-1.3398062677108846,-1.2857431876559722,-0.05270016885112898,-1.1310669795385624,-1.0921492166097302,-1.020133915521948,-1.179974324084161,-1.0537620678251445,0.880631071470688,-0.7425256508593415,-0.2523334848784095,0.6795139646153211,0.3056735334908426
slovenia06,-0.7919707619592695,-0.835530521004455,0.09740248534470032,1.6093089014385704,-0.09580649327036649,0.9612195424459774,-0.58151717645274,-0.5077058574229728,0.15118932143834232,-0.11954059091567316,-0.22173277373221653,-0.5588849556190575,-0.5386271611302547
slovenia10,-1.1444023364854063,-1.120167889143957,-0.3994524387335374,0.77458367404766,-0.7167360801663482,-0.6137880266274027,-0.6946613529658819,-0.7550897583493634,-0.13173122143521593,0.37841057321872684,-0.263196630520211,0.6487892158500682,0.40327412381286826
spain07,1.0445360212259973,0.6447056835989209,1.3246209199832595,0.47678166836677166,-0.7614325450714974,-1.2794146829633462,-0.6120796297378461,-0.26657511456605565,-0.49244737586971626,0.028662660097582816,1.0598732841010614,0.07821496523291896,0.028599346821162636
tokyo03,-0.6835539107272677,-0.6817610298145829,-0.9046613093000743,-0.8243784447500303,-1.352556809636126,-1.0635310583523565,-0.9216833988091186,-1.3051129310054377,-0.7732740605966304,1.651746245581982,1.3240334970099288,1.5475616997911372,1.1720717659047262
tokyo12,2.289084067489319,1.9526040953034962,-0.24108018510491652,1.5368654011302512,-0.7856800780489309,-0.6835552790327004,0.3978136293697949,-0.4820489939252492,-1.9303526663772643,1.5852572818486583,1.0036641935763264,0.3154780185431179,0.7901250950985584
tokyo21,2.0537511756297104,2.0200191741593936,-0.6560444114454603,0.7334752422347902,-1.0778984760839263,-0.844595226449762,-0.09243033101870468,-1.0218536443412642,-2.2176870330273797,2.2728460328256403,2.136236808371629,1.6939052493715816,1.4586664337096238
turkey13,0.6480156110178603,0.8474957546156995,1.8061769120262219,-1.3943184421838595,-1.4411713275939935,-1.06116605412342,-1.5152755247524303,-1.420307486546769,-0.05210634559104417,0.1282051920391445,0.8443789046378349,0.3113719198848577,-1.0170125477514866
turkey18,0.45721149867551586,0.2511959392158987,0.9040596290835231,-0.9268860262572067,0.7897955769091812,-0.1238875371550371,0.36487321947515516,-0.21827193945745663,0.9805586155120095,-1.030855830731838,-0.2997623280707159,-0.317525017466483,-0.5146286588476396
turkey33,0.6590196188542538,0.5445054427260675,0.6819136260477792,-1.1125742604344013,-0.1733255862903238,1.8273496464687315,-0.836156504324675,-0.09413980656613331,0.39986083072950496,-0.423226482338063,0.8051658889777769,0.27575066782504143,-0.8957109701823219
ukraine01,-0.5115514712794418,-0.6283561464789833,2.003183138596388,0.5925253936468964,0.7036240261672874,-0.7793114259858119,0.4081299270505506,1.2661013188231145,0.8496660170813857,-0.8426970912739439,-0.7142867279503488,-0.9201888773116869,-0.750176010039378
ukraine11,-1.0293653432703342,-1.0426080287388284,0.9315359583861144,0.3031158723211397,0.02826139511331335,0.5491610797737277,-0.30700304204197315,1.155378454954512,1.170594260854562,-1.1537533143770367,-1.462403682248155,-1.0752117134861592,-0.9430659686183668
ukraine12,0.34512748693671585,0.06223922146972156,1.1035211592584142,1.7624738057403915,0.8645953192814364,-0.6319268675524241,1.5958750209139942,2.7094871519366044,0.7331793079018303,-0.8438531972023647,-0.6428808078450386,-0.3187370181643585,-0.08389578569792844
venezuela01,-0.8768705134342923,1.4367370995558841,2.09275929075803,-0.8856906434088699,-0.9005847673846337,0.2794684802024667,-1.569473850870011,-1.2382297983480068,0.5069178010424344,-0.48594604320135815,0.9100343669562517,-0.27157059886128126,-1.3202843425765225
venezuela02,-1.4686786498598525,-1.389912135813583,2.2260701647925254,-0.7430777664561223,-1.0054169845154461,0.3032355910065613,-1.635644783852039,-1.3112581489879507,1.0307615124680465,-0.9669174488666616,0.21122967478731802,-0.7234863212240007,-1.3225893011671617
yamanashi,-0.21721101301056703,-0.34767436770365284,-0.6245708189628463,0.6354121597375136,-0.5198246590150846,0.2591060557143379,-0.08448409723890765,0.15809709026541516,-0.5556649438392506,0.7791911752054386,0.596221884698822,0.5324253756448362,0.7724495702541008
