"degree_sd","centralization_degree","bridges_ratio","assortativity","moran_i_degree","getis_gi_degree_mean","rosval_mean","orientation_entropy","d_value","c1","c2","c5","c7","c8","c9","c11","c13","c14","c15","c16"
0.764603243306016,-0.00251596658509533,-0.291185891476363,0.155632716712896,-0.744060389765633,1.25911846358733,-0.249562584199186,0.353611013895164,-0.30406352144912,1.76441824083439,-1.9900035725486,1.24603867008921,0.329097246523268,-0.293139859103208,-0.372773497390459,1.50802064648843,1.67143077550924,2.36561295040207,-4.57423899243697,1.9295173132801
0.625156390404291,-0.218123890954664,-0.557955367963736,0.10871920323821,0.483355490489897,0.221705476393352,-0.0752505811083946,0.780505303376895,2.81020986572638,-4.79553545008461,4.44074868376458,1.73223130374474,0.0207534176836299,-0.427124343968761,-0.112129793372596,1.63049502709466,1.88424240597324,1.49729524200004,7.73675788024738,-15.6995268197276
0.401600942643754,-0.167298290875052,-0.528537469415568,-0.0668703724125321,-1.04581167909996,0.697804938527596,-0.0447897261395703,0.945025543703244,3.60740596968393,1.21642202675055,-1.68150868973888,0.85738424252845,0.447007805771536,-0.579681681940536,0.084960215030905,2.79617462107385,1.48616358438086,-1.46091394553081,16.3746261621027,-32.2648416318671
0.483042115544064,0.0821805247623064,-3.21446393097519,-0.121464776803636,-1.19339782662281,-0.352319142325856,-0.127683651338753,0.266396080157849,2.22532644885949,-1.2233073711228,2.53087221499396,0.161466544399235,0.27601031531551,0.331941731116626,1.39442134950778,1.27749826892264,0.883355800273104,3.76512162041474,-2.42506068423546,-6.46917253726063
0.405830724363207,-0.21464860677229,2.20720103161932,0.420878170119718,0.0163090525420728,3.70800956188942,0.03780432993872,0.0330920013787233,2.79452651978131,-1.21592944132372,1.12970087597428,0.731975156428905,0.223350925394841,-0.189008010780685,-0.190633688001156,1.17641011345578,1.71037805517395,-5.27080316495373,5.02908695899084,-5.65052074453907
0.35510024430531,-0.18144146091454,1.79559168922689,0.156214191802083,0.159912805930257,2.17349364766898,0.102905930133768,1.36389758365867,1.94276943019062,-0.0644200393970077,0.0521294399477939,2.21133433070527,0.209869572774558,-0.190244993341253,-0.463969163398958,0.887424990493937,1.52642712182149,-8.78737985010866,16.2226004590544,-17.5730331872021
-0.517194074569431,-0.0870453237269204,1.39972840163593,0.0353522916589383,0.188741037388231,-0.964019539595339,0.153550280402378,-0.38433817279287,-0.533662821511787,-3.87211586427589,4.47442182208454,-3.52068717793435,-0.508481787406114,1.02108184142233,1.86311276762408,-1.53607322330677,-0.661706360149377,-0.709383776050295,-0.806914591537583,15.84405057258
-0.0627942237074472,0.119382416553469,-0.173853745117434,-0.232369962925299,0.392346903651987,-3.4102162254531,-0.249412881372244,-0.216095390213646,-4.01560458995925,3.17850081140305,-3.42327388702946,0.226509560446135,-0.481982408102153,0.618389666083274,0.7835936573907,-1.04831361212327,-1.4214875254906,6.13864216092653,-11.3270599209808,16.0691041347637
0.634456497079714,0.636879510213913,-4.52098312058055,-0.594286890727032,-0.994119691855957,-0.837755109920165,-0.112442144971355,-0.383637673818807,-0.384966466731329,3.27346138770379,-3.68533978368713,0.70502388891892,0.0317212070208501,0.829962612148036,1.07108849455159,-1.39413625247797,1.75644073578651,8.17237535297093,-8.21601246993604,7.83882569870386
0.444057963131892,0.225709858406791,-0.957247967274484,-0.126764383149111,-0.906712667035729,0.716095688495667,-0.288646253890405,-0.0618226950002618,0.996492001316859,1.02495506631731,-1.75172405785442,-0.977880044677993,0.806838411405748,-1.7588545211681,0.440054839309339,0.983145510237623,0.803336570730314,4.65346111837222,-0.770051671785436,-1.0324821177633
-0.351787380312077,0.0919176280036961,1.9832008366079,0.115300048079911,0.129785267315464,-0.70852629102843,-0.234680163976316,-0.152425859709046,1.32278138043024,-3.42392501821145,3.59680810751696,-2.10244810532255,0.0834774143128288,0.367031585557888,2.38636761889631,-0.229652211543957,0.0464333416676149,4.95896896314578,-4.12517237298934,1.2325957719358
-0.357227485066321,-0.156915991295486,3.1139865437035,0.249777865599457,0.351789196247438,-0.575882785390937,-0.140025359868967,-0.214119077648615,3.48470061775053,-2.53052451869347,2.43817987727462,-3.04183124484521,0.618048326827536,-0.292639537702612,1.93682290763236,0.428077453630324,1.7716104374186,-2.0186083661968,-0.201662319561094,0.257755743135018
0.483717890133932,0.205072689962723,-0.144499222768814,-0.0440406214956589,-0.241040218120733,-0.0191412402428048,-0.245605249132599,-0.123331455564684,0.741279628405256,0.874273464365721,-2.08871859716956,-1.93947039200097,0.630674413246405,-1.51439222140884,-2.6469299500055,1.88629589339661,1.53609800296817,3.91372302788636,-8.78284388872743,12.8027444728458
-0.0773209440979463,0.0558472874829962,-2.98474082635479,-0.307469385979304,-0.7629958540651,-1.34893431377566,-0.0142255520500431,-0.309700740017183,-1.94439392496955,2.082974573587,-3.18517211741167,-0.336000041396939,-0.192531335275474,-1.60640755646719,-3.2191961265079,0.445894797863216,1.50792896347883,3.85316646068754,-10.4647277162333,15.9494108766695
-0.481133764382033,-0.168267495174775,3.66517080770704,0.179095669425911,0.0707100124713592,0.469857363818754,-0.141174862246667,-0.241068478891992,3.96936347811165,0.257052763040217,-0.868423339208333,0.0881129538339173,0.431308584411895,-0.542764760401064,2.22220917828945,0.137691465620735,1.55287950218843,-0.925056237145729,5.67704118188865,-28.071496915345
0.189480845174143,-0.251472565410168,1.44072274309918,0.197497746707117,-0.0178028055473527,1.51949717233226,0.324079512124938,-0.236271666001593,2.91890356974385,-3.71744965695997,5.97742549947907,2.85705691389703,0.0068392438777961,-0.0618000319377642,-0.0982502029158831,-0.150372280220794,-1.73237173925446,-6.49986564491981,14.4704793838089,-35.6801939875696
-0.655562592388413,-0.254695503180351,2.530590672722,0.180127667982162,0.278564014316936,0.769774860837248,0.0242471498091106,0.486770888342999,-1.3603157260059,-1.63786059196428,4.44913074081223,2.01960619631526,0.0334477008542616,-0.470204894148505,-2.4617653032708,0.278355378281161,0.00652676292752517,-2.42256561227554,1.24420495926363,-0.353617402278799
-0.750954055941116,-0.223596977476205,2.79190520859911,0.487643723007384,1.58437201077881,0.0389281487533579,0.0973879781545027,-0.0517222844346845,0.728572747282984,0.134538298495692,1.02652510856886,1.16084372811546,-0.0722078248911678,-0.277726124308589,-1.19725979358779,-0.925240766595927,-3.32817323535007,-4.22125779296563,5.62129370154728,-1.14600658736294
0.22568912065751,0.0896251381819171,0.0722316615940402,-0.06635152375716,-0.54136901045477,0.790873263563134,-0.273936719031452,-0.363357797164004,0.440202186165502,0.451652013743192,-1.47705167267476,1.72623209461109,0.24252442153217,-1.03568127260112,-2.27402342930224,1.35251436550779,-0.231341227204327,5.66029309488962,0.998011832597363,-10.2820241377181
0.552765378012284,1.58797452834688,-6.66246411075943,-0.637159630446533,-1.39297054051622,-0.550220267651137,-0.384509536593604,0.0391014083737493,-0.790258909971093,-2.00583119110098,1.21421303588185,-2.53232932916025,0.0970399644648825,-0.327282949067279,0.407222115950925,1.18025831008193,0.250445520029577,8.43575784166884,-9.80965505908664,14.8373102150179
0.11895696356144,-0.14393953868399,0.277774228642946,0.0315306576083727,0.575853715139644,0.144827800300271,0.141534057311122,-0.0509697774607252,1.07885440280944,-3.80542227640033,6.42138827268055,1.91993757583405,0.0496814460327998,0.622745529413347,1.22704768168262,-0.715133122804784,-3.34189883456481,-0.110131777936044,9.69855797035747,-24.2844206465281
0.533995655275396,0.232703921284046,-2.58571747298652,-0.470422007169607,-1.67784635536978,1.66556799264738,-0.0456909503560247,-0.330490518838994,2.17076863799233,1.33862829806362,-2.97230440067841,0.311602080843134,-0.384038084919678,-0.469218257584809,1.73228333295546,0.294536037335685,2.13225423605681,3.38941044448615,2.2973424394629,-7.4387234402149
0.139505182372472,-0.23963160866011,0.314452459695307,0.030153714437799,-0.645574841072915,1.39008678578329,-0.191831775331607,0.146038954463093,0.651179743227622,1.56311690443819,-2.11469002251957,1.20092514330366,-0.154207347498357,-1.55296041266242,-1.26697907415648,1.32570530044223,1.62773642218749,-0.236606578102176,3.23850502526921,-0.380316090662235
0.308645062749638,-0.174513134147981,1.91236624846297,0.28856263856929,0.17717097732609,1.42344525729243,-0.0723614680631144,0.29009975084449,1.29046700360183,0.283872063487705,-1.34825780706287,-2.47191937476387,-0.0146327899896703,-0.802817029233215,-2.2675999094082,0.176611535049619,0.199662158995895,-4.79032848497094,-4.07936535062002,12.02544699125
0.389031160922005,-0.0740848271183125,0.74883836930989,0.132234664621603,-0.388682886717552,2.62332329426077,0.0361268901742546,-0.0765039782264528,2.3097875066225,2.07221720814323,-3.45932537122666,0.408952218446127,-0.164343348632628,-0.303417891028057,-0.626134752155148,0.858735998277657,1.68420280456719,-4.86453376555231,8.50668511904463,-8.50402514114653
0.302852076344696,0.745113709742586,-4.231746303036,-0.351878430921691,-0.93990501863308,-1.57197902318074,-0.327612763600615,-0.150898161862376,-6.01499027808115,3.95579308844104,-5.43609240325392,2.42580748394794,-0.424231913181208,0.588646686397057,1.57585559991411,0.78695807417544,1.80245013954847,8.29369254700057,-14.4498132113014,17.5926199924024
-0.139562770433322,-0.114933870743627,0.753207459876505,0.0828923503127252,-0.0758163837921334,0.0693230890645231,0.194460188139543,-0.277021470697548,-0.401633980656243,-0.348496341093855,1.30926814085498,2.44943635717166,-0.322481473125483,0.381267977957682,0.273574613030849,-0.718915575741255,0.152468331905785,-2.29707557226072,-0.297253208694943,2.21415090455571
-0.0956303412474739,-0.0907115703458938,1.79662797309753,0.146539905273791,0.70281095663051,-0.313954116504514,-0.175968342965544,0.151186939046108,-2.43074727104214,-2.05571094207809,1.16863577438308,-2.7805968995134,-0.344959564600552,0.61454036784455,1.57545539992513,-0.841026989298375,1.22370846400176,0.140521989645825,-11.6045495726025,22.0605778606587
-0.662123655619533,-0.296058720893386,2.54321159548548,0.111572717588042,-0.0273500688560817,1.64255091337047,0.0629987038793064,-0.0363621584538273,-2.79278531017331,-0.28079176449571,2.65144051641582,1.09928124392225,-0.629300882133981,0.916025067977876,1.73218227716505,-1.42715710355239,0.575774369613972,-8.22554355754185,-2.62346862756677,18.0592513497301
0.67447379663328,0.00225585285701219,0.549825296176113,0.217421205141498,1.27862372193518,1.1347918376422,-0.186507632286733,0.917949141108548,-0.936932169148797,0.0711031863114528,-0.328384712272883,-6.43176073628546,-0.471830300103009,0.818953225071729,0.90192793918759,-1.37402259635553,0.803434662313778,2.06097273987785,-5.40855306784127,16.8051410364407
0.079039046987686,0.240849119399979,2.56999061022682,0.395030111528293,0.304360993180769,1.81538356849892,-0.419789548345245,-0.152522889480813,-2.94224979398569,2.68954461971844,-3.48212833544419,-5.89172448626157,-0.372021637630885,-0.57229761510006,-2.5690079729281,0.289705081103503,1.48580676607467,2.12987156251173,-9.82103331701316,20.9884909293669
-0.152371052638518,0.47770404122002,1.23831967541952,0.155097857890938,0.536091248791219,-0.833869968941108,-0.283875787996255,1.14912548404128,-0.495016742395754,0.353378020490588,-0.614872935497597,-5.83621949373298,-0.237861037586881,-0.220282303287659,-0.60920414330717,0.280989845086196,0.41502618303926,3.77276872846696,-7.22902729129253,17.2356889033733
-0.00332224566614229,-0.251858920554462,0.641661255783604,-0.0435427657847073,-0.438775290587629,0.803204195231723,0.388261256636654,-0.400608249371778,0.571380060380117,2.14487932839211,-3.07872997841081,3.06381974893826,-0.0560478418794457,0.172342122582607,-1.03308721009678,-0.276591805690535,-1.5270067427504,-7.04000089794823,11.8818569506785,-28.5343609438146
-0.104019770099835,-0.22469320406229,-0.802983907780802,-0.0638296300327374,0.654663840183553,-1.3710206681791,0.0773102423151406,-0.0768359867020775,0.435032213489456,-2.59632293121128,2.27782990697454,1.17098964864843,-0.1161026944282,-0.45481094638152,-2.41992375112825,-0.438138709766987,-2.85489886852493,-0.497848176781291,3.7273048002166,-6.09544835289714
-0.358766002001401,-0.20201960409311,2.95979296004902,0.327116058115574,0.647152459385049,0.936066973462393,0.0456405957355549,0.4152454302788,3.6186951028617,-0.306709641775967,0.0386643314687115,-0.39719760246717,-0.163682301131539,0.390478429268461,1.43504283610321,-0.062430316167668,0.911296600137884,-2.73771422509161,9.12987554466237,-13.8919427503472
-0.480130744932317,-0.17978528474477,2.31240212122161,0.025487759949976,0.266202337738005,0.524100020198443,0.0654095468781338,-0.136095808980092,-2.49718227064661,2.71915386068443,-3.93422331271547,0.675538129146578,-0.31187797076639,0.559856858265147,0.0467047874922932,-1.47647485956175,0.0569854543912617,-3.55403419192903,-4.085080813273,17.5545904489996
-0.0496474590213993,-0.145012598599609,0.138799735432391,-0.180530162029684,0.069944052055653,-0.961004861578905,-0.112829720849403,-0.135191684786843,-0.738478657831455,-3.4480954778661,3.92581563208976,0.881216473331545,-0.00982628646401832,0.410186504615333,-0.415325536332127,0.00725564121362907,0.335529926698751,3.27658553959341,-4.66890661155065,3.25665374890562
-0.546111415240333,-0.166882147380017,3.06406977147463,0.178922076910062,0.903623008642794,0.0144075449027593,0.105081840679061,-0.168395197954607,-2.67692619924949,-2.40293422994401,5.63001894740754,1.43628782595362,-0.40270186816405,0.687085084021231,0.365546234205893,-1.00424963598415,-0.898434076944327,1.71725407965821,-1.16769521445079,11.2363108504951
0.0572994730549045,0.00608832378487378,1.25022968559018,0.178187753417502,1.00548458322407,-1.64761770695857,-0.0910138230177887,-0.167799340579664,1.11480563224012,2.43274592327715,-3.6132013954717,-2.22774036813464,-0.0342900915708867,0.235087125331111,2.3144680501039,-0.242930078279069,1.94136378821633,1.65978862799512,-4.8190512758551,10.7576174722515
-0.217303826205416,-0.0958931284498561,1.12387056317384,0.0386472265711896,-0.533354658498257,2.26287978757532,-0.0816250852887042,-0.283737793527271,2.99623846798478,-2.52091846341669,3.54111473896437,1.87934455396646,0.54511048047281,-0.279716964063376,2.20651729751475,1.05112345273978,0.981498178800849,-1.17828126834754,5.96228695098675,-20.8597077381272
-0.50601161068486,-0.183331838526081,3.63832373637711,0.321347219277154,0.65257580034422,1.61490006183706,0.221346992936206,-0.368595640957065,3.61894051873076,-2.45007991382311,1.83901068053104,0.315599530525658,-0.11563174490189,-0.0451168837023214,1.29049617790877,-0.322096869117757,0.771472042141907,-11.1626737463329,11.1226804675197,-14.6143733617804
-0.411708648081588,-0.0878935421413999,2.39555739934044,0.322208496009672,0.323256516716252,-1.06427484691283,0.197418198806232,-0.239332847700576,2.58302996206031,-4.57412815174122,4.92157877870698,-2.14601523732421,0.0117480835440879,-0.0540971242278085,0.658672867058375,-0.404389738292689,-0.733335372824624,-5.03038350103004,0.132531635492763,5.23510611158932
-1.31882361296902,-0.204136067992321,3.72438168704729,0.186808596503726,0.256368152887986,1.00652187527156,0.200096032745611,0.183131721592892,0.455678118024286,1.0573101296185,-1.20085358429407,-0.748806139453224,0.0109698537139398,0.578087106252488,0.46136245552351,-0.956320775353655,0.375285605420319,-9.23719489347961,0.00607745213741429,14.9626888319463
-0.237389673706981,-0.0357981564778729,2.47331267319039,0.481624260465533,0.931196970890545,-0.795024897532054,-0.149312162895558,0.0503986926238138,1.64341823462541,1.2445167225003,-1.75500983101138,-3.82761286803701,-0.037508375568963,0.255377319425932,1.06199604834347,-0.0753914441150435,-0.753143886487077,-0.571912003221298,-1.2853345680862,8.03707129490468
0.184049242572439,-0.19533044453075,1.21477717548717,0.175404796972237,-0.270651793736347,0.590440871279675,-0.0387525382206297,-0.263160527780571,1.34966583562469,-0.806350558425221,1.37870809452953,1.49509849476552,0.861736190355369,0.481035946108492,1.11679514921764,-0.701219126636739,-2.33584341752704,-0.941915862389803,1.20744516298996,-8.16450852865047
0.129633212676694,0.96518593413453,-1.54431769641171,0.103705781882897,2.57925459527729,-1.92683012875572,-0.431428163538311,-0.0782493011479207,-4.43174722227753,3.65618347140734,-4.56889596008744,-4.28005473371692,-0.602519488518811,0.455773934789549,0.415069701974873,0.530902018473976,1.95692943873358,5.57739307293525,-11.110016140493,20.6593886984283
-0.0715608803094678,0.0961044701042205,-7.80094719597626,-0.403323039819072,-1.23480198444542,0.294261984267911,-0.213607843223427,0.183704724454491,-2.22911127750422,4.2839464156932,-4.89757913829764,-2.85605074071832,-0.661815323923074,1.03943959521132,2.27076060162764,-1.80476216210781,1.87755820144672,6.14580536156562,-9.84913628892051,17.4560522899846
0.327904452142989,-0.103431398699128,-0.487310656145106,-0.0856988346187532,-0.627498397593356,0.209810980116533,-0.122497432938437,0.973171307484932,-3.80457092785763,2.36066076685264,-2.48819540492898,0.989860507931328,-0.355188191004357,-0.0791045692624754,-3.27066398319369,-0.434710007796612,-1.74249382475323,0.818154146762434,-1.00146686726984,13.5506711075808
0.0121497791135783,-0.133790281461168,1.61581552671207,-0.00806526381553496,0.662647570751409,0.545712709428792,0.0216886340542412,-0.276652884092247,2.46607343477784,-1.78847641463982,3.22659592040654,1.48331084552013,-0.270963361795043,0.652880788314575,1.57523725893615,-0.952007748776264,-2.09890127293681,-1.76772257593981,5.54824870097167,-20.8954038781663
-0.360391995344671,-0.29681976545904,2.04597172569947,0.23857132896323,1.23759903063973,-0.958606609923025,0.224647150848381,0.30380424559296,0.541279554209767,0.871490046765217,-0.443808124907866,-0.0486063879721461,-0.457549478549321,0.680958813443379,0.36814295082946,-1.25435047623299,-0.201044033252376,-4.32239287565655,8.94283386692378,4.21381991116004
-0.207249135411483,0.00579541500731185,-4.01085722544225,-0.459201315574128,-1.17642551715844,-1.5148636432001,-0.14520464144423,-0.309242559655152,-3.24237886825635,-2.2845640571024,3.59756381753245,1.59963506666503,-0.00538857124957738,-1.07368934232792,-1.52569661124284,1.26240803388672,-0.31970515328548,5.15061721261726,-9.28964392844725,6.95610148764719
0.255531712988156,-0.152395918291069,-2.54820044293465,-0.122242756796228,-0.619221524048076,-2.82896415094989,0.569412722811424,-0.310491088175012,-2.04796291819722,1.60836064263729,-1.95793390847137,2.58547566994416,-0.485166170708957,0.704738409355091,1.7149476086133,-1.21549946028235,-3.00175365428046,1.29217786614637,-3.72547388718139,-12.9653252906811
0.051136892296675,0.214672137987387,-1.62770541181791,-0.275652421084638,-1.46122901988575,0.376149086268026,-0.220165886027766,-0.33084535642558,-5.32440012895248,1.58140236230165,-2.75318956048455,3.04682281817217,-0.0439137234996974,0.0742387106625105,0.651327477774427,0.51979482610709,-0.567302273898388,6.23662959588607,-13.5364913824378,9.06291438505813
-0.117332474449132,-0.257963550095558,-1.18425406743908,-0.119520482781501,-0.607729345988504,0.658363946278386,0.0920137961731822,-0.0682872300954295,-2.69238912301061,-2.49469240020305,3.71694670251273,2.82596321714441,-0.101201208994756,0.387563516365379,0.989646870908102,-0.274948693409431,-2.42798276284835,1.60839013976303,-5.28379566756457,-6.61650405662489
-0.897108083676358,-0.293505383725753,3.16500793365963,0.218197735641268,-0.0358256074664911,1.34121181675521,0.257125533092738,-0.271485659586588,2.5555791031839,-1.70563164804666,5.37664953326762,0.738175421287335,0.0215625163741947,0.313410638524511,-0.242584103352947,-1.04128836929381,-3.16698158800091,-10.3936449780978,8.13289074628943,-6.66930027918615
0.257806629925511,0.148089616125783,0.708021214909449,0.148926733755446,0.473474628245257,-1.44517438434181,-0.273139302674727,-0.183199979321534,-2.00598258009298,0.254717619373001,-1.03961220900083,-0.897857913110043,0.0272367348034839,-0.401933370532838,-2.5836165557825,-0.260898955325934,1.19202802476825,4.21163321215806,-8.07050356833541,12.4541331866588
-0.113710860519708,0.688794496861012,-4.36760017741518,-0.263535184132217,-0.975343850387975,-1.13788348163807,-0.331147834920719,-0.149706433010478,-2.71326749334019,1.79171304270908,-2.70605962568365,-3.42750369806768,-0.219730697802114,-1.05434472633751,-0.566743849647472,-0.618915234874578,0.938449081838467,5.73646217688715,-15.365420724407,20.4304987871847
0.228765456751993,0.160872495863577,-4.65384602489725,-0.502157306234906,-0.319011277112803,-1.72862397768792,-0.0828734687382408,-0.260510788749586,-2.12815878572937,2.0069477602133,-2.83382426379725,0.801429877663816,0.803296956145582,0.255278288444846,1.69427119157723,-0.0499762680578656,1.07455877911835,4.11684431492346,-9.43711665173615,16.3506506640654
-0.36568604238786,0.156775563345085,1.59993253053428,0.0343568860460141,-0.0757394925754396,-0.99136634011241,-0.259239975113224,-0.263832944162004,-3.82922156853277,4.05980914809919,-5.00116166968787,-0.462260254747574,-0.286260749866438,-0.0468627695975133,-1.61832212060957,0.453797858762422,1.59642787244105,2.57579037172696,-7.07318529105226,19.7263335050538
1.1467187226292,0.107773233454829,-7.5542465173331,-0.651986103802609,-1.2385664438515,-0.594985237073258,0.380943030721177,-0.324472958828841,-1.31890687685527,3.51198247461722,-4.86230113381939,3.6714792813046,-0.0770670276580657,-0.646221275080804,-0.390147212791634,1.51561623831656,-0.333292977159183,6.54768097215965,7.86995024450515,-10.9653140433174
0.573682863021348,0.122832200265232,-6.37443292011475,-0.693269035105672,-0.977486816086448,-1.3715952364924,0.181263047059569,-0.396104176976666,-3.41430481323893,2.75111746241071,-3.95877529683922,3.67838172477795,-0.101988904343392,-1.0233911023543,-3.0054302735717,1.57412028549517,0.184564248197785,7.21990383393766,-1.3723795316542,8.88481703752007
0.882636511916994,-0.0298625211021533,-3.03333167906999,-0.383167013557431,-1.02690845831539,1.01857907737191,0.0503570975520808,-0.00863738068423506,-1.46152874941454,-5.5057473403791,5.76347278040807,3.68104806188194,0.242684771688359,0.383278476829792,1.04863164626298,0.30795765085249,-1.92155231377256,5.96261975040487,3.17040618323538,-35.3073201584289
0.94256540159272,0.168825627353715,-5.15721437209379,-0.521991555453934,-0.937679433113106,-0.83896141250924,0.0212685345374882,-0.311126975057868,-2.92426814806387,-3.24950614502804,3.42106075370263,3.47858363079589,0.117732606967966,0.283454309564452,0.770606062961061,0.378170772263837,-1.03726852942802,7.1408838807909,-4.79152076866266,-16.9978628146225
0.477706700533042,-0.153621959078219,-0.621951099401091,-0.287687149403935,-0.12392532117932,0.372308299710948,0.100510030720195,-0.0247993733191094,0.515874441339346,-3.06350181616595,2.19036418304974,3.04145539876154,0.215393902972607,-0.18608472310939,-0.734821725969006,0.234048923494795,-2.12976709981862,2.497005422606,12.6283945983594,-34.8804115761983
0.81385966040003,-0.207001514496116,-0.568732008109739,0.0362721322793171,0.148269106160239,0.672004309848228,0.111264531105037,0.273522846180034,0.85980623068962,-2.31839458430085,2.50608073616597,3.53082290445486,0.0680559268339466,-0.037914829553851,-0.108553013755733,-0.11832662614822,-0.0538745213242646,1.1612022543408,10.4455700759836,-26.6408659155036
0.0081258629899131,-0.219093178354856,0.942434177759059,0.0883586718894028,-0.725428674937245,2.28540471650919,0.219307686350611,0.679371077350028,2.05022573920776,-0.131701022784505,-0.776756406665357,1.57457795832118,0.189728838124363,0.408858631395692,1.22105344513591,-0.118153149342172,-3.72836052238634,-6.10285912189356,8.22532204962103,-30.3921675955518
0.592971199689254,0.13916401693533,-0.761106024062207,-0.487602097679409,-0.798615512818574,1.969092482826,-0.0171129886842512,0.203397131674116,0.973818350798403,0.99024964666749,-1.82900998311728,2.30739440163282,0.524791741033826,0.188251392025384,2.39994611885051,0.468126147311402,0.69210380077343,-0.683525749356374,2.05853373458117,-14.0862668436179
0.2516140506094,-0.146441560883935,-3.97776310539055,-0.36401942597245,-1.7857738657477,0.541478773079755,0.213968870501359,-0.428166186551557,2.02540739818576,1.40821472280086,-1.63355186235832,1.63338030300233,0.54131601718678,-0.406100741912492,1.33953486214743,1.62284496547307,1.42357596800889,3.82355901190384,5.1281358162584,-18.1760608074259
-0.250814603056902,-0.0219985037728723,2.15408541408038,0.227271765884073,0.416088113635752,-1.93417004401222,-0.0229143876419327,-0.288731655306436,1.78761448429316,1.65986464964035,-2.40031023353202,-3.62109270279469,0.756514434311263,0.584129638041822,1.73255685789014,-0.895972555572834,1.06528347073614,-1.23528604228393,-4.50014696202336,12.7091947586426
-0.74463039407609,-0.210399109005238,3.65652776206116,0.24285306164424,0.33313272642565,0.22867596365458,0.449553324896947,1.21319826334868,1.76606019850593,0.781380400317517,-0.726174682267128,1.5513578851277,0.643982707149762,0.848751294548821,2.1012387095387,-1.47814473485815,-1.37314383332259,-11.718388422034,10.1530059467847,1.87928742975818
0.0521417454241611,-0.230640891510612,2.37992924357933,0.355769969280141,1.86895766890963,0.306528339347891,0.0998720251101211,0.492936826449409,0.180446669536303,2.04455805882251,-3.04391042299281,1.03724979152039,-0.0493105754673154,-0.611966177018876,-3.94272716025815,-0.0560103883256697,1.5617513167852,-5.09352571058825,5.13901317886541,5.33163190652909
-0.360107136117684,-0.203914526663921,1.74096205881478,0.196943983706746,0.80127693441118,-0.807203840542795,0.195856546485501,-0.304704476707068,-2.41181508039198,3.70337499737945,-4.37369459948564,0.246317701995961,-0.389286339289521,0.279772695935447,-3.23513636176512,-0.838292590093189,1.91358082199852,-7.12946476184677,0.870455590251357,17.1023878095577
-0.793102475463673,-0.253933923408505,3.22660194176293,0.435166653533326,0.954128847970108,0.839644697833636,0.30478483976948,0.0406547620130463,1.15146099929205,0.601974913751999,-0.413820262237378,1.42725959749239,-0.251435821254555,0.0292320016850584,-1.99995162717258,-0.651780196297748,0.751340532472598,-10.3850439093364,10.9935770464393,-0.1484549962038
-0.826022511798279,-0.305112615350894,2.46101363343804,0.167805359229901,1.28541289728276,-1.09157387780182,0.281769473015627,0.195669398889565,-1.9665388081295,3.95094953682802,-4.77087505759408,0.504155174114883,-0.608895229498512,0.969746454467242,0.791734859602354,-1.58260756181938,1.10456335564951,-10.4636031700375,4.8053250086977,18.7228509790836
0.920171152778311,-0.112221253567975,-1.82254331773299,0.00389541650080066,-0.335269751105217,0.999266739948117,-0.154109802801819,0.275498989194911,-2.72240123236413,-3.46201405150883,3.58863734048262,2.7043647169263,0.683984692570371,-1.25394951539985,-1.58753170179526,1.0958836177975,-1.46260326739402,4.87145336216405,-5.85578011185804,4.51386600721284
0.893267166286142,-0.140424644485357,-5.31867101595581,-0.715506372201524,-1.76361707934548,-1.56548576732754,0.65190415193459,-0.31347604084555,0.382863974852593,0.654760136048406,-0.727492591383943,3.10468984669826,0.118021800853136,-0.53227892114912,-0.256540360892156,2.60205626555918,-1.59179927410087,3.78555341568262,4.44905508390437,-23.9241781754094
0.0137411292210447,-0.191217840631016,-0.898399291858083,-0.030043249651926,0.135971693157482,-0.768488103890838,0.109085224340944,-0.333796459886641,-3.85725371172938,-0.457836443691738,-0.0687859547682925,3.1601378637816,0.0792184397573112,0.160965976298806,-2.73432354500233,-0.614015396687258,-2.08164457836613,2.94236223364284,-8.74967956950082,7.9025457852027
1.23050159635545,0.585768582744211,-7.04543614339634,-0.558739906804931,-0.555026867989845,-1.42556331621966,0.236573718151448,-0.0948731552875317,-3.93901406490359,-1.90878068981113,1.84222191135413,2.34206882491591,-0.0998269076135364,-0.229061594319696,-2.99632161308267,0.156982592933643,-2.45401967019499,7.36459535656376,-7.58006981116646,10.4175951633438
0.211942759129682,0.0473010087869909,-6.70022010972336,-0.471459393546574,-1.27080922226268,-0.856405352045396,0.187425675966754,-0.0662603342304488,-2.76134887347008,1.19076722201564,-2.09264221409394,2.7618580132513,-0.104252188737576,0.0885202406394283,0.587999781014986,-0.531018357237716,-1.23434270014737,5.99197363193017,-6.25595199364245,4.54850801071759
-0.172013552250199,-0.103658942441359,1.94078932044302,0.156658092266199,0.370146460022718,-0.439325211340347,-0.168917892805162,-0.199660786778165,-2.66533486262055,-1.43494346193893,4.3140432959313,-3.97627983161224,-0.400872970202169,-0.573759318923741,-2.97716155316546,-0.187960797369724,1.22718850346069,2.39490987528353,-6.72999322076461,18.6937222631566
0.271387247829717,0.766401819693113,-3.68952036349668,-0.39465056446907,0.0392275213647808,0.149939495311004,-0.432276776071681,0.691956935183869,-0.410378332747711,1.38182407224791,-2.06729273064104,-3.60979854089858,-0.370756542817741,-1.65664199812305,-3.01061708604772,2.64052696674848,1.63688680957166,5.36619148947876,-9.24872661191264,16.2818511222086
-0.100319074093805,-0.245646512168145,3.05797113854717,0.275049789067809,2.11869292114219,1.26223962550926,0.0480433380482626,1.03556337597882,3.247217257683,-3.31656771499322,3.78163276936426,0.243461450834521,0.350523929623246,0.292601551403877,0.85050706040273,-0.168195480564946,-1.52797890153234,-5.66210383978083,10.5108405791049,-17.1288689394325
-0.242477592612041,-0.140628933807071,2.21062611489851,0.174116369770683,0.334914642413762,-0.792364108864006,-0.073569311484844,-0.303739620243189,3.64128915929348,-1.34032957247398,0.749585897978013,0.0597403561491216,-0.238949953489655,-0.468935985910402,1.70380645993719,-0.680100309404714,-1.98453079990202,-1.14653812276134,4.53935583699152,-15.4743638243163
0.296073137474388,0.0895293622159541,-1.5912685659717,-0.124483465663989,-0.32886752714453,0.987906900090357,-0.0765364700312386,-0.118220450704984,-0.716567849884366,-0.241188628941656,-0.742456973927003,0.4658653385312,0.0347039343941265,-0.849756766775216,-1.11647645034789,-0.0597782339156695,-0.402974450638856,2.87668367396941,-3.98371041152002,5.5853266170596
0.054264849241648,-0.0697816863349061,-0.708853999634176,0.127449371596622,0.616530192551408,-2.69391671505598,0.332610557262323,-0.331301965440329,1.28584843470544,3.29709738988201,-3.59201285882482,0.0491107901217425,-0.410644128979166,0.671941245729454,1.81817787233743,-0.993929387752893,1.19381111335092,1.45213137643675,4.78097868235468,-5.10606263985956
-0.100162100996756,-0.22585722565023,-4.34073417588459,-0.237247874736125,-0.746211607219152,0.53456258576219,0.226367224902397,-0.422017115471276,-0.317579176378355,1.92738943714898,-2.63412094106896,-0.102680142709043,0.580397368741225,0.0730428010102916,-1.41167307924879,-0.517179879315663,-0.0301724305851469,0.523052529836746,-3.25196114478391,8.36595476762749
0.250060611250357,-0.126077988130792,-2.65752446207778,-0.0142025164355445,-0.372100285738091,-0.53233417145697,0.0341949849412237,-0.341897364769486,0.307132590124369,2.48535893909712,-3.53492905885838,1.20752091649797,0.300529561535074,0.409100320189736,0.929146298004061,-0.655389745655784,-0.429053853834844,0.886366288340304,4.44661942413203,-5.46283877394584
-0.744415807981873,-0.0569876532562142,3.16141220083328,0.235440407786246,0.643523335378972,1.1615395816763,-0.067660855830891,0.695041125014571,5.28426422992797,-2.55014468432428,1.77316060319506,-3.46165167502094,0.194666912992298,0.469629031159873,2.37780120577805,-0.152623773161517,-0.100784352666245,-5.44622693352871,0.264221046895348,0.585966958808868
-0.665214476479997,-0.254915485742777,2.66198831379359,0.239663704402216,0.486560317592712,0.0924662931387021,0.370126590091698,-0.447879138243532,1.0270954951512,2.0071389929,-2.57560104008784,2.09434794942257,-0.229416719855954,0.950418446385959,1.64191820349847,-1.44276985855392,-2.58333163389666,-6.97576302250462,11.6784201080166,-17.8659289669182
-0.238269673838006,-0.209205291141847,2.4313541577498,0.227872365072458,0.420200858486954,0.959525289184989,0.0732289975066886,-0.314810175956884,2.51160149003013,-5.67425744773224,6.14926238297212,0.654050354912395,0.609575794764988,0.507836203572267,0.86629343753938,-0.407558528019761,-2.62649907723132,-4.83934388484656,2.82352926090665,-12.6578107236095
-0.655957939447581,-0.24008636914312,3.00437266497645,0.248942376024119,0.348593521310325,1.0711982866782,0.495797894530645,-0.415203374674379,3.32751288491513,-4.88416498308381,6.5505038229026,1.31269045530873,0.352634438731453,0.651469915080823,1.27959413423196,-1.25442484865723,-3.57356508178819,-12.0119088143014,13.4566965643574,-22.4913062574307
-1.10095830115324,-0.269208335757178,2.42632692010144,0.117539743648539,0.953794416478193,-0.952046615539464,0.129039798488871,-0.285261831410992,1.38197929133049,-1.54114588432311,2.61114974543717,-4.49103334603855,-0.544112442904784,0.89990502705197,1.72701367695638,-1.53998376651162,-0.173798330364765,-4.41229572979622,2.26807997121938,16.2606418192965
-0.103241246905483,-0.0165505220359361,2.56278325476513,0.298131525309615,1.54128587245607,-0.821463664891293,-0.200697597804132,-0.0128273753774949,1.75639344984028,-1.2905770494056,0.562763042926884,-2.06764396888332,-0.309579029718861,-0.449144896599376,0.0404358029936857,-0.208109813479547,1.81969350928908,1.46385899405838,-2.60840294080425,8.69635306199218
-1.41731354832718,-0.169690774174503,3.97780012457747,0.064025777859063,-0.190940359886654,0.173277800113851,-0.0752896885050942,-0.27083660453512,-0.868825183525374,-1.57641897197829,1.21506173663024,-1.53130360974331,-0.435182928209081,0.0813832184303753,-2.77964574710226,-0.135852268879977,0.557485918625958,-4.38192071341426,1.96301394702453,15.0253413146866
0.0847382589239814,0.267176717582356,0.181950522714866,0.130517112103339,-0.00184828640571995,-0.595061992409641,-0.323942400468306,-0.129582436706463,2.59395593372755,1.75414859610728,-2.40948553189836,-4.93403856792929,0.204904690017748,-0.435553866013802,1.2985231817605,1.28687170131642,1.38066424991562,3.63151365168794,-7.04465361076142,11.4788285598829
0.460503263731681,0.911881506416037,-4.2982566186765,-0.343981911592041,-0.127177532438177,-4.29301211435717,-0.327817615114849,-0.106143757535774,-1.35215545692808,2.85973426949455,-3.62545861102285,-2.6672775382496,0.0489617432808355,0.00778599756426701,-1.10892522243283,1.24144040061467,1.94184096931278,6.22647195342203,-7.63065710128673,16.2163331788272
0.380212951436082,0.282599854946288,0.129332165443703,0.0674546353682816,0.0267635777958423,-0.203732400305119,-0.371401130486389,0.0175278259383703,3.3148177594238,-1.38758294935339,-0.148511316936473,-2.81530487877322,0.696834407757766,-0.546353502410393,1.31910543133791,2.72439393039701,1.10506761189706,3.36676034978751,-1.95667758602226,1.98303256183707
-0.471803593176196,0.0508362552668656,3.4039815042381,0.333965042253155,0.867128270262106,-0.7815598759208,0.000546564139017629,0.596012505481918,-1.58977757230571,2.49988768624879,4.47984860768288,-5.58425365360157,-0.353306642876542,0.580883155184385,-0.310440887127782,-1.32685881908879,0.435085386548558,-4.47616411706082,-1.25421600318797,20.3866326093286
-0.205590733950396,0.1072280535441,2.60510315391525,0.233265405714865,1.40341755132373,-1.66233286115441,-0.0949485082712535,-0.257727690285009,-3.03419001037351,3.31972059273978,-4.4452416006953,-6.40392662410611,-0.251394746870444,0.595292772827138,-0.621932662313339,-1.19410999174799,1.73447107297719,-1.0549371249824,-5.50187010345351,22.1001188416084
-0.0311735179684655,-0.23689749790269,1.78214637477914,0.090844308673449,0.0775627036691367,2.08490347097485,0.0201758093167971,-0.146879524626127,2.01728613593994,0.637873955176611,-1.27589038312556,1.98081058493586,0.277424006411867,0.40611148117956,-0.83889516382393,0.0998488789309728,-1.01111260266187,-2.93816400205304,3.79856342683416,-12.2957411200826
