"degree_sd","centralization_degree","bridges_ratio","assortativity","getis_gi_degree_mean","rosval_mean","orientation_entropy","d_value","c5","c7","c8","c9","c10","c11","c12","c14","c15","c16"
2.26351817544091,0.706266554857579,282.353716906631,54.6689987722945,93.8742331078028,-2106.01555382055,1341.15294908754,-971.756583418565,2178.95891967007,977.722808002717,24.7537794223862,9.33777183836953,668.30955613781,5306.70190871059,-1257.95021440418,-2738.63286905106,6179.16064492451,-872.152455496306
1.85251451973574,596.230302880173,654.269391502995,38.2801667433211,16.751215415856,-636.492866093718,2991.34589558283,6899.86601541082,3194.93357887712,60.2695349061073,35.9997504648983,2.65924669051722,1812.93484445623,5798.73508106685,-1227.07043759175,-1713.61882286581,-12232.5460815874,5466.65975464078
1.18737794497896,464.00538496616,772.534516832109,-23.5366100627884,51.8143553498035,-356.952586466664,3635.66540528323,9069.87862214999,1656.84717100858,1342.52240835635,49.0685641172022,-1.96252387240089,1497.0143058327,10041.6972873931,-1358.24935325296,1789.15787907996,-24325.1428838108,12167.1196807647
1.43196447615163,-224.267317709047,4127.13422663753,-42.5940526928768,-25.9356585952519,-1054.40155399389,1031.53757114548,5670.43248964685,414.056992568284,829.905493418968,-28.1249164855743,-35.085493666959,247.818024780337,4614.34074040512,94.4652736874603,-4007.5707918627,3918.62514142802,2260.17048318479
1.20364650616421,594.065644243706,-2772.0980175943,148.218568661875,277.156915079408,336.498685430902,142.768827061731,7153.20752836537,1497.37518803964,677.638960940964,15.8483890021706,4.54089147330962,1003.6236325348,4283.15747444859,-1165.11595737801,5731.63802191651,-7255.78598120645,1948.76269746983
1.05205322383951,499.827030897503,-2250.11460930541,55.0106336113816,162.293292983063,875.371521955332,5238.09813166992,4940.61166609374,4193.56362344804,633.685414547043,16.0532553409469,11.5585548010136,722.473987120399,3211.93269940354,-968.122110509823,9493.93730836533,-24430.2000654621,6446.0329000418
-1.5323616974354,238.333120011471,-1789.45220199604,12.3651858460358,-72.1189202572285,1276.76957001641,-1478.74356768343,-1402.67046074472,-6597.38405830635,-1524.01180299727,-86.20336685378,-46.5246307892307,-1441.94149292003,-5504.61862392663,1634.90203167968,764.811145041005,1198.53978575631,-5693.1987168927
-0.191141597447939,-328.110498002976,272.225024777473,-82.0416806461226,-255.607426754235,-2097.82763922562,-846.656684075944,-10209.4169123395,250.81245846302,-1449.8421618364,-51.9668408108374,-19.1375418793454,-838.097892143859,-3810.6259901564,201.125847117785,-6442.95736750521,17576.2818938912,-5318.08259801237
1.87673891822613,-1747.13117772797,5846.98517190748,-209.060107524604,-62.6747535738314,-929.292398788065,-1464.47002642637,-858.474396032173,1355.69243696989,97.9723442404931,-70.0581390961902,-26.6715026617515,-1361.99355236274,-4944.49477331712,-1172.16026493378,-8624.92549065856,13052.1837132769,-2615.27570265039
1.33172186553892,-616.201339249132,1195.50136130828,-43.9143348945248,55.5678685114649,-2358.50315514474,-213.461832039461,3201.18292458833,-1301.18641228176,2432.60311692619,148.16428019538,-12.3635292146235,1036.9225732015,3662.9615441787,-555.438228365208,-5127.9492726364,1270.9091431973,-862.49424603137
-1.04349643411891,-255.693493839148,-2576.36648478248,40.4241734978566,-53.1161894948608,-1989.10678943778,-596.115017119088,3016.97840682964,-4100.48780058892,242.312558757218,-30.9308489555029,-59.5687890117386,411.350650245268,-889.745761224986,-207.8236921014,-5402.99395008004,5722.75333837569,-413.85826637003
-1.05640047791355,432.060448907058,-3966.69059628538,87.9316771858538,-42.7882233339225,-1162.63084191709,-815.742525300178,8719.98377048572,-5588.6461612854,1853.48474125674,24.6813355498711,-48.5847989797833,1011.26610729941,1558.51209570509,-1029.91095113583,2184.68293874942,422.985011587275,-161.056827664114
1.43022011238845,-566.571271508133,137.384293157238,-15.6315686428073,-1.89159194592622,-2071.09255584527,-491.995400907678,1582.41601993118,-3768.40488881365,1881.82356869593,128.013420047047,66.4580835992951,928.747035696589,6646.42259067881,-795.767230432743,-4299.57509841955,12978.3472114575,-4591.22355380896
-0.231330469096391,-154.290446603644,3811.28117050252,-108.244484811179,-100.930238967333,-129.900485466289,-1195.49268300418,-4936.38151180532,-712.180600852333,-580.232199245765,135.779719467612,80.72925946681,617.600074743141,1548.88911182279,-948.305163322714,-4124.47213044062,15945.5540485388,-5671.33141079535
-1.42410573936562,462.141508665169,-4685.35586384009,63.0087115417499,35.1153693619766,-1177.81028326954,-924.035670024736,9828.25726086775,173.760955167458,1291.39510206728,45.8329307136612,-55.6578359745911,771.729194844292,494.882690785324,-1196.37170047223,984.433441203054,-8691.55130893154,10214.0671537635
0.547844465117192,694.52689871769,-1690.95069681671,69.0281508864417,111.552910637413,2691.60601026256,-921.674333192235,6871.70264117217,5064.45556921381,8.556550575695,5.85841890348376,3.60372771028017,683.977485646498,-639.624091841704,1136.42819055876,7360.2400474961,-20949.2973146446,14203.5435902543
-1.9418941461366,705.846062052351,-3128.96437792165,63.3857880291775,57.3426539538588,223.284750631398,1880.6280954213,-3164.2915860149,3875.57489429885,106.903395244547,39.778515684971,61.7393221974373,464.572004485856,1078.16913406414,242.528064955076,2820.6710381089,-1060.58656758863,453.26410802849
-2.22449907194397,605.238666990699,-3667.30375936238,171.375404026807,2.57289980909205,770.437395728362,-228.042789649685,1402.5721366633,1909.23370631555,-229.280448641744,23.4779622336623,30.0427647934287,-389.823271751939,-3413.73012270643,1668.4771415989,4251.75213770266,-9887.10156250467,214.01767660776
0.667384222070775,-243.464049349506,-35.6800587164444,-23.3418427477406,58.894414104896,-2277.39535957082,-1386.85454772433,1172.72273718459,3255.41369757094,728.402184660047,87.535744831746,57.0037912776384,1714.58684751526,4866.75520863707,110.556225078192,-5927.37650269812,-1106.67595430429,3925.44446443526
1.64154722295123,-4352.9212681402,8629.24320126247,-223.818464765326,-40.0856572630609,-3151.57007097593,188.649639467483,-1314.94190077159,-4348.12215675518,305.736910328261,27.4633407957938,-10.6897369830681,1589.57180960433,4361.53308592967,-253.932217165088,-8843.46496173619,15996.5475654171,-5619.22121953851
0.350019295817149,394.973299002674,-344.223867369193,10.9366968735227,10.2384528562166,1172.24239295852,-201.820735649176,2515.75648651979,3500.30781093731,144.894619290074,-52.459789509779,-30.4546097806025,413.425555384413,-2597.40677384947,1910.20875557658,154.72359826581,-14793.3105494283,9150.42593246233
1.58100598123826,-635.910663175585,3360.12896863883,-165.431900110011,124.324564881195,-361.203929506486,-1256.77903642461,5530.85027520082,658.362524950037,-1143.47179561554,39.6478604115793,-43.3577559982713,1046.78432042002,1105.45736563386,-1353.87558076649,-3536.01806104781,-3009.4439872326,2849.80044295999
0.414818788269569,651.482934507187,-505.579216468288,10.6131641408224,103.91197345449,-1618.96149412152,548.739261469765,1465.97529583479,2134.400286661,-466.518070348096,131.120363980356,31.5374012702652,1342.1625304713,4669.30718571752,-1246.33612797304,98.84258880644,-5801.37257801422,-203.986319761647
0.911754103542346,479.040536885948,-2428.83054620321,101.39163222787,105.770105506161,-610.374943657376,1106.99941215061,3104.9947732706,-4673.11997300547,-46.5533286551458,67.8974209446081,56.9560863487793,74.5861713474762,602.451438092068,-166.920291097782,5187.57145956057,6313.26830052535,-4205.51843671833
1.15285991295792,204.403063286407,-942.148086110162,46.5813776851779,195.937822174032,313.765044592665,-284.266757057982,5838.51765445596,834.273222085102,-487.985722056536,25.5818173560421,15.561202115093,25.3281628758426,3099.92723662943,-824.654086654483,5238.7454914339,-12797.9554832064,3033.7295202765
0.8923462413643,-2050.88751085119,5349.95472959105,-123.981753460375,-117.926917871351,-2762.38194174004,-596.760663417669,-15222.3421805514,4260.48464374399,-1280.74710924775,-49.5801623004382,-39.1732458167597,-1290.78176080446,2683.5746972478,-1272.82431342247,-8973.4026496159,21504.0938343557,-6248.22848377329
-0.4166373458437,317.232124151378,-903.823925045626,29.0122991700015,4.39534574542661,1620.56666365675,-1065.65486371179,-1074.95205884949,4487.77409991266,-967.541487970484,-31.9832269372574,-6.42799542397435,-247.684158425777,-2584.54567858506,-648.309695502958,2615.47124478679,908.130559082285,-419.683423221015
-0.285065875441806,250.869444646044,-2255.79685865665,51.491461519448,-23.6370428300058,-1465.45247071339,581.130476108933,-6000.19972178687,-5169.90564450984,-1031.97854532313,-51.8481066663101,-39.2701125759854,-730.988877190698,-2993.56958918192,-597.847861343843,-53.4754735280982,18065.1549529806,-7776.56996517229
-1.95894302100933,811.982914434558,-3285.88464020148,39.3058138286962,122.799867433364,523.248048845614,-140.261103321597,-6907.31440499033,2050.26512527133,-1883.82349120604,-77.468024489049,-43.5314813874858,-1196.0989335744,-5097.7233199307,-968.615654981052,8730.28290000035,3703.78143670252,-6835.9870346325
2.00125900004783,-1.33447386490495,-638.336909500836,76.7660157848463,85.4339906754157,-1524.29596990885,3547.51497517384,-1920.92778701999,-11709.7234884783,-1401.71358355214,-69.3397259782055,-22.9126714239679,-1255.18561283038,-4745.40006162743,-117.974204753256,-2104.42346612977,8933.21664235514,-6315.29647470041
0.234234956821941,-661.742296858468,-3293.15496455473,138.957463461129,135.480486196717,-3505.80384020484,-585.601700023883,-7281.25965730908,-10956.8177698868,-1113.70972618144,48.3368131881624,64.2899429461038,-896.079280607776,1031.26307938534,-1141.69260757177,-2299.05148516775,14940.6881936226,-7694.85780400701
-0.447494783899742,-1317.30598289086,-1684.89751015552,54.6555930167597,-61.7155961842458,-2380.0418581016,4404.78227301704,-1263.50535412061,-10869.0666426687,-713.451251819717,18.4449826504405,14.979482887153,-168.091442508427,978.473008667356,-113.474036665647,-4225.5267172819,10280.5716470144,-6847.77529877412
-0.00590391224707864,694.949323211106,-808.977570648147,-15.1347455620097,60.5308541059533,3255.74317806793,-1523.04749137671,1686.75985553142,5862.01639405912,-161.009924059012,-14.7294199668896,25.4680862736096,132.186438151039,-908.572535342338,604.845671321541,7545.55216763718,-17986.2177814053,10136.497972679
-0.31020324741807,617.562181323472,1054.00827906505,-22.5618886488374,-102.647282015464,642.99337999484,-298.140572572208,1017.27797524406,2142.48916862417,-349.1369362053,38.5439863312551,60.8053612770643,727.784508181302,-1582.72733264567,2318.1619029139,586.870579578178,-5517.73060650126,2457.83163017256
-1.06462690380179,555.05763026127,-3757.60985114012,114.981951956441,69.4123067113092,377.679809462398,1588.69729894602,8881.16467105288,-781.011395051984,-492.127356513594,-32.8945017999896,-35.6988637996241,114.216956825877,-242.155415362872,-347.217572723571,3010.60486370447,-13801.6654429716,5289.88325860787
-1.41720113953705,496.935435284153,-2900.9394665973,9.20182842768957,40.1736850999051,577.820266076519,-504.206425946811,-5739.74300080123,1565.58809435724,-920.72592871945,-47.474517757577,-1.52936583105437,-1376.27365683411,-5139.2609117264,-716.883726877229,3877.34890353176,6779.39518372609,-6781.56742812709
-0.150297410554557,399.493748711997,-107.923168740395,-63.6357712595828,-72.3007808818054,-940.140856234204,-518.802855144351,-1862.62518818623,1609.30573321175,-29.9383155411504,-34.4497852905738,10.6824883799658,-335.566917121055,23.274887503111,-456.572455366281,-3357.0886168033,7657.2898484088,-778.86533498149
-1.61506620678512,458.595717646672,-3917.60570760622,62.9936998756139,1.30888282612411,883.078889318547,-642.635638177754,-6538.2741075502,2735.28960954874,-1203.10095012291,-58.1171212672179,-9.28589660345018,-854.271013663709,-3560.93377194297,1041.08821392363,-1855.05359280905,1793.89722224216,-4269.69545390494
0.172126895557535,-25.2240800294036,-1736.52668257354,62.6584266819344,-122.669198413113,-803.194706739129,-667.236976505137,2455.53359012676,-4343.52697119781,-113.270615179003,-19.9850084057571,-58.1608078173201,-528.188938376389,-979.045906660686,-1205.90551791785,-2086.25871662903,5945.1858482244,-4550.03791000945
-0.643236003547484,258.931705149945,-1561.15125791204,13.5215759425006,168.789500931447,-706.541890414271,-1107.82099077703,7140.98347760701,3339.94115755561,1622.02551791446,23.6056073987948,-55.260562218822,1189.5627025336,3670.88787443146,-737.015849938013,1053.57779832639,-10077.279418679,7405.94348571544
-1.50003851281693,502.479770827731,-4654.60054296435,112.903043691335,120.076281480575,1834.98057483313,-1420.76492410831,8819.06427050469,494.958564406004,-350.472960605767,3.91562835749031,-32.0755152105753,703.586540348956,-1195.36799825326,-339.390060784036,11968.0779291008,-17094.486910986,5517.66466158085
-1.21924631728171,241.25625071867,-3061.24326853689,113.311212997582,-79.4921073473394,1646.21870168035,-919.550733167627,6367.60226241762,-4006.32671844505,34.2726074913715,4.58373179482471,-16.4493309847093,430.882504944184,-1450.91545959544,1180.63681747583,5393.81329493196,-223.287292887979,-1877.41727267852
-3.8997208012263,557.265601487852,-4863.99537782337,65.918836942997,76.0103682953976,1667.69772700753,703.050906989188,1184.09433937134,-1332.55853060464,33.8331863730198,-49.0488933149263,-12.0607970478872,-947.648783275167,-3406.00263559384,-473.753460435678,9666.36851812555,-820.82927217984,-6273.81791395832
-0.70273614411996,97.3872178870317,-3177.93639673646,169.397728755858,-59.3132922771369,-1251.31574916754,191.128453728838,4004.53433698341,-7143.51786996152,-113.916064702163,-21.5838197001069,-26.596357375858,-212.586166738941,-288.076414061157,422.5417333585,577.432191061347,1804.72596719401,-2995.97359809603
0.54685280970914,543.059531133777,-1437.67238790918,61.8960883334891,44.4750288334608,-288.686673447342,-991.378229320413,3702.90629627734,2984.34915766578,2589.80600165317,-40.7120875730778,-28.1247548408931,28.6658483562601,-2358.93316995294,1170.14074111603,1193.75052454521,-820.351833291362,3009.1557009726
0.382721662139216,-2649.01655757849,2029.85683217797,36.4495787212748,-143.969572969074,-3596.54445191118,-296.144350939181,-10907.7379873287,-7932.51007836051,-1801.71779665851,-38.4531193806818,-10.3017905471463,-1484.00269598304,1912.67208010184,-1514.2215155136,-5895.95394056807,17382.3388675582,-7391.150549281
-0.208281411364264,-257.975960919748,10027.978310466,-141.634239677729,22.5341075783363,-1749.24548863458,723.286781007904,-5101.04776879529,-5077.58662137885,-1972.04662366853,-87.9274447069893,-57.1655437182203,-1601.76828774447,-6329.71790583219,-1378.39781689637,-6502.73029837243,15535.851360357,-6528.12304944637
0.973807085879766,285.348241324777,624.763536388859,-29.9767395274867,16.3274481960176,-1009.18382448356,3743.55488358241,-9218.23091245292,1963.01031465814,-1057.26656220031,6.57686750705889,81.6098605195147,-851.06610586093,-1489.93223788086,540.20298443143,-892.566355277495,1610.51208889519,-5223.59424973218
0.0400311993057753,365.691699919506,-2146.0785364575,-2.65661724922186,41.4181431424978,182.863828951493,-1057.41943119894,6180.36091387839,2835.86613146132,-808.767770987112,-55.3810513593827,-39.9371895765399,-225.327038602727,-3377.34568171919,710.081524577766,1722.13732826027,-9074.98696502963,7104.50973380635
-1.06142933276485,816.184023387183,-2633.45980014941,84.2055417488538,-70.68562067295,1887.54652528242,1179.87184290103,1556.29569657964,58.7694307972389,-1363.10221535099,-57.776511016447,-9.71906142000761,-1106.44400931534,-4390.35713347331,756.781683216715,4545.73696147021,-13802.371738218,-2012.37350209601
-0.621739940395148,-14.9692651516947,5220.08067651314,-161.800834797752,-114.606510514907,-1222.44880490991,-1198.58317469825,-8196.66992254889,2826.06818180028,-22.3923410866789,91.1339541427194,39.013627423698,457.800535829109,4446.40316405512,504.725001800535,-5298.41150227137,14749.2185899365,-1849.20809151829
0.749992299590438,419.082788852492,3312.29653762762,-43.2580900852733,-211.84579229128,4745.88207116444,-1200.7088171057,-5224.6684921055,4715.7325244556,-1457.1242455861,-59.2705040699851,-42.5524581832774,-655.724450935001,-4384.84907044672,629.601113590938,-1243.7432587357,6093.22647506657,5326.59034269435
0.153113566840576,-591.057318979132,2031.54569374003,-96.9184529449986,28.3487527187571,-1844.76788960583,-1271.8479416688,-13205.4386492327,5641.78192578194,-133.307697507257,-6.33796524723069,-16.4795212176519,453.940097410282,1835.29911342291,1039.78129467164,-6805.82477571743,20169.8845002215,-3558.27147245893
-0.350124695598893,710.623621776397,1581.52582033241,-42.1417349553188,48.66583693121,773.142263858259,-260.053674644871,-6650.25705551821,5248.90630452148,-302.244019501322,-32.6030826342037,-24.5533356975559,616.134063495275,-972.722904660253,2403.8348718641,-1552.14991674349,8631.72403409659,2819.68311851911
-2.65871001642033,801.716005930736,-4082.51898004809,76.581665508203,99.3626480720914,2119.3029953459,-1054.40818986777,6097.28813707543,1188.00225946459,56.4145689205455,-26.3642818569767,6.28873191420378,-36.2280098475826,-3817.58447504006,2164.82796353266,11080.7310015631,-12891.8668594738,2567.91887902027
0.762979070536354,-402.733761071986,-861.673890914394,52.4132689707372,-107.853106698971,-2268.87975671617,-694.728461785594,-4875.70447327496,-1586.8705713536,84.6488828901528,33.9720085800083,64.7061110251146,95.8926235005969,-887.073803369862,-834.829514707412,-4417.91686625497,12826.9546261784,-4395.13401690409
-0.331386372243189,-1895.58133303704,5472.46157423596,-92.4502903869666,-84.0322043828616,-2766.0752196287,-572.71097035304,-6639.97627914684,-6314.85726074875,-656.39938758151,88.8201326968669,13.6819658214162,-495.631614190592,-2194.64958978481,-588.184157792296,-6391.96574791103,22644.2560151533,-8228.66967851537
0.671629761719521,-444.779557715366,5923.89138599892,-176.989196973055,-130.100968928492,-731.390958863596,-1025.21945194875,-5775.87954258475,1204.89198959576,2390.21072671175,-21.2627681794631,-41.8998299839102,-1010.09424958284,-335.016215489597,-1165.40817913993,-4422.60601693418,14039.2183258432,-5417.13327833414
-1.0819719951632,-435.423620634887,-2160.07651239848,12.0488984808477,-73.8628453859801,-2185.66638994151,-1026.62366567086,-9670.38654528412,-1007.81546193282,-864.288858047054,3.90273918209522,40.4169862421911,-1141.75393965154,1533.92802394198,-1165.36716117992,-3007.30196542957,9939.87902678416,-7542.76338080628
3.39404918522502,-294.757269735388,9682.79974107227,-229.3615837396,-44.6016827643457,3183.77320893795,-1242.90556239202,-3241.51720327095,6838.11450619139,-229.75005929518,54.6367599237458,9.8814910412306,72.3817120222,5419.5067078172,-391.914663878272,-6953.83999412237,-11748.6349718019,4161.39063351589
1.70258349264734,-335.663623910008,8128.0507209323,-243.639514472477,-101.602499379874,1529.21638227673,-1502.98019199031,-8255.50395670603,6992.95462537877,-298.112832667332,86.2572651446096,74.7926387788115,612.942989125752,5682.30292291035,58.2671467447987,-7788.99553481697,2094.52876074499,-3660.44394029201
2.61456533146926,84.8485344173748,3922.89715934161,-134.674539015306,76.3254005679403,437.64734403431,-21.565333358423,-3428.45223725759,6949.61014055032,731.578115478474,-32.4344632782152,-26.3791241829595,1108.53064961613,1173.30822126301,1582.17561501832,-6301.72292828328,-4476.61741258769,12849.9481495136
2.79367697196654,-460.344706663263,6618.21154659187,-183.42324679903,-61.8560466723579,200.908068040057,-1178.50401077889,-6952.52646745949,6659.4401807568,362.422379521361,-24.062471240305,-19.5820302822429,1244.13353416404,1449.54355721137,868.47780273346,-7593.27777761874,7667.41797521527,5997.91166827901
1.40678408311998,420.653758646373,822.83143921072,-101.575620264886,26.5292178390757,817.915266170502,-119.90205852448,938.965902593655,5381.5515948538,631.606276530066,16.0692017585978,19.0548385026866,1484.55790350523,727.27020409492,1652.24689366066,-2584.9393293914,-19233.4002263233,13354.8849876251
2.40868476910381,571.17380232687,767.891231202982,12.7413736643223,50.0101496882861,934.714667064065,1051.95433043925,2168.91243821613,6592.59489551569,205.314423558968,3.25604048946067,2.79948579004651,1097.57983277768,-401.528408774398,151.539904207919,-1159.10413938353,-15683.5238301749,9892.61374411171
0.0237952424903281,603.435300683268,-1159.88090866482,31.1004372895389,170.499923315279,1842.47697156131,2612.6330398586,5155.90149564757,2990.38171289194,571.635822057583,-34.5165686907717,-30.5272929550118,-16.3708535962565,-391.426048208959,1567.73462019495,6634.55776253177,-12129.9973382959,11202.7023337748
1.75389608701216,-386.195471615147,915.211754738772,-171.63148545079,146.497338097746,-177.656055868033,757.199748670712,2160.63737410001,4123.89357600533,1561.24177348755,-15.835843566868,-59.9008869196015,-407.568096915409,1573.91444724823,-322.167187746087,618.691089572452,-3794.20632780227,5146.30307062925
0.741557432917728,399.027664987308,5073.71174630087,-128.265536800621,39.755724056504,1760.12055081843,-1660.34631385938,4752.20393706622,2849.88202608343,1610.22434342773,34.4338408340109,-33.157778984067,730.747965425394,5693.65308566361,-929.615173216522,-4092.25404488885,-8033.60848327933,6963.19899114207
-0.743488857095185,60.8980992423029,-2730.9877008239,79.9084044787638,-144.449961402232,-190.576543141452,-1107.62461220479,4411.02981235874,-6741.18191370172,2264.17126027815,-49.3027772285879,-43.2931675189961,-688.733117852615,-3197.8111276439,-1064.83880765406,1371.92253085878,7038.70631550832,-4500.22975073079
-2.20092843851595,575.382652835097,-4751.8590047505,85.524791251434,17.7989466265995,3742.62647659111,4651.41397252409,4341.45690368449,2882.96819806794,1926.25092763558,-71.8442747820702,-52.9532341102865,-1161.78546538555,-5294.54090534661,69.7582868500462,12370.749762424,-16221.3062471486,-1262.47743249901
0.160414228158324,634.613580172383,-3060.24720390111,125.418766391905,24.0003077477631,851.874710541866,1904.10069447193,716.098130142892,2151.17151346306,-138.43071815612,51.4616832092642,98.2033677483503,-149.415859033046,-116.199571187204,-863.892362579462,5396.63711664556,-7883.12177138631,-2411.72286582159
-1.06514554383877,557.733997211379,-2265.7996048959,69.2838305662916,-60.136700762535,1627.78033678861,-1175.02849915494,-6037.8952821967,415.828876758452,-1167.62710151802,-23.6812871583562,80.8887454183665,-1400.17974837591,-3016.5731672421,-1258.45171158197,7555.20581157281,-1768.45966782571,-6437.97198370798
-2.34668636846285,698.615215050776,-4113.08468311175,153.161092804041,63.0257168527437,2556.96984150894,163.859567163183,2965.93593456308,2735.15059307648,-748.86582673206,-2.53625529112204,49.921485812487,-906.870987867936,-2285.21167530994,-902.082996022424,11144.1088460572,-16675.3117509314,-69.1618920990905
-2.44103082509416,837.108423541381,-3185.02368908119,59.2119088448985,-80.6657802389752,2358.8896726242,756.6576472376,-4705.12902459366,1043.91403454317,-1818.60155766776,-82.1634785317329,-20.1658955113767,-1498.23290282914,-5608.0147805941,-777.251691909257,11065.8311701924,-7745.53966293131,-7353.95125035712
2.72023484288541,307.847284942259,2352.3463253403,1.18322931269905,73.6038168254672,-1300.85703699513,1047.89446524456,-6956.5733278327,4898.69713618154,2041.03734063168,106.11577421911,40.266930804266,1482.73860317504,3858.90959230323,1769.22698123689,-5134.81389011937,9120.12753768907,-1158.37846481689
2.63968579733739,373.451708965148,6635.97411240489,-252.153761307017,-117.966335027784,5372.37011351242,-1251.22516515528,244.980118513179,5335.08063570314,327.717969689205,45.1865039390396,6.90746733660197,1120.98157048914,9088.38815038718,1662.41688562922,-4290.04904385218,-7991.42740692855,8893.14419809413
0.0345771715306143,523.337700046243,1147.50229968014,-10.9041810685771,-58.231311554807,884.846163938981,-1302.37469933468,-9872.0978323223,5609.53812586314,226.052197186428,-13.4309407031556,68.875015179184,-94.8400034819088,-2323.75084662044,1254.539244608,-3123.9614143528,13248.0431711434,-2440.96105919627
3.64836759687222,-1613.4354922489,8886.6117727329,-196.282527190353,-105.10854555127,1973.08905267013,-362.39512351639,-9673.46891451458,4417.43631670358,-297.63914093575,19.0115549551299,74.4201433162566,657.442207456623,568.087433181535,2637.44463517699,-8208.64123524066,10661.7567185185,-4752.04843532861
0.619303299089136,-134.876986925061,8457.45852543504,-166.483580167698,-65.3715529150832,1494.96837748952,-291.285645486174,-7699.37461346533,4553.36417458101,-332.198945938223,-7.1275517120634,-13.9623387297919,216.117979298406,-2148.06486456271,2434.4528240403,-6602.09459120256,8543.46380000563,-1277.38084389249
-0.504432783865535,286.997927752617,-2463.41868314704,55.3784887562019,-32.0739365295306,-1388.83859637306,-743.109579859053,-6217.18081412088,-7166.92321688167,-1186.89881245478,48.2408249208432,73.9289768406482,-416.625302096277,-563.003989601935,-848.555920331172,-2571.05900266694,10506.0171090433,-7284.29170932233
0.808742942454332,-2110.014645362,4561.66613740182,-138.704633632014,12.1436811082709,-3632.82280625476,2640.32100612874,-1183.84418501959,-6786.10971845763,-1116.46281712968,139.727785742351,74.8933274258187,-441.238645455269,9357.5624216465,-775.505394368341,-6151.94103204742,12544.7865433067,-6669.56424457692
-0.291482380051273,677.928259303946,-3892.97219151515,97.0520608598767,95.1444021154732,428.14759095041,3995.56378386657,8422.39098484663,683.440964063353,1059.15835206719,-24.9106088327406,-21.8598109254948,442.985574217389,-491.180450717483,921.073558093288,6064.94103291993,-15856.4743838978,5766.59209268952
-0.713333480252633,385.797280815344,-2867.32909337503,61.4530790539726,-58.2371661313729,-604.219328787212,-1154.53924293385,9169.75837185374,243.618294764252,-710.053062301124,39.3443246466387,-43.187024341612,1099.59087480724,-2368.68667255456,1364.33604860117,1111.50331355841,-7241.65739553543,5031.77230141461
0.875311917215394,-247.84488493877,1986.08358120578,-43.8955042703042,73.458735932117,-654.195493816238,-467.270104711322,-1943.33844480659,768.749872490795,98.3635131460797,71.8119553544868,28.0389005128105,740.40880966075,-276.920899669695,596.657409425773,-3163.05636198739,5719.39781038014,-2027.33159450123
0.162065618448366,192.02930054537,902.700673868978,44.8843574916389,-200.795022271602,2782.9564977163,-1267.15998864554,3236.28211187735,127.052106006412,-1227.34559137402,-56.8144383206582,-45.6228421837797,-983.714645696685,-3529.75563203264,-886.137957859983,-1569.07103081538,-7307.11024037543,1735.01638151634
-0.295623047666608,624.575098848051,5601.27431510877,-83.3411034470604,40.028890242139,1907.8395165884,-1606.62086865524,-595.165425911551,-66.19685053012,1744.12504988225,-6.19754186172855,35.2485417366492,-579.877057633593,-1777.49219112319,-118.495248205756,-464.501563716649,5475.9141584796,-3010.4987760307
0.73844444830653,342.598695855988,3352.88837355257,-5.11133396652876,-40.0977754191314,265.672867958188,-1328.11310559525,556.245792275624,2113.14387835497,891.608665565159,-34.4966443723435,-23.1250058795348,-580.284196202144,-2409.81164660025,144.525650960475,-1050.26635111903,-7306.65125247152,2019.1364816142
-2.20301880821481,155.368355485762,-4069.99883366249,82.8416001987966,86.9364665392943,-567.447682408628,2664.71339246828,13051.4052937023,-6440.42181329224,582.086320292088,-39.7316280973707,-59.6294959252232,-540.049142570815,-552.39956349063,613.310814633491,5773.2892061464,-690.764495266816,-401.769448173543
-1.97644351450803,699.544206255447,-3338.9430865827,84.0031101540646,5.24861643757542,3072.00354307181,-1738.94645638463,2259.57086139912,3709.84459312664,-696.484578888368,-79.9553712376704,-40.5087781731864,-670.265173996804,-5264.19212573842,810.921352735163,7617.12697508741,-17558.9809643925,7142.67349834442
-0.702251471003271,581.934812498101,-2925.96563620915,80.389300357458,72.2543490552038,656.086587021951,-1185.52382711827,6665.38789568716,1436.83319824192,1839.43558735017,-42.9720139413258,-21.871221879931,339.311958727641,-1285.63382333619,2204.57035651418,5410.06453184551,-3131.47218472424,4715.08534455504
-1.94453416820397,661.115837012934,-3736.53009843541,87.5208808539063,79.502340602015,4150.2385650769,-1585.11804123817,8331.47690085221,2480.35940924543,1057.9616351863,-54.9318252888679,-31.8455986269817,0.564395180355378,-4433.26886155298,2384.76314528765,13060.7629495055,-19786.6737431966,8556.79070881739
-3.25589547114029,737.054665290448,-3169.15122091681,41.4512238338896,-70.6306217660586,1073.55477174357,-1094.84949457806,3434.27321079321,-8325.99347578317,-1628.44005315266,-76.1833668925427,-43.5278586250959,-1467.43776277231,-5497.38629334179,38.4634302062443,4557.43492881607,-4048.67043954014,-6405.08481256325
-0.302703687493567,45.5187417141051,-3298.94775793627,104.973936512656,-60.9537379989235,-1671.05157348603,-43.8685460738847,4445.64977408441,-3763.87897161547,-923.055383205197,37.8121892536897,-1.23330797302026,296.668951907951,-712.36388758686,-1106.34188439081,-1630.34125064538,3853.0196137657,-3470.58632455694
-4.19896899525249,468.085859371227,-5003.5276723115,22.4343935168574,12.4862861323029,-620.690583657968,-1036.36461024203,-2130.913281015,-2847.89789096593,-1301.48638301843,-6.73419637726802,69.87585589434,-854.684901981418,-475.846506027346,-383.092806641685,4876.77430205428,-2293.60425774753,-5064.82795791938
0.251274149675065,-738.0845901151,-288.912746436452,45.888249453195,-44.3346933098686,-2716.34682643269,-505.6812328136,6288.50907778229,-9259.98442111345,608.381218292095,36.7625090740601,-32.562093247138,295.901621919076,4550.37267678069,-906.800812925449,-4040.16634443259,10165.8401433703,-4414.08110060909
1.36410910544446,-2502.7789613056,5511.21118704906,-120.93452932314,-320.156623196003,-2730.28855583142,-400.161725425929,-3269.51110143278,-4903.95788802505,149.84046309387,-0.690708666285059,27.6898914273318,-391.504585877864,4462.56369331875,-1062.18302201666,-6650.25374563107,11812.7689776587,-5948.91435529247
1.12643073344216,-776.554541754148,-181.113274505996,23.7782804307712,-15.0446475226781,-3100.96611894129,67.557922037465,8210.76215210107,-5219.63320549824,2085.97549691035,46.1027897999729,-33.1372025643185,1535.2296971201,9724.66427766708,-757.100501580458,-3660.70464439833,2843.46237478536,-866.738507140538
-1.40079484234427,-137.090114078363,-4228.38848162924,117.357518665428,-58.7659715105126,18.5894751600464,2291.9822346273,-3875.8247933244,-10354.073863762,-1054.61704845148,-48.8823720189903,8.15119564848371,-1380.81489934068,-4699.84148483878,-457.76821355925,5073.00882913243,2857.7476429575,-6890.27523476701
-0.599493882099672,-289.30241840364,-3250.71674230605,82.5111620036134,-122.354117180825,-727.358276173739,-950.809522787749,-6819.2511571069,-11526.9511017542,-734.399512000657,-50.6239155838056,14.8258812128701,-1411.79288958966,-4057.11936650419,-1228.70728080015,1216.76746873931,9330.21450749069,-8814.40685388157
-0.0917972297249456,645.620079855462,-2359.42047556592,31.93039556732,155.601043674267,147.938620343381,-576.673118892141,4824.03779382148,3582.84768020424,825.186206024789,-34.3446946549635,20.9516869007489,-229.567156052451,292.537791792678,552.261414802112,2981.65920754403,-6402.25810440026,4299.91051175319
