"bridges_ratio","getis_gi_degree_mean","d_value","c5","c7","c12","c13","c14","c16"
-0.098827176666122,0.00775268094615506,2.09490830155714,-1.46057863991934,-0.390910666746745,1.93052186089054,3.11355459768138,-0.785291790979786,0.787405964358664
-0.45942429850854,0.00138435820652003,-8.24732191482054,-2.31778843433921,-0.0238112685640351,1.85718308804446,3.3824198192056,-0.548897439236682,-3.72115219162921
-0.50790058084327,0.00427262307927682,-10.8345582397943,-1.13958407798568,-0.535581665791197,2.06003833764977,2.62814304881555,0.575284264182054,-8.25774128399237
-3.12496756902883,-0.00214334353550657,-7.01400887729403,-0.27999150385254,-0.331914502691368,-0.142376925488681,1.54558939056695,-1.42277020920854,-1.5314116911504
2.0980480596753,0.0228691369266711,-9.09148463249672,-1.12453835096458,-0.270561356176502,1.73498773132525,2.95797819045637,1.8820848963749,-1.35895016066571
1.62743428165288,0.0133914437340701,-6.72493192174126,-3.22154809437779,-0.255304305751724,1.42320891736837,2.574209286506,3.195546850745,-4.60711847681693
1.44154504480809,-0.00595048032637047,2.44992395034507,5.03934763893233,0.612696669520925,-2.42200837803348,-1.0811071643359,0.320896332823941,4.09004094893446
-0.200605193561038,-0.0210923600641845,12.8100985220643,-0.180119986482132,0.580704645154046,-0.29443196440374,-2.49812654935967,-2.15889589971969,3.6858787645145
-4.37169291882574,-0.00517432682255907,1.50842184460195,-0.901117675805434,-0.0368249638241616,1.77630032160811,3.11743861144742,-2.98930615932656,1.94143679790692
-0.889627428450064,0.00457662685711166,-4.21170387961842,0.999028620116791,-0.972847842690471,0.81575154515109,1.37692389466986,-1.96153803977858,0.657130542385565
1.94244545262445,-0.00438054196195226,-3.73624329227607,3.00240183750125,-0.0989365431636939,0.314739004432455,0.110658868563147,-1.79939761909924,0.230462548141732
2.9740278263903,-0.00353324745037904,-11.2308620804726,4.07803157745549,-0.744037168955452,1.53147600218887,3.0547485066999,0.699025906692389,0.0222641618207415
-0.0866481838282034,-0.000150353208233895,-1.66916956567189,2.82735757054173,-0.755204355416986,1.20946902527209,2.76538182533307,-1.37821549516477,3.21129656952576
-2.87719959562494,-0.00832829993644547,6.36519787051322,0.567766579264852,0.232737475719655,1.43701704247372,2.69500314028195,-1.3868013650849,3.96615013314181
3.41465437593345,0.00289709899717995,-12.9544400245215,-0.303377536052717,-0.520851484923576,1.7581754340944,2.61882599319655,0.283430145337483,-7.28530557140174
1.25980693063511,0.0092081284039562,-8.65327649045469,-3.80654593971824,-0.00491487609528693,-1.71167009622361,-3.1209939766749,2.55977349033873,-9.88560663451311
2.32573293068448,0.00472729435172628,3.3938647766191,-2.95910069226574,-0.0427468106945401,-0.390081267143795,-0.144025591315526,0.854756580881642,-0.408602475122187
2.87545477641508,0.000223611746775988,-0.706055303535725,-1.26035854948422,0.092132391879118,-2.44969184865001,-5.68909857562574,1.67361363777037,0.0385432253207381
0.0646901994427245,0.00485845786615661,-1.30190044191839,-2.37018376186682,-0.290831696487327,-0.159957019299426,-0.40789022744724,-2.0780121386979,-2.65402288856321
-6.44566871504438,-0.003318098900455,2.04414960320262,3.39330420183708,-0.118021258103887,0.395905218255828,0.443066753215818,-3.20721560114887,4.11220540592788
0.235297281186962,0.000846989012494084,-3.23609931788834,-2.6293096925802,-0.0590928610639437,-2.87493033003824,-5.89481563070496,0.0755355083991364,-6.39414107609404
-2.52606733996322,0.0102566449715471,-6.74401526673519,-0.446316316896127,0.460559307137967,2.03775744840093,3.74020052036642,-1.25781371939744,-1.90275407141562
0.297647853439165,0.00857962519204461,-2.18210583617002,-1.7186232444375,0.18424043911469,1.85598579987137,2.85201827682593,0.0653959818115839,-0.0192320858705934
1.86162616322967,0.00873078848130237,-3.73121227678621,3.49606348573289,0.0186741502251325,0.255989521818915,0.36456482155569,1.81918283951774,2.93102930605492
0.691657691592806,0.0161691407713402,-7.52196606127151,-0.659442787639085,0.195583643114621,1.22810998151811,2.9220469273006,1.76193855393704,-2.14591214670009
-4.19508565972352,-0.00972736750107462,18.2536720962708,-3.37053180280574,0.508979053698175,1.88270273282726,3.12307472369125,-3.04313464746589,4.07946769441933
0.668611765568836,0.000362706722192074,1.20810525210508,-3.36377572681585,0.387481411888516,0.9668533577097,0.229979951424756,0.895414959175987,0.260639617823656
1.71017082738278,-0.001951640411424,7.35185967666675,3.83287924911822,0.413901096378677,0.894444063769709,2.12439389598388,-0.0390836117855534,5.37281053215288
2.48325319321504,0.0101354977419168,8.4456827521799,-1.55682631475312,0.75454868494064,1.45036227786708,1.01553054638556,3.01735268060983,4.69527534630048
0.642126669560375,0.00704483110920358,3.16106667924445,8.9221260227463,0.56665464295946,0.216810284800371,1.49839975342117,-0.790126913187995,4.63796705116738
2.37376806274905,0.0111809870923547,8.43867830559728,7.97645878638403,0.444345062570544,1.68055304644354,2.50843056795587,-0.828256855990431,5.1493698419333
1.26020287830025,-0.00509117013625203,1.52291890901151,8.03738891094348,0.285135897058245,0.169463862990101,0.76100034151056,-1.42642807970818,4.69305494012089
0.609614816874702,0.00499217692803545,-2.28011081235626,-4.36329130523768,0.0653871817475466,-0.918645543598664,-2.71864857595135,2.5473781966338,-7.02132828715375
-0.882353768765087,-0.00847186406208022,-1.75287204449067,-1.67858731947248,0.138207759057335,-3.50804956454478,-5.09470395476108,0.18243253202212,-1.83707192596347
2.74900755008201,0.00572849539817479,-11.676839384388,0.448989842813628,0.194464915484963,0.490010071433944,1.49711230048631,0.994886336989147,-3.84907526506302
2.27565606242741,0.00330779667556259,7.27005293779601,-1.06260880359085,0.372415503642936,1.08101796194171,0.0977234104129178,1.22961657410161,4.8378565803457
0.0534242907860382,-0.00596831247210278,2.029312643583,-1.2339345286509,0.0116222437851424,0.675615324351231,0.532112026515301,-1.18518897613029,0.493411020017918
2.86290439915836,0.000106291169474043,7.37332536197807,-2.2114212898557,0.480597922156485,-1.59897424712192,-1.69793288764801,-0.700617635206052,2.7214524475837
1.26834451518145,-0.0101159990427263,-3.20196896749361,3.11755103580539,0.0416601149661069,1.80675858658892,3.47930437996604,-0.621388527166839,2.99337286574749
1.08762973389916,0.0139367107664949,-9.22869104171775,-2.60683995592523,-0.654403373764006,1.09379359940432,1.72273768723901,0.431691676566989,-5.27410923463826
3.40631614239789,0.00991153735617036,-11.6527108718345,-0.552297690925041,0.136960789467605,0.473073655811008,1.25647672063528,4.11566978605252,-4.08514198283754
2.30489945457839,-0.00656037834841977,-8.01404228919899,2.94030416154839,-0.014534063531054,-1.78033055830453,-1.3090644961876,1.85676675072513,1.24879330535643
3.65702620907655,0.00627435462185708,-1.77975541609157,0.911112520074369,-0.0150747813246627,0.699507063932163,0.667244352051111,3.33928470018411,4.24358501100325
2.40165493565934,-0.00489388659195534,-5.08362119735596,5.28014844939712,0.0448677073370022,-0.63949203082069,-1.32961988337723,0.208673867377846,2.03065430289052
1.10775818451724,0.00366356286296516,-4.76717206580325,-2.20058291885707,-1.03642689854663,-1.77357362520947,-4.19693786428333,0.283655785323924,-2.04564386255356
-1.65548485948372,-0.011884811059787,12.853731436768,5.77151664802513,0.720952601664592,2.23944473184149,3.33618851495697,-2.08902727281678,4.99839868539279
-7.65138474283406,0.00185387873973269,5.93198170513861,3.75132866829729,0.791833511394955,2.05083766907439,3.24056610221293,-2.3492549253713,4.50612277707748
-0.5053799281115,0.00134373281011906,11.1359117553005,-1.49838182041803,0.424071400154913,-0.828695831926442,-3.11686681384735,-0.375685721519687,3.56907117448006
1.72992933081655,0.00341907765615691,-7.08332581816731,-1.96477500337071,0.326250280360036,-1.03491672084646,-3.57735342208718,0.632540512992833,-4.77066459569737
2.09280990295735,-0.00583556633825605,-1.16409598646863,0.141147667745706,0.5501411140603,-1.1075804785674,-0.240880005191514,1.57343575013455,1.63092801479114
-4.10946081892145,-0.00945760495306283,9.57329590808937,-2.25539226977194,0.00590420098594137,-0.793823351905511,-0.706792408914659,-1.84725202876778,1.09338589164434
-2.55414448168826,-0.0174830179507596,6.312112693641,-3.54085568013939,0.583119742463547,-0.953404977933188,-5.32931923955264,-0.418236668637613,-3.75476660218698
-1.49282653078229,0.00234229223597081,16.7813730690643,-4.10177292226689,0.0544798551720737,-1.53946019638453,-0.893574655732185,-2.29136363596875,2.57057940386248
-1.17077282895526,0.00401522055389789,8.38058707474947,-3.86274250371853,0.122449068576036,-3.60327266212501,-4.27827065858316,-0.549000328572486,-1.88636645648692
3.01272601595302,0.00820624807994935,-7.97671367520823,-1.04057187099476,-0.0260952980720872,-3.27579247769209,-5.6283221236049,3.86282655893678,-1.95848452500662
0.650702198695142,-0.00890476651743775,5.94380013181435,1.16982421841993,-0.0334440015421451,1.245147587994,2.05950838629863,-1.57009566167712,3.0387155282859
-4.27008662477393,-0.00693507226509637,7.57428667636139,4.56019999492972,0.261114257021136,0.857873612531283,1.59527622888351,-2.22865122768592,5.49404336576324
-4.59986279945892,-0.0107312495777796,6.64203752253798,-1.04440234839487,-0.962847478125464,1.729299952924,1.85164261295195,-1.45825182047389,3.52310284586849
1.65814265547012,-0.0060889199559312,12.2368054007145,0.767576878947983,0.345355238248862,1.76762546452332,2.88708180462396,-0.925780692433664,5.23581188305316
-7.4522973409549,-0.00368323450885387,3.52919277403993,-5.23054570098422,0.0904466343335935,0.556282856745217,-0.680038517331411,-2.44653288481182,-3.0337635087897
-6.17385273863548,-0.00838848586975977,10.1974563979584,-5.18203360362484,0.120661346411528,-0.0915627840710309,0.320343770379609,-2.73827316906752,2.56201001936219
-2.85102190007079,0.00629605124116938,4.88448075166702,-5.01533254680672,-0.290203709905866,-2.34198401145137,-3.32249367371612,-2.19376166793826,-8.65096673420979
-5.0062756666839,-0.00511101521909134,8.7086822578689,-4.88768367144903,-0.142781431027264,-1.30222488578904,-1.83073357243832,-2.69952724992073,-4.06386659658972
-0.644777861870646,0.00219424656120498,-1.11633679227118,-4.03027253541952,-0.25532883909217,-2.47606460232291,-3.74848599363851,-0.816593368296914,-9.28971158101108
-0.480447524270596,0.00412675245056774,-2.10203413165959,-4.72295737328611,-0.0795860812107626,-0.201218754002371,-0.0240650348134441,-0.384004487317083,-6.66463935167878
0.766827668568855,0.014068887534899,-7.17725167787361,-2.41291438533308,-0.231688520487815,-2.40535924434303,-6.71733953745848,2.19961580169032,-7.94211892638096
-0.62315866514511,0.0120979088039657,-1.9910382722628,-2.94748918718786,-0.625499376132513,0.520917263496499,1.33404307108939,0.333733200665784,-3.4093901324516
-3.80863604961595,0.00328521470001064,-5.35794484847346,-2.02609831964626,-0.645346974438892,1.42444798708841,2.58012967859252,-1.29519961120074,-4.72096033669886
2.15866642438304,-0.0119214833043321,-4.79507579863704,5.14248263699052,-0.906252801500142,1.62718080580446,1.92982011316295,0.500597799603896,3.27126880925941
3.63597007459579,0.00147205613763919,-5.15854778224609,-2.10802115070065,-0.77249343901419,-0.0920180391805042,-2.3601666794356,4.31116045183363,0.913776608518853
2.43963088921448,0.00197704630829774,-0.394810405390865,-1.43379721892776,0.0590033444705278,1.31962259387865,2.81412994048431,1.83464939573376,1.84091164797701
1.75466661918914,-0.00496130669559515,7.78918432466512,-0.258848308320909,0.468431681433615,1.90803510802278,3.44180613466695,2.64984148011611,4.5239378461125
3.19188846408968,0.00519967456928916,-3.31183414717981,-1.9337451572932,0.302292476792978,1.37486936796377,1.36944017650027,3.83573936139685,0.17850693619474
2.44486374464983,-0.00665823027679627,6.01087360843122,-0.732664608578649,0.730110815015002,1.17431379771851,1.98826026436962,3.81132333645993,5.14624321584702
-1.80852522739277,0.00607731457327113,8.54505037396877,-3.67253476446711,-0.819629617103512,-2.65975530929133,-2.59865510434061,-1.73871072730807,0.75258203003774
-5.12281104003987,-0.00972227316877545,-0.283351809190621,-4.06417557780241,-0.137292869434876,-2.48990228949496,-2.73574623462767,-1.29306348464566,-6.30557771546907
-0.94643206902386,-0.00480194948339207,11.8774209168211,-4.30858560784193,-0.0940710287050599,-1.89736428884132,-3.70885982222689,-1.02635037078633,1.54526294579629
-6.69204791804678,-0.00867243975555952,12.5488892817767,-3.17587467816858,0.120436479985937,-3.94106919698324,-4.1816376917374,-2.76937625159014,3.45305512617056
-6.50128980097615,-0.00538279583797586,9.57090475331865,-3.50385646613937,0.128843657992819,-3.64984060251935,-2.10903502492285,-2.04701147169768,0.763801981718289
1.96520929038838,-0.00265081344205813,8.06788208560291,5.44007756246773,0.479877518535614,1.29096367638206,2.20289144638165,-0.947501098380904,5.21628156343081
-3.41056320234776,0.00101066531179239,2.17641436628974,5.14054855149383,0.447725638572486,1.20528762769032,3.03471601280152,-1.98358554813155,4.72595361332
2.93291953859975,0.0078466513242883,-10.8674591739191,-0.546558341698016,-0.423922071319228,-1.40541287301866,-2.76254304836091,1.99301348336105,-4.03810668715705
2.23168753325149,-0.00480772620689567,-11.0697986493459,-0.0955491875097888,0.286439494466906,-2.03557413691485,-3.42723048922503,0.377414362625422,-3.36414999517021
-1.5471458368895,0.00606610490001769,2.31927339715833,-0.612792494116774,-0.0410712060055582,-0.899039281664315,-0.703763694745123,-1.04191279566772,1.33255787370738
-0.733012323477245,-0.0165732003986814,-4.31215983235069,-0.148865829602227,0.491437527195502,1.31549097284955,2.05162710512646,-0.573984426668386,-1.29820647894594
-4.21977237643314,0.00330097898132276,0.887894622684366,0.116033213096979,-0.69703981550482,0.182941484176941,-0.0562616315733193,-0.207788136531119,2.17410694285573
-2.67216744992367,-0.00330541537763659,-1.43163968754728,-1.76747861792848,-0.362487366610138,-0.260701737869812,-0.854239438899294,-0.344152901348938,-1.65903156522194
3.09272974987459,0.00717626775412258,-16.1865232378102,4.77739572730639,-0.23373154122514,-0.921163255288629,-0.164981561053354,2.00310615447975,0.264745815504435
2.46768449436386,0.000437323030515695,-3.05835588999575,-2.83404481207283,0.276741259862622,-1.23018365385775,-4.59599278945121,2.66376999870368,-5.04740633708802
2.17013219341169,0.00594987574940204,-8.85319799802561,-1.11032530076042,-0.73593160080853,-3.34278077055068,-4.77550275867717,1.7018936411774,-3.31947088239722
2.77393344561702,0.00655679525454807,-10.894301708319,-1.91553786018453,-0.424631924178277,-3.6120894718285,-6.40530011830143,4.42801880715625,-6.02142348669858
2.45537556085018,-0.00582814578913458,-3.87684578071306,6.2536815014326,0.65359620568978,-0.0431983550148268,-0.233227126558448,1.61315238895348,4.51960994877637
2.4405894636456,-0.00503180854638165,-5.94129151902746,2.70456440426653,0.368946565640461,1.64121915939285,3.14762277335935,-0.609299582741718,2.28921226232314
3.73378858713455,0.00102836827903507,2.09601423527088,2.02617755066205,0.520525997667168,0.54544382756424,0.896503322846395,1.6184584536818,3.37891160507262
0.235907677336176,-0.00365428311367024,-7.57594267717506,6.91034606360791,-0.244474774766373,1.37287258197427,2.49252821651647,-1.32185571276652,3.08820846524273
-4.2823790874604,-0.0264256015002909,3.57745774795873,3.53795913661579,-0.0616069739737881,1.56450461784243,3.30065920465445,-2.34375385787226,3.9576381876362
0.230299504521546,-0.0012407220122361,-9.29563531624622,4.07679446257281,-0.83356399948299,1.18124435351897,2.05839241849778,-1.20622677251717,0.823994450641183
3.29953039836312,-0.00485212184210335,5.13685827910944,7.8170470798456,0.425752981275687,0.704723930608925,0.771979086540693,1.72253981168543,4.91550418999935
2.36315692693462,-0.0101113178754724,7.40169137722237,8.45173387734194,0.295256323470881,1.78413534775312,2.8464567802476,0.175146317037893,5.91255877051216
1.83640497079693,0.0128462190296084,-5.59291698616807,-2.60879354880336,-0.331095759436473,-0.808412745424931,-1.6763916536492,1.11944408428736,-2.92569595147469
