"degree_sd","bridges_ratio","assortativity","getis_gi_degree_mean","rosval_mean","orientation_entropy","d_value","c1","c5","c11","c15","c16"
745644.834071592,187337.480901523,-1811009.01628936,-1573579.31786759,-6299704.72954574,-914195.198607392,-1083474.72857152,3039214.4223167,-2831873.34863995,5244325.61763181,-4938964.49140894,-3859919.71552539
611674.846344432,381054.438713439,-1208610.60435059,-272441.108843595,-1743481.91194046,-2008911.41036655,8753420.25091109,-8325741.49269906,-3737314.67531926,5754564.45611877,8298057.27695956,22472404.6246422
390065.057154382,347739.183957115,704515.611154803,-880987.015685988,-1324166.81445276,-2440648.71845899,10548924.0971933,1991029.81770929,-2017310.20813567,9688242.75038723,16537834.191358,42136045.5517386
473364.163257004,2195817.82367391,1450758.26423917,446723.839244508,-3030808.252293,-681961.299072033,7096792.53563596,-2028924.93788654,-223442.738259874,4547298.72532657,-2099652.3988561,10264175.0568643
397091.432260167,-1521089.69831612,-4797252.25879398,-4621082.12370265,975710.725681307,-85540.137662858,8598942.6276293,-2057432.48637568,-1624828.20674075,4142953.87244361,5456942.35231869,7142253.84090535
347558.07562886,-1217566.58051749,-1756349.85579487,-2702005.56084367,2666756.54759225,-3512218.54782179,6059253.27259569,-54708.7711656442,-4806167.47135122,3140547.07767125,17027393.4541034,25173821.1055802
-506542.765176113,-965741.183570358,-471620.270386807,1190269.94202168,3649447.93775905,984704.389372209,-2003542.02479392,-6916962.28183983,7594893.85743314,-5451220.97035966,-1214253.38956932,-23710145.7150262
-64107.9165357819,152254.11546558,2598884.92137452,4249552.13946506,-6370898.43803677,553797.802256259,-12685804.533357,5426461.5135864,-545851.979622839,-3756838.14893461,-12623746.7411713,-21870525.1027183
618048.812468347,3080560.43783627,6764095.07747937,1040503.02280012,-2878469.05809411,985846.665319306,-1374243.48629362,5681937.59150041,-1610821.19927416,-4918507.593741,-8756112.21888336,-11380351.7369501
440973.485179748,554875.940209663,1498819.52454672,-911042.404311422,-6962219.36265156,158759.049668517,3706911.47640335,2139889.61639863,2088214.24438725,3537599.99505743,664338.988829156,-1887653.02837708
-344059.570163749,-1339289.04466843,-1313771.42932811,885804.325768334,-5837001.99886354,393518.379349206,3973376.5635354,-6035995.31330596,4676557.74318542,-810922.803584337,-4430518.94343431,-833145.105519423
-347939.339305098,-2124282.10001015,-2835800.07671337,717684.716675848,-3441389.81964255,552612.313648858,10700847.115819,-4396893.85920188,6727860.2721432,1521841.24487539,-63414.1779235708,-160160.621537434
470978.774059935,103251.737931745,474710.430803027,22025.365057203,-6196003.50387306,315406.54883513,2042608.31541115,1461166.5932717,4222310.62579174,6557259.68817743,-9399634.63463785,-18134643.1440256
-76445.02982213,2046790.405008,3507728.77916966,1682702.29693909,-380596.732248308,798412.453952602,-5991246.86125683,3617242.78841464,761300.037499387,1542436.91390204,-11007925.7174148,-21408552.7765451
-469177.679619317,-2492352.31521209,-2032469.19462807,-581868.07444957,-3462660.94328723,622603.991226341,12148493.5691703,486197.235783254,-150280.620447924,499990.603650005,6001983.19770333,39250309.8856686
179307.618897805,-906107.532874887,-2291128.30995449,-1873591.09471362,7882218.9661349,609971.263299196,8239611.97183573,-6720067.34643522,-6222843.18553485,-670422.874791359,13672951.3795156,51809818.5392097
-640776.971354124,-1723870.38806749,-2074160.65805079,-960217.690015064,547268.934870342,-1255389.06847964,-4246567.49116695,-2915168.59199992,-4485834.75500436,944741.828926879,1125416.10978756,79235.1978184469
-735038.924213579,-1914679.8231001,-5635816.09851154,-63540.0245882938,2196843.20509006,126280.298477397,1845484.51555163,83565.145094172,-2729684.50549798,-3305161.63224454,5341532.22927821,-805095.26088609
220281.169822676,-37984.4179445982,767024.586509255,-979746.865262681,-6781873.1243771,937867.657731949,1368423.6872429,798133.755821593,-3760387.92182499,4744540.50446809,1028476.48303712,14904940.2240506
541227.749587636,4491030.09584881,7268526.00999411,670407.390942102,-9555325.74394849,-104194.236866021,-2267121.15025529,-3460117.77263452,5476112.66663957,4149758.80251203,-9795585.05217058,-22790253.2125845
115919.133139855,-153604.9939805,-321712.83201989,-163075.908483047,3598399.14492049,134994.738316221,3366787.01913126,-6668191.97773505,-4129017.96189009,-2481659.31360491,9989821.82151666,36219027.5597558
522156.576642607,1770854.768467,5395271.120696,-2066150.68849244,-1034052.2348062,854269.976363185,6732624.74048326,2391682.98524288,-623874.28906664,1060806.05113409,2514225.91267612,11346413.7766182
139125.285110458,-191638.483988268,-250197.630823785,-1714727.75492183,-4511929.65897364,-368028.781544776,2417829.22634251,2939951.79618051,-2401610.32088959,4753332.15835141,3964956.83242901,3566236.09302984
300017.921554745,-1296833.02037485,-3325818.3780574,-1773520.58922951,-1896766.63344738,-749515.290879863,3723376.2335499,417349.398830831,5390305.65947625,572448.500597529,-4546204.73112365,-16826481.1031198
380031.965348773,-521686.137090451,-1516555.28229391,-3270364.42411686,880040.955589118,195397.299822643,7017954.7448911,3644968.98525422,-940918.815242898,3005901.74823907,8900503.34111979,10938023.9720271
296444.028141785,2942268.45851294,4101484.79315478,1985575.44004225,-7927971.37730362,397324.156771083,-17935144.3509339,7029913.04326365,-5009699.91951186,2838327.75872127,-14799996.5354352,-19119185.408708
-137005.767927605,-473722.056728358,-923924.179907,-67931.2577246762,4888982.60232551,717091.528678588,-1217467.75890181,-628695.033767542,-5265606.01420709,-2513604.49948691,-515560.484404363,-884399.118535979
-93050.7748675306,-1198527.47326826,-1634095.70194429,401502.614274874,-4256119.68523085,-385767.474394584,-7230016.0088563,-3576705.82629435,6253416.6433958,-2906434.43716553,-11959516.9893022,-27696675.5955752
-645798.498345828,-1742982.36214806,-1268609.87715925,-2047685.52425146,1593142.78481076,93490.1181685194,-8391047.92686558,-456877.455952275,-2434363.75664752,-4977622.50204574,-2554165.13927616,-25356117.4437255
658942.968027306,-423601.742824963,-2534489.60319312,-1433694.3548747,-4744113.32543952,-2371681.87365469,-2946402.2261745,115293.520595952,13985155.7248301,-4841045.53779778,-5506753.04522909,-26234640.7200922
78187.2280771357,-1733913.76958551,-4470417.32245895,-2252202.35759417,-10312088.5581753,396246.064916104,-8757900.3318449,4772244.33677587,13100533.5266209,1054244.75874326,-9916259.52425625,-27431625.0855771
-145999.093789186,-846475.662763878,-1710582.42411414,1043986.25711303,-6843028.21442883,-2957034.50130991,-1152797.87578421,770344.001951065,13016813.6639188,1076549.38714082,-6887266.52599976,-22355304.9051644
-1524.87630113428,-463779.323952864,509942.227561982,-1005474.29970354,9699234.41470791,1031831.23575111,1944302.88611004,3831797.36323164,-6768193.10807674,-928852.85351518,12727709.7478641,38474130.7925893
-101014.050003728,587974.963438496,800488.190242536,1725506.30305301,2061707.13223147,205967.475233426,1549533.99825734,-4493672.16482217,-2423556.28312597,-1470279.34569475,3994720.41139353,11586875.6806351
-351472.814130805,-2005120.00426515,-3748251.04321523,-1163171.67034379,1087009.40579825,-1070408.92711187,10855166.6350349,-594038.704701451,868053.650026351,-247962.556585442,9199927.4150585,19370204.4364312
-466215.622168709,-1597668.41763342,-248155.799396398,-652766.07488217,1797637.43784988,352788.307942379,-7138386.64970257,4957633.31057066,-1405878.41686285,-5080555.45316961,-3504688.44434662,-23957844.8280501
-49621.9472145956,-67230.9156964468,2063130.66665651,1205887.12223998,-2819473.03072657,349300.265704445,-2368924.22861751,-6089759.55847936,-1888487.2053904,6516.05912180552,-5115239.96191028,-3178351.93520442
-532106.537620163,-2094408.18402787,-2031502.78268996,-18100.104139905,2663842.72832666,434450.913689934,-8007433.6723317,-4166846.09457586,-3140572.53235397,-3491609.12139003,-1000744.99188642,-15435065.1806686
56530.0917050299,-868012.291562115,-2046080.6199234,2043196.00980802,-2291058.67935056,430103.138973639,3391318.75779434,4283245.29955535,4836858.25263283,-850583.931487611,-4889943.27890638,-16264804.7995411
-211253.091998171,-750655.981061838,-403005.298150482,-2807923.30791861,-1924886.52200725,735026.256004411,9293597.48026275,-4384776.1037867,-4040138.47867728,3716569.77366072,6394587.10124388,29999447.4644977
-493535.775030519,-2438412.03232797,-3602588.01467206,-1990019.30598973,5690158.13418326,955076.005688197,11197207.0769444,-4246239.7467387,-502460.871136997,-1074362.88882453,11647615.3389885,23697330.1747867
-401860.86421802,-1625639.27921153,-3667324.07175447,1328936.38615135,4934923.03717122,617688.48810675,7872542.24890678,-8017680.66483031,4760951.40356644,-1407413.82883842,161322.192080634,-6613648.25207351
-1284438.32536452,-2554002.54212765,-2063388.91758461,-1250931.87712232,5203611.45858077,-468210.634637103,1990102.74391405,2051971.06036417,1774177.74230509,-3202470.04305829,804662.385213942,-19866059.0085183
-231626.213280964,-1684427.11011315,-5493849.4408821,990895.799459722,-3699135.6065285,-129571.838018897,5022398.38831523,2193543.8179099,8442662.68034901,-257641.909329272,-1304620.9622151,-10914849.2344587
180154.209531702,-852361.235720637,-2015009.46841024,-742624.827163423,-984049.127403049,676407.221889279,4111477.50425492,-1394503.99570519,-3350181.69594782,-2453315.28404785,1392381.60536637,9944878.2410453
127241.573608727,1087498.76652306,-1123802.03909547,2416772.9179034,-10604080.3605117,207701.720333302,-13225396.4702754,6480460.20522942,9588810.44598822,1906199.32890646,-11322120.2030296,-26473575.8768253
-66308.2191848014,5327452.10151686,4715097.99012864,-352827.266265477,-4949500.74983535,-465910.723148096,-6045374.52108056,7706515.5313103,6532379.96643775,-6187592.34633251,-9535671.99619626,-21326995.7233153
321561.577425143,314304.079235595,997820.959137094,-265426.049973187,-2978521.4277389,-2506806.12477916,-11364700.3401096,4221433.60418731,-2176746.33177196,-1480369.37861065,-714169.132408722,-19170079.9225596
13822.827953481,-1129138.80372406,118444.307910082,-684200.626533114,636222.994316777,713438.402650988,7761791.35700989,-3035410.96512277,-3262649.75637984,-3272713.17806022,6321708.246148,28126489.3022022
-350154.804889246,-1423579.89758463,-2740672.44049438,1178464.64992759,5576361.06833675,-786867.063552834,1731680.47807848,1590562.73761807,-4241.89982481724,-4370134.3629598,9586417.41325247,-8257516.24983388
-206089.70799262,2782854.50512421,5212841.56123206,1898666.82719861,-3735297.50546892,796420.90453693,-10176013.526155,-4165528.25871028,-3512430.0318529,4338282.33913423,-10405188.987025,-8371549.0286297
246596.162336156,1769738.27083265,1374095.14597753,3529529.19916431,14081977.0816631,800401.467542767,-6471284.20323209,2723629.40245555,-5675863.16732429,-4309660.08494048,-4429345.39231019,19190156.3688122
50717.1547212202,1100964.60368275,3155753.40410091,-470800.887204472,-5443433.98826814,852409.582399653,-16094265.4654362,2812921.92410079,-6714727.23740061,1838074.87132379,-13831085.7663603,-12787530.5382124
-116065.569711425,818930.596155228,1337790.56466112,-818637.495678112,2194961.73490525,174647.742571638,-8347983.55618509,-4467572.19808521,-6247893.80502495,-1005235.70922404,-5854537.81688826,9170906.74072353
-876010.787014698,-2123837.16512462,-2457419.61719543,-1649282.7812868,6497162.8083322,703135.840875908,7834335.51989992,-2981525.84299954,-1475783.4516138,-3620094.67396337,8380441.66461971,11538145.271475
251769.966226644,-477655.41500055,-1688919.09110116,1802868.77835926,-6765929.87751652,473091.464280042,-6064638.98515776,456677.918485426,2015348.1639361,-904079.623501049,-8339383.67947796,-16622013.4813392
-107910.19037005,2954299.42284338,3079083.93994493,1416656.78996307,-7984987.3349314,388686.784646506,-7756751.53127107,3357726.31890358,7624181.60972921,-2042957.14665901,-15086965.7360176,-27872209.8279966
221180.103297175,3212602.27264275,5727694.30894108,2166270.66649124,-2123413.46300592,673348.971819386,-6736241.05474822,3397820.99338148,-1686812.11658017,-228075.606068322,-10405470.1944825,-19997472.2526457
-357130.367081698,-1106149.09896787,-416074.378907692,1225032.0133147,-6500384.64435031,677246.149561701,-11706043.9044965,7100836.25764145,932392.243394761,1567728.58535984,-7375249.82470291,-28563377.2248677
1120224.85598125,5174273.63277936,7493456.47785394,760681.832478963,9605836.88419555,841126.724538266,-3810129.57857229,6237150.67282976,-7884525.90783897,5360952.7995082,8371474.18105353,17743862.3669839
561695.992471655,4302284.68632084,7926000.89204063,1699267.46253049,4555370.74111494,1019167.39495684,-10220880.1310281,4917618.58784964,-8144908.55039567,5544834.58062956,-977004.724318925,-13665658.0777906
860825.40511121,2025226.08907138,4310949.54666108,-1289528.80872423,1065983.3157855,15354.5637670144,-4710909.56006477,-9736386.50623029,-8290218.9662917,1003698.52631572,3077293.38752725,44968868.7192156
921539.1082586,3498102.98715648,5974552.24854115,1038584.68130309,586786.939600126,801521.991586827,-8713971.03151355,-5628675.36335209,-7673964.8930813,1362513.92765683,-4671417.93933319,22673544.6933743
462440.532275003,461595.283817245,3226524.30770284,-458244.673245799,2333202.75125634,61256.9909041353,1100083.80555638,-5556146.15266861,-6746106.9376708,715500.751698434,12205025.3808426,48628165.347162
793495.572521755,381207.257369748,-446148.793398115,-842173.234181481,2657988.56665411,-707079.57007118,2415819.7741356,-4130555.65462567,-7881535.54733971,-466868.182421017,10597095.1244062,35611885.4291946
8075.92090821095,-635343.634744822,-994470.91381796,-2842304.93739134,5492407.37722739,-1748948.91104326,6273866.38666719,-216169.976953524,-3424885.26882421,-403074.953019582,8572835.24076609,42428691.2050069
578236.298669862,529694.079044432,5566552.27592187,-2446918.07590418,-447810.381206419,-523226.039569823,2898109.1264783,1708479.58876457,-5062063.91499686,1624710.23076899,1968900.41334312,20078846.7251802
243664.682664272,2723851.04927079,4113261.12272434,-673969.581489721,5129863.0250968,1100324.00651471,5819478.46908467,2339642.81777799,-3659261.40889768,5595252.4116665,4667789.3405335,24890314.9658039
-245178.727552683,-1459828.11033131,-2595312.54284294,2410186.62494724,-575286.359494147,744334.357976717,5388668.67907105,2893040.86621869,7994938.78361027,-3145457.67566247,-4748456.33966886,-17090690.8138577
-724757.59629248,-2502587.65996523,-2739484.63122679,-284493.55954518,11365725.4646381,-3123799.44095926,5671462.16415772,1483903.81445123,-3356081.78971961,-5096672.07467376,11002228.7201282,-2361982.65082973
53063.1012523503,-1670129.20808852,-4062644.41204975,-397652.759513986,2510951.06754878,-1271971.43936826,713866.62676644,3677709.5163024,-2383418.03501484,-162656.573653163,5741322.70513866,-9342387.46976254
-352155.206153694,-1203343.08352411,-2294359.71534507,996561.333301474,4781072.31540365,780437.259273158,-7482002.62839474,6442510.90598505,-659065.506087925,-2966735.45879309,767378.715160866,-25592783.4981631
-773589.297743488,-2207255.61765339,-4961024.19625639,-1048077.47649109,7620948.62420293,-104622.039245733,3588903.51176031,1112134.84514836,-3145650.79656081,-2260995.72201282,11592341.51987,-106013.099073189
-803935.661269551,-1692466.98859169,-1879267.92738215,1356719.62133265,7139237.43512332,-502445.351853941,-5570771.445384,7085626.67871106,-1068111.8400466,-5461643.81232078,5608079.93164487,-25999170.5182306
896260.416494553,1261159.52295726,-71130.8663291622,-1238948.0655332,-3957807.62319656,-710601.455161139,-8609448.46737918,-6214928.59567032,-5971982.5675215,3780590.02550219,-6647220.41621829,-5633490.05195973
870305.040937374,3673073.57787653,8173357.20680248,1964559.48955732,16178721.6838185,810683.493984587,995221.297955484,1057851.4108758,-6747460.18884475,9080894.77611071,4215299.61529421,35230298.1499858
11325.9085077342,653601.502109971,347652.737980643,970146.173819262,2691567.1072679,863247.581040075,-11871548.0743493,-877884.212216652,-6845220.6243065,-2188580.89870201,-9521365.74343829,-8674139.72941805
1203026.94989335,4752217.17451649,6373808.15040436,1754144.61218799,5896848.64535851,240668.027568927,-11798458.7733544,-3238742.17317781,-5271023.99221173,575793.679061458,-7361668.89598407,-17610620.0694084
204246.287592036,4632695.40927373,5399718.29195162,1088790.08314625,4648229.43774025,174686.870866047,-8615471.19790807,1972274.80115957,-5890248.34879707,-1898246.14411451,-7069215.01215673,-3220655.8659383
-166689.288244409,-1380338.60147809,-1813325.89748521,532810.881811017,-4234437.42457076,508987.140608017,-8052063.90649897,-2465768.45136158,8610838.55555363,-653123.593117547,-6694787.63659778,-29196788.4829332
266758.549838296,2481106.80814,4504105.20338928,-202993.486687545,-10728056.3359328,-1785336.97804951,-1105265.45150568,2496251.33905424,7874180.93782194,9269809.34846271,-9160913.62753582,-24267446.4836463
-95058.1876993793,-2111456.14829447,-3097574.19424219,-1575417.48010764,1343686.88881466,-2666110.76587021,10281677.2508544,-5621711.88639039,-504256.991645028,-510610.678097241,11503825.3471823,23117846.9750291
-234383.81534648,-1528852.89833226,-1955038.52848609,982248.530174776,-1699080.01669883,784074.898275126,11380279.1384559,-2209175.11686341,-106686.466848181,-2297469.38809423,5294092.50862303,20748110.6285301
288709.397843942,1096977.7386054,1427983.51734359,-1225500.55984893,-1893998.7501893,305913.714425679,-2186249.52711153,-433682.285207987,-996524.471930504,-210795.408715562,-4197319.97871225,-6932797.96167687
53671.0153226065,476534.887725649,-1448474.12225572,3352859.98606108,8307774.19671902,853782.781413756,3973137.00675834,5817844.72860169,-105581.526701923,-3465343.03048791,5094947.00013064,6851359.13021784
-97133.5759737689,2956057.65139867,2728548.6860249,-664667.521380093,5677535.97898715,1088343.50397777,-861702.50045124,3415528.28205514,255537.771315651,-1786976.28107732,-3213342.82153837,-11265694.9441096
244247.915918763,1831210.44215348,193326.288335432,676468.720455421,935230.306896183,885471.232568293,1033933.94890127,4387328.89709604,-2552007.69170483,-2269606.19117598,4647518.68535529,9411713.23665796
-725972.064291757,-2154028.6221788,-2671772.69969033,-1442238.77927876,-1620071.98860686,-1788744.98927986,16196585.1615498,-4427357.73783931,7680480.20544827,-500854.849889986,515941.592893803,-226095.946399019
-653209.120312982,-1773749.1013328,-2793145.34282753,-110799.237538317,8995276.3205747,1150041.14847038,2613950.9849483,3292781.33674999,-4671832.0162682,-5199935.78689176,11102681.344273,24822813.2448327
-230997.755958545,-1672679.16754481,-2584129.4365243,-1197238.50461766,1883840.92897061,811502.19342792,7778269.0074468,-9892813.67687685,-1432781.32792188,-1391806.1059672,3203250.83177813,17207027.3734859
-641797.227827741,-2037213.99473663,-2863397.47839528,-1333331.6239158,12259480.1343285,1068417.60765014,9910070.88143259,-8636226.47806161,-2915397.95165773,-4435177.38970777,13626442.2628273,30944174.0424711
-1073041.37361047,-1671397.46953297,-1325836.05745344,1182364.20706222,3294805.651414,735249.974888516,4418161.46380617,-2626706.89172754,9893966.88237708,-5352511.64980468,2744606.2922671,-22995427.1038409
-98860.5287978026,-1754411.79134388,-3372914.0722389,1024111.07339571,-4906541.89821113,35344.5982482921,5596278.24656781,-2159462.76271873,4621664.10720652,-671903.09179736,-2255556.0492119,-11489705.9169174
-1383767.54497875,-2670705.10375447,-694018.902777871,-199876.878162843,-1730515.2008393,703375.973476748,-2522374.52750851,-2748779.11702484,3514096.39488531,-455344.222014881,2004496.22470802,-17805575.6659283
82525.0335434287,-133748.146288283,-1510299.25639835,732887.99150339,-8100217.73392155,331802.652610896,7800183.28953988,3054806.66260817,10799447.342713,4488404.32807676,-7370589.57486111,-17040698.4374687
450294.874303862,2931917.70177158,3955983.7522173,5348846.57170662,-8089147.40062229,275968.514942946,-3990259.46144437,5080614.83981344,5927766.71364549,4379519.62559878,-7750260.82808192,-21553475.6390872
371799.633440125,-87759.9926478818,-741084.844109142,256088.650675839,-9163717.7772562,-43465.936222318,10236536.9818737,-2386986.33308261,6259450.27546319,9571149.35244813,-1819804.49650964,-2159470.33300055
-463200.81276016,-2309499.03556042,-3868392.41711923,970867.023312592,-192163.703186103,-1538697.91537081,-5141390.24535719,4232414.54476939,12204994.0790366,-4736893.94552365,-1906873.4053767,-28766243.6347472
-196198.108378357,-1828117.21535696,-2613614.81169989,2060097.73939672,-2118160.7230625,665370.275316978,-8673169.10774102,6069950.20406798,14122935.2769357,-4074014.19913415,-4525801.27493376,-31968000.0073844
-30497.8461195884,-1223124.31175334,-1046921.13454639,-2599628.65831769,464430.97226974,376782.17142998,6084710.40399767,1106478.62075608,-4404904.67510827,338960.199833021,3920828.74211811,16344403.0055181
