"degree_sd","bridges_ratio","assortativity","moran_i_degree","getis_gi_degree_mean","d_value","c2","c5","c7","c9","c12","c13","c14","c15","c16"
0.285847114038992,-0.123431803442838,-0.624373659392592,0.129844687912773,0.70903894013866,1.51382649999128,-0.463366203215374,-1.18356611174127,-0.684267358255457,-0.0751436616153535,3.32193373208397,2.1479597066777,-1.16142725368331,1.20587841645148,0.923909445270069
0.233606459195993,-0.529613266594593,-0.449237495229567,-0.0842509601150282,0.127491136195809,-7.19931922121561,1.06159149145055,-1.79888967098638,-0.0412788617195433,-0.0214748057467189,3.16621609211911,2.36741332210064,-0.835193255670725,-1.9348048456094,-4.4097261841506
0.149695357887985,-0.57016481405191,0.284438200688034,0.182373259180531,0.38793425225712,-9.31882255507166,-0.402893028209029,-0.875703244784073,-0.94162748368403,0.0166423536833029,3.51277289614697,1.84908047712377,0.883243121205968,-4.03888637540227,-9.73434894794775
0.180363407506535,-3.49510758572151,0.504934502722056,0.207377198530001,-0.194860463452383,-5.95987001846158,0.604760559878835,-0.202267827262064,-0.584036872669292,0.290656839998052,-0.244727965606367,1.09836260662206,-2.17304286135679,0.565328203709757,-1.79993733209099
0.151460939549246,2.36297271864045,-1.77660997933616,-0.00348040523218364,2.06540804744658,-7.64293991504273,0.273260830583923,-0.827665709972967,-0.477025769729102,-0.0383785552873836,2.93953541413585,2.11002377135728,2.86479383161514,-1.31718032943768,-1.58424299815365
0.132158027931469,1.83777923260499,-0.671060215899825,-0.0281221754724904,1.20688204034459,-5.5527534455751,0.00859300217309118,-2.40578648583849,-0.451375266891569,-0.0970107279052288,2.39936766844572,1.85320271328645,4.8621148981646,-4.08607614214576,-5.41470998949953
-0.192667533729857,1.62737122851075,-0.126855672088354,-0.0323481579211287,-0.532671286764561,2.00535712907124,1.06519892204078,3.80916730437198,1.08073524550098,0.387175958760964,-4.0773540973249,-0.781556573423273,0.525147150385797,0.258002776683569,4.8598604807118
-0.0239737982017306,-0.238989492795624,0.98323315138493,-0.0668610186409571,-1.90615897678815,10.8495185790484,-0.833309043932902,-0.160168116788871,1.02182948333685,0.158964528185417,-0.497214392979755,-1.77479416286374,-3.29358650654531,2.95880676554637,4.32788356857459
0.236823775042003,-4.8444674059236,2.50217988013396,0.173398725187547,-0.464535533930542,1.43612997200081,-0.874474226004085,-0.668707670877522,-0.0610926328629208,0.222192706489967,3.06245090813428,2.20758809797321,-4.51875318128335,2.09297960307981,2.38117655570569
0.167215103333685,-0.999145954490283,0.505367234820068,0.155053197576054,0.408003820313904,-3.45117407388208,-0.376310418894989,0.803832954462586,-1.71360388597344,0.100977573640506,1.34687500756637,1.00479516400112,-3.02621200804459,-0.114167688729744,0.754792132085604
-0.131441113719332,2.14893110964489,-0.481015003074308,-0.02231404831791,-0.395958288670776,-3.38814607637607,0.848933458149412,2.24169011696418,-0.174973958942788,0.493829529021172,0.520687290303962,0.0533283223850211,-2.76072720473813,1.06788613751135,0.207245386488103
-0.133284283040315,3.35954890549385,-1.05530029589972,-0.0615959365281073,-0.321714673536595,-9.37519441559562,0.579590900251697,3.15553516505879,-1.30858807519118,0.402209194631958,2.60877498207389,2.18715340323518,1.07585689830762,0.0198557040779303,0.0850558683487292
0.180545987147749,-0.078341570489491,0.201158359060953,0.0425272851692327,-0.00729362200751863,-1.46134076250173,-0.496426789778726,2.13713704773238,-1.32621683747016,-0.549613977819901,2.09174950798437,1.93990657403802,-2.06412246021128,2.25206927805376,3.85128522078985
-0.0288633949434555,-3.20721963838937,1.29879659344896,0.133240188183876,-0.750707755341005,5.442052077636,-0.758597858078332,0.424402905065843,0.411525205639411,-0.668585310252329,2.47215323446347,1.89460027502229,-2.09734399166215,2.65424688823565,4.70892374585679
-0.180141218437083,3.73482536674955,-0.772261033230524,-0.0127858081964137,0.252350931034577,-11.1962984513897,-0.215991486797681,-0.234882318641441,-0.923769909781395,0.459154791586079,2.90530180163606,1.85231538018027,0.345131758713125,-1.48230578829611,-8.73828767476704
0.0690687376648603,1.42565326289945,-0.821610475224127,0.00564369365578638,0.833534967389506,-7.33870584769047,1.37795488752754,-2.88678538558748,-0.00762753281323423,-0.0297777445772718,-2.90321719718747,-2.19667118969685,3.91806163595867,-3.35617995038647,-11.6266706364455
-0.24513170298362,2.61951856418705,-0.771207416358678,-0.0485689488293859,0.422070385374247,3.12426357454367,1.04807015461283,-2.19939457591944,-0.0771545769878188,-0.513324985628353,-0.685209958919722,-0.0556802359886429,1.28720360026929,-0.330829806203922,-0.463857201348473
-0.279333675377603,3.2355651442515,-2.00517085766853,-0.274990131237312,0.0357575373532555,-0.825225285819892,0.254504154615084,-1.02602920690832,0.168512755200891,-0.246572396706119,-4.08510804805568,-4.05474835984663,2.62532668488865,-1.28143191666468,0.115154380814211
0.0840201253537309,0.0447539625382148,0.276064574847606,0.0943080440984044,0.438451298001301,-1.21946376270101,-0.35435290679458,-1.82286183671529,-0.512766324572817,-0.472722766415552,-0.289382019968638,-0.295868585324443,-3.19551816309294,-0.240740817118901,-3.17685695650493
0.206727896321716,-7.21498409963146,2.66494972868439,0.241511349540028,-0.301734283809402,1.80682389656473,0.305277163401152,2.59634185379965,-0.208107558941042,0.0884115224553828,0.665531074258743,0.321259735482469,-4.90104204116001,2.3385274953078,4.84834028052422
0.0439600149769888,0.205956391846844,-0.13961503264611,-0.0998915430749342,0.0734530555797315,-3.00629043220061,1.50916250747587,-2.02900644292118,-0.106774968363545,0.251776301347271,-4.9474873690595,-4.17502928604795,0.0732735078509786,-2.37291291638826,-7.66056463146798
0.199254850493853,-2.80580632131204,1.9734605627422,0.292029908048763,0.928530925587607,-5.655756444012,-0.704973531063861,-0.322244755836536,0.811418472571594,0.359583711639386,3.48492743536133,2.65346331902541,-1.90710249658894,-0.568765692118809,-2.19467615936809
0.0519763487646569,0.285329649342903,-0.13828833193617,0.112038312201941,0.772784204608653,-1.99788645546928,-0.500951504657594,-1.3321417172364,0.321187727659559,-0.262506943242213,3.12068052317601,2.00336840378878,0.0693777445119835,-0.858050362334854,-0.117085318136285
0.115028854530703,2.10128692465065,-1.20124104878201,-0.03038567815155,0.792568391140738,-3.16625712982368,-0.324036003995269,2.66453063865619,0.0344684986315269,-0.471632073703233,0.452291085003356,0.256993967283542,2.80031349533494,1.06805641103826,3.48743181545284
0.145095568959924,0.776768744658667,-0.562254212148935,0.0672194744162396,1.46034696916807,-6.34758048026523,-0.820290071545273,-0.481185273093721,0.342830053116138,-0.12961051292165,2.07889273035412,2.07646316756739,2.67899031996756,-2.16817346276928,-2.53074030960728
0.112142078914905,-4.72525914705642,1.46701245997831,0.164073612749805,-0.883489486152495,15.5728240545219,-1.30598997587571,-2.57195627337911,0.892787218068446,0.323900747375464,3.16828193480529,2.20382200162668,-4.67134710234445,3.63580377081737,4.74569855463987
-0.0526554766745961,0.713882276611777,-0.352882758764567,0.0137306279920955,0.0296535145224233,0.924035857754613,0.297530198378405,-2.57857894565755,0.679131160552291,0.0525705492225878,1.6096330146731,0.154244180721774,1.333167840033,0.131750435624521,0.246137080785541
-0.035858160519977,1.95065942292128,-0.61137239225435,-0.122020140925988,-0.175943697951284,6.47973894850717,0.2730716940196,2.94971318311299,0.729734519566858,0.325732074201578,1.54013409331893,1.51911767883591,-0.0342700525557315,2.92114865981423,6.42287275396432
-0.246889669021246,2.76776698393549,-0.472061116135178,0.00441541365331855,0.915923468999445,7.18270868803363,0.632843386458992,-1.19273808609652,1.32604023541958,0.360549799419808,2.45531418284441,0.713789303568935,4.59277880218503,0.614944335222853,5.50423986417249
0.252466083272895,0.741185297020966,-0.899752072044272,-0.222967867694112,0.641592863421572,2.71322200700416,-0.0622881535634579,6.78852817084055,0.998922652571332,0.190952668339907,0.406810555777708,1.05109727544467,-1.17511086472234,1.29755479833545,5.51230905885585
0.0288675941934455,2.57212337681215,-1.6819040739779,-0.0535638492711875,1.00363205668749,7.11654177871294,-0.835189453014489,6.06361811722919,0.776052745430474,-0.534814663049183,2.77791295424829,1.77005275565316,-1.3325891547812,2.37298637442006,5.93084334971373
-0.0565092789681173,1.35752121624182,-0.656656225695178,-0.0938052314564347,-0.462226007935442,1.12256387473799,-0.137003917265026,6.07052008520606,0.499542892768462,-0.124546312341147,0.262916028158081,0.51674672777117,-2.20700454372044,1.7259726437978,5.4200834981145
-0.00105493350808343,0.652927387805354,0.169380422669819,0.0756451115005135,0.447736356990915,-1.98256241047889,-0.724134131423523,-3.32036744609579,0.112529214891828,-0.212200483731618,-1.59995795413489,-1.91487050323258,3.86162828391885,-3.05955901278775,-8.33339778602657
-0.0393228507488137,-0.976886924632082,0.257082114355762,-0.113662063284303,-0.769657589509032,-1.36478534796967,0.529544439653908,-1.25310236048067,0.242097816686213,-0.50493739937662,-5.98317145372001,-3.57746968392009,0.271885948474662,-0.910599589517094,-2.15277704178289
-0.134591713577209,3.06909133445453,-1.38511650034199,-0.112514847824208,0.511475083133268,-9.90253406130712,-0.0049078568800305,0.366585584881886,0.339026608199521,0.294399595364968,0.800889090059453,1.07792141724299,1.48049639089401,-2.27005220386981,-4.56453810038326
-0.178670428502302,2.55255719711833,-0.112948917792636,-0.0473283588671564,0.297234550856348,6.29140300355979,-0.918312025844296,-0.791677175639777,0.654494723528772,0.0124518988240917,1.83134449246748,0.0779131329480461,1.87104512954054,0.907985942476737,5.70715166765192
-0.0189476425057959,0.102461442812353,0.758138069102019,-0.0114542339052606,-0.540079113001412,2.0151922732771,0.919635013521174,-0.900182332866023,0.0218232014566337,-0.0885685976193583,1.1678976335503,0.401082860549021,-1.78613553747697,1.22281047963468,0.656440269592095
-0.204129970480045,3.17262806229751,-0.768310015438029,-0.157803893164589,0.00265648545283353,6.36108370281152,1.33259108240337,-1.65691941333062,0.841515811147124,0.0751943240994388,-2.77528597063712,-1.17756502288008,-1.11672874879285,0.209524221668932,3.11741993513852
0.0217362396034135,1.39183972355052,-0.746468131436015,-0.175333401929852,-0.914645547789204,-2.92583909819866,-0.850772676428796,2.33171299933882,0.072236765401984,0.482102326293759,3.0591590068321,2.42765438653122,-0.963335684859063,1.16607435697715,3.45388447727561
-0.0812165861245483,1.16741133677425,-0.169338955275166,0.0926843137796009,1.25808623496144,-8.06542377686711,0.837999691596526,-2.01125616621317,-1.15396465828996,0.457386424742697,1.8314975279399,1.20118116260507,0.62545603900349,-1.50213816150021,-6.29135100083629
-0.189408130646019,3.78744255170866,-1.36817420592672,-0.113495657071308,0.889504238392367,-9.94504137342873,0.421846893499851,-0.402759594975123,0.237201403883389,0.264034412630993,0.75814318812359,0.901134519311807,6.24385643145242,-2.77105844086184,-4.88378133435728
-0.153594586509508,2.6142524948804,-1.3486520002209,-0.0561828725830788,-0.592850406230679,-6.73993229297915,1.16755037933175,2.26904735086867,-0.0239204638248791,0.136483278964759,-3.01121385436795,-0.909052016534564,2.85575049774241,-0.019546694150246,1.54354377026124
-0.491579194413245,4.05333615449953,-0.796583647958536,-0.0454940560079524,0.564015549341745,-1.67658853969659,-0.270729871857188,0.672057125963901,-0.0296966207667816,0.0991264975567855,1.15052487073791,0.462430791227452,5.05961146353899,-0.122690448797944,4.89946092611831
-0.0885563580052424,2.69076304949487,-2.02002226919437,-0.162090336605158,-0.443005459195952,-4.33524185973148,-0.416494040971568,4.023909699912,0.0789060980796595,0.220402315708933,-1.08834223813636,-0.936711344773953,0.31865279350784,0.317036220274347,2.39722732897002
0.0686054416047792,1.23696515095629,-0.752007565328084,0.0463780951253803,0.326853218808609,-3.97665887724382,0.328543771205355,-1.65022562444276,-1.82505270744911,0.23223050900593,-3.05395856609505,-2.93718921570154,0.410350179124174,-0.383012049524664,-2.42720368897058
0.047659046958343,-1.9233713870034,-0.463354079616702,-0.449064186890228,-1.08548930185061,10.9332728021858,-1.09588497573433,4.39646154884997,1.26276534446524,0.0837807230476142,3.73097432791385,2.36083278868635,-3.24619567529828,2.72511841333496,5.7960632914871
-0.0266686519907135,-8.57796857331897,1.67036625588702,0.214173127639399,0.162374430371815,5.19509949464036,-1.15777380838903,2.88702124056271,1.3905577442,0.472522407524387,3.45239437563896,2.30564289150514,-3.61300910008857,2.36647857186397,5.28175194867479
0.122531013650605,-0.543208226356646,0.349964262123215,0.108529108019059,0.118476536406986,9.71106504934341,-0.5835380140551,-1.10372839176776,0.745656197317821,-0.677001846235874,-1.41326122459034,-2.17221593386408,-0.571749476421967,0.182020617684984,4.24651529743675
0.0051762542269534,1.87652204489586,0.0379601309863695,-0.116000262811432,0.311291361134799,-6.39353066903303,0.780809091866796,-1.57360192849712,0.572851898376111,0.331653018412707,-1.77796810101733,-2.56934251031509,0.944271127482501,-1.45608272755052,-5.71880195770091
-0.133211084685615,2.37061807072439,-0.978182893536168,-0.215899674817348,-0.521161322918817,-0.966342673677839,-0.0869140014774245,0.101497758916712,0.971938173053902,0.0823974279727902,-1.83912583990615,-0.17762662756346,2.45392270319401,-2.26621077827281,2.01181592452296
-0.0788008992935654,-4.62492848059899,1.91269431059241,0.205684506460873,-0.863344917937566,8.23616541742904,0.826661610305975,-1.69948845604816,0.0071467686863652,-0.325150044404207,-1.39469631038366,-0.481981814807981,-2.85891986252956,2.40221030937555,1.24454264979295
0.0943454749254816,-2.88186931030079,0.509350101581265,0.108644595165342,-1.58323894702945,5.3408120583377,-0.483185868485249,-2.70358309326683,1.02412314051042,0.352388586562211,-1.64300097906967,-3.76632993620964,-0.657827149917742,1.01534360133226,-4.47370853395554
0.0197451297756238,-1.6451935066628,1.17317534395429,0.2543020119496,0.218952139322211,14.372054968092,-0.641181527607781,-3.13360256701615,0.0998912134134696,0.138213002429936,-2.57533338470414,-0.641905278943484,-3.45469325556458,3.38069324703495,3.09988568164198
-0.0439628565281774,-1.27879267620783,0.509628078377764,0.106225498797707,0.365578857976801,7.26164255664512,0.875872563101992,-2.92822617404155,0.217695229746694,0.203997281262362,-6.10454432797844,-3.01069905195588,-0.806953106836832,1.38259534867416,-2.15428864400533
-0.335264059674398,3.33215792483808,-0.925131596130785,0.00652864855578354,0.736829128716909,-6.93073949219791,1.26273988767451,-0.810004650671698,-0.0490744484451441,-0.0530230162713454,-5.62103155854603,-3.98051773930227,5.8563652301661,-1.99725559084841,-2.39414429565661
0.096058566072092,0.748804071288671,-0.628292950310351,-0.0823990408069565,-0.806948631079288,5.20282336331552,-0.248627007682454,0.92923972892718,-0.058486743275455,-0.53657437563866,2.12577102617565,1.47186392079688,-2.38797309144675,2.00569436046414,3.63046723574207
-0.0421330542860444,-4.80595030033016,1.08159983657752,0.168439423609231,-0.632942044316817,6.51087367135729,-0.631117966243327,3.48623799706202,0.456599317508635,-0.114754243572737,1.42391717602543,1.14074876515365,-3.43974514441236,3.67030418891613,6.41271629561107
0.0844639390774586,-5.19203973103088,2.10027161259985,0.05665062084706,-0.973523492678282,5.48675303432158,-0.697860003946095,-0.823093946497176,-1.69661936902958,0.346661966572935,2.89906451340957,1.29402689611536,-2.25676956618791,2.45662672939232,4.04572518667829
-0.136149211415135,1.82510931563884,-0.134520434585899,0.0131732477112811,-0.546850431579429,10.2682963456828,-1.18064541235762,0.527865974498536,0.607796862892576,-0.334367841896098,3.01053020265519,2.00905315421139,-1.41632066565084,1.76463251689884,6.11740807062248
0.427388567611983,-8.31852511048385,2.72348856092288,0.215557474537697,-0.33844216397833,3.21505800942511,-1.16145841774033,-3.91933147795392,0.158356460253124,-0.0830010352601301,0.93787304076129,-0.447625114211763,-3.73561017959956,-1.96613995408482,-3.53311140560731
0.214453859251421,-6.89432154905976,2.90110841942574,0.169103053438288,-0.759945825313583,8.81184973256872,-0.927382734485805,-3.92535640995572,0.212278819976641,-0.620207534162082,-0.154706540696297,0.240235797835986,-4.17612900386904,0.246875969831758,3.04581630230413
0.329724897937903,-3.17150279102541,1.61882656905503,0.178671791935263,0.574731007927176,4.16186298445097,1.37667125435461,-3.82968547563246,-0.508268103149099,0.219775884589968,-3.9473848725861,-2.35330137925496,-3.3121592398828,-0.785994337364959,-10.1482849995304
0.351997391900916,-5.58268483778166,2.18670988532751,0.162604239464265,-0.462450493732731,7.60218309481996,0.820807914645496,-3.69192559817423,-0.250025943485614,0.162393404245312,-2.20151336908258,-1.27719129938151,-4.10221447467674,1.14063981382722,-4.73104581551546
0.177473565248524,-0.710696433537988,1.21954316135209,0.0230007639154376,0.201537461534639,-0.976710998114091,0.498950276015494,-3.07976027428834,-0.447115683127854,-0.157327679715893,-4.18769632459016,-2.65367824210911,-1.22817891739241,-2.98961365962618,-10.9260791433987
0.303923686190959,-0.484910394135641,-0.133677572664922,-0.0253390811893175,0.379700593852697,-1.71386105965203,0.59802442231175,-3.58967548332995,-0.135161365502355,-0.0217332417467497,-0.287227230562564,-0.0177340223414774,-0.528176370057025,-2.5444421103855,-7.74345119713007
0.00252344247020033,0.865381819765204,-0.396893283193946,0.125928264778518,1.26616229590324,-5.93983324116718,-0.193925232838055,-1.77355170493608,-0.411164710264587,0.250959796836763,-4.13702277119733,-4.69875682608119,3.3285219756392,-2.09859375465335,-9.36492128764187
0.221403880187103,-0.734178323180916,2.0607662171438,0.139478925454296,1.10206308213677,-2.04760994787951,-0.432803154601822,-2.3257036267214,-1.09895391966815,0.49814377866192,0.898954329285809,0.89562312615646,0.512494907901389,-0.433913491463107,-4.09252891975144
0.0938930530322198,-4.23109045244924,1.55232126952057,0.311907893393588,0.30437992909076,-4.59361857631521,-0.391905443180297,-1.55908978977265,-1.1293000831749,0.276680135663298,2.4849679262799,1.80869222035396,-1.9102651868696,-1.12890030007172,-5.47412615269
-0.0934413310799696,2.41216582790187,-0.941831482164438,-0.0721204185259403,-1.07538529627349,-4.26192922176636,-0.568782493519564,3.88176562481247,-1.59287146518182,0.35960580639589,2.78873017901524,1.34497340338609,0.77744222473038,1.16332447749679,3.85473667333542
-0.277247355030666,4.0395087909587,-1.01712949687145,-0.0584153329974727,0.134411706066998,-4.63109200162766,-0.16268755647304,-1.65358611926474,-1.35973167249015,0.43915148591814,-0.170563537662103,-1.68733127346282,6.56453493046439,-2.58168358322796,0.999327809482371
0.0206633140998146,2.81766321256296,-1.47615535977136,-0.326036274719327,0.185992692884936,-0.113647170588528,-0.696806195272836,-1.05164696330797,0.109448004661826,-0.812606529496403,2.31172234937596,2.00092111580481,2.86482038556954,-1.33331874633435,2.31479771417339
-0.133887605097277,1.97245817293529,-0.812375587978655,-0.139431874339387,-0.445801766298226,6.6204238097837,-1.03163070789164,-0.213287187518824,0.82589285668957,-0.669516418718371,3.27471181435228,2.41557020811439,4.06254618185477,-0.205597192093487,5.36078086697169
-0.295522215532356,3.58659246733888,-1.81713445442597,-0.166213639159564,0.473933818928221,-2.83569540833835,-0.0890657609978982,-1.47750920653544,0.5333731530811,-0.413169624004907,2.36446330224133,0.962026855079255,5.87400858567889,-2.74761941657903,0.243666371164328
-0.307460540263752,2.75049703030822,-0.701079797040056,-0.224376189157257,-0.60072124215463,5.20234886515628,-1.11393526347708,-0.551174597076698,1.28561040105179,0.167485380739467,2.01542765417866,1.40627308675077,5.83544269739392,-1.27342443898414,6.10356008677907
0.34274176222563,-2.03548402312851,-0.01477014671112,0.0593646746400987,0.549629547685407,7.24442191299002,0.836550777795024,-2.80785988844336,-1.44230828618037,-0.333879799218339,-4.53346423704133,-1.84287789201398,-2.6616356836171,1.54497048533025,0.860148218064271
0.332798366347424,-5.79835249119968,3.0144625377332,0.308061079566188,-0.876135514604416,-0.615336065829618,-0.185991521301578,-3.17087550106674,-0.242229786616116,-0.0567398214142823,-4.24725467776516,-1.97674093568983,-1.98965295723929,-0.998782430192242,-7.53173635272537
0.00441849773203876,-1.03085191256966,0.131856950776548,-0.0228507205172921,-0.433685407400198,10.3106240543512,-0.0316997125578936,-3.25061490898751,-0.163882895477109,-0.570846115858363,-3.21156160005668,-2.60354873584389,-1.54682276600901,2.28606207771343,1.87913141071754
0.460185318216478,-7.42606488441266,2.36608577956909,0.0958040368090105,-0.77422477772141,10.894991832679,0.47128724096617,-2.40455738621692,0.216735954322099,-0.6149490244046,-6.64707154872602,-2.94790816625814,-4.14158966609918,1.8262516634347,4.25393456268778
0.0786017105254645,-7.23056397741363,2.01354269632066,0.222982981515491,-0.478874442313888,8.24695105566182,-0.514255200339954,-2.67534084567811,0.231244465351094,0.117500076948589,-6.14596683169464,-1.49884600514674,-3.05310254750709,1.75030218785297,0.992097276210355
-0.0635891518407519,2.18222203843715,-0.660568941994855,-0.0657074856988798,-0.240170275184986,6.83319295210361,1.03736897193904,4.13039358927676,0.843196789915899,-0.612844833152097,2.18445465287335,1.54657509955615,-1.45645485378842,1.58278724693582,6.11448217202768
0.102364160049441,-3.85394201063283,1.66946723908261,-0.00737412158798742,0.0993323074828339,1.48773775593847,-0.472035678462335,3.83794932348088,0.788887265116437,-0.619464024539363,2.06508479344077,2.0951372354151,-3.02425208322716,2.24838684643456,5.51137660194715
-0.0371734545805354,3.26430318487524,-1.17559720483721,-0.36995517017293,0.70349041658055,-9.23300568722644,0.907624555580752,-0.392999841951795,-0.748829801146561,0.179592981913229,-2.4366562029582,-1.92900569540882,3.00755830249399,-2.74356242612567,-4.81589989514878
-0.0898198683255621,2.48407987955177,-0.729546665374693,-0.0592188936363587,-0.433953501611325,-9.58281680961174,0.192435075403526,-0.096942424169828,0.503678299216321,0.358290829346974,-3.46665644459979,-2.43438434667466,0.571229574660067,-1.21206409528526,-4.00021759554953
0.110252111978078,-1.76317867696064,0.520692083960498,0.0574264869257481,0.548206135179152,1.86254578466489,-0.18042375167508,-0.487208032819883,-0.0734386661109295,-0.232585861880959,-1.54611149267638,-0.509186046343757,-1.60846519313563,1.00857230236845,1.5122493408585
0.0202066575294507,-0.811813582586315,-0.541904712865941,-0.107603478018096,-1.50196202531477,-3.5917194468738,-0.851771950429535,-0.0915826925059062,0.863729299859552,0.377583796308787,2.22937795244658,1.46667337085321,-0.882023680146139,-1.22857885737455,-1.51667500029165
-0.0372130853638354,-4.70262940827028,0.996112227980979,0.129751307034262,0.299040115799567,0.857704800042885,-0.621861223681982,0.107195639979764,-1.22496756849617,-0.291965440977181,0.323568463869294,-0.0298515544929929,-0.303674488264055,0.795640752457915,2.60670641295359
0.0925304482983218,-3.02397992832071,0.0419289479137529,0.0647560721065252,-0.306771967435763,-1.25588757899269,-0.852153391929776,-1.34138205177748,-0.642229303162058,0.190195829794008,-0.505801310421958,-0.595436008795861,-0.578601375668106,-1.12042581790664,-2.03885136964321
-0.277598197465076,3.45018938188667,-0.988142830667214,-0.112255732933326,0.648733678034234,-13.9176965597857,0.42439114154269,3.62555653024789,-0.411697611643232,0.494202917819513,-1.57516137102999,-0.122856856332361,3.04908957062525,-0.0911589037611306,0.282668026691363
-0.249017532344637,2.78567434020719,-1.00115923741301,-0.0834330601665865,0.0398437722648897,-2.53696446606005,-0.633724395388082,-2.14369954744385,0.487602839293639,0.335781059660185,-2.08298789279542,-3.23544191041424,4.07621868737274,-2.76204482628336,-5.91970600386834
-0.0892395355998518,2.45821860738948,-0.982645738770041,-0.0737354355467327,0.527446805140557,-7.2805490604314,1.45807183353083,-0.789834044410008,-1.29723188557942,0.179666285106389,-5.71890966950783,-3.31903099652362,2.57730457556814,-0.797302708180988,-3.89017844462212
-0.245495925985388,3.09090419738065,-1.05954512631698,-0.0605678780317259,0.585244115977807,-9.23251272645157,1.54029877516855,-1.4359846085605,-0.749280610934754,0.262749586892349,-6.19128809269336,-4.49987223553167,6.72600100253761,-3.34883498194967,-7.13315465078232
-0.409944977623901,2.7642752284477,-0.48382190326605,-0.166306373067656,-0.524306775774146,-3.34274479981213,0.632646469041833,4.7511461542168,1.1516900761159,0.361678785786709,-0.0487268087422564,-0.173122611639128,2.48902442086792,-0.600620614570423,5.36822080680877
-0.0384413049288084,2.73406871745036,-1.26109541575002,-0.268712684138862,-0.458143342063278,-4.98380341032738,0.1373637902776,2.08900638132098,0.647111659023542,0.00941049922944882,2.77328010215742,2.24095689767148,-0.946981331607629,0.567724619221891,2.69170830244202
-0.529445713880054,4.1683713834874,-0.282162925460311,0.0334469392328179,0.087683504881644,1.87642590670259,0.27116785361241,1.56524015343884,0.912343393520882,-0.580609121094532,0.887993333907259,0.647680175023167,2.43737518503633,-0.469344624356829,3.94759799593905
0.0318389285766382,0.262096666573091,-0.537925288968413,0.000371848926841696,-0.326185818779637,-6.57325356447534,-0.566661982851722,5.23634781944871,-0.428617569991802,0.270660825397673,2.34956072266472,1.7429947634442,-2.00387760002221,1.76576736259685,3.64314690630449
0.17160997263853,-4.7646962494079,1.42746229575272,0.0218002679869486,-2.39512128931671,3.26137782821846,-0.862588847329146,2.74537406502128,-0.109266094453966,-0.230490156598693,2.65314063391907,2.37519701794936,-3.57885923061814,1.86335307550608,4.71650193457628
0.142317861208369,0.284637184212351,-0.254044001129679,-0.00450988440437484,-0.105161438328096,-7.99131301345751,-0.0198837203324697,3.08179685150946,-1.46115083431832,0.276854609960115,2.07861601766827,1.43702283154801,-1.78282571819081,0.519541097261831,1.05753827345002
-0.176279370814296,3.72181685587552,-1.38889564747367,-0.150098696283402,-0.436612863021596,4.44392581468466,1.0536817870948,5.95853939292946,0.751347882134728,-0.0667455322795771,1.2268256255762,0.545796230485076,2.6590177397563,0.403536419620841,5.84882827701019
-0.0764780832131861,2.65888385450784,-1.01720015671562,-0.246221290795074,-0.928557968231288,6.72064521640404,-1.04345836539622,6.51775215696282,0.51501958660939,-0.125579373850454,2.96653239128927,2.08329322020666,0.218255551030427,1.08253878346952,6.96245863090982
-0.0112385673306381,2.05496739965079,-0.36944478134427,-0.0133415215977994,1.16685976585064,-4.91508941114098,-0.294298501183381,-2.02021766591725,-0.580504203615883,-0.172770020288259,-1.35009381699226,-1.20982483286827,1.72958117104727,-0.92473588445837,-3.44196175785783
