"centralization_degree","bridges_ratio","getis_gi_degree_mean","rosval_mean","orientation_entropy","c1","c5","c8","c10","c13","c14","c15"
364335.440384407,1414087.71504996,-4254169.49372878,-13302996.7229613,-8578497.95981482,11022924.4463547,-24652498.0961211,-9428.07267725106,-5842583.64318392,14486663.785383,-18024113.0148131,-23000963.3222069
10892592.1544174,2512867.37987943,-746965.560246928,-3881724.61268936,-19045896.3822459,-29220403.4412977,-34820411.3523674,-13704.3150270046,-15819700.0515542,16386026.4825254,-11419316.1069283,42550860.6939037
7692271.91446141,2074962.58154007,-2389598.47036239,-2705885.03875173,-23307209.9683428,6961612.82261435,-22680336.6440013,-18671.5059257244,-13184919.2716019,12404062.6710102,9006932.58787507,83285328.7638746
-3888930.64901201,14084831.213207,1193668.95054433,-6763183.34374339,-6460148.56845046,-7278598.04969199,-1525258.93618598,10709.3284653664,-2108122.13248685,7797685.06698001,-30499657.8376749,-11075811.5862601
10637955.5139747,-9689036.04672472,-12574820.8160309,2122837.5412393,-766810.076585621,-7128960.95642781,-14755762.6350374,-6024.39248004746,-8698311.90236174,14859685.4688155,43985450.2196324,28317528.1861966
8926585.70895712,-7801757.60154659,-7362604.23092558,5626790.65597757,-33351102.5920361,-251947.292726309,-46443557.8626219,-6106.88329477218,-6260537.46110267,13225841.7612239,73425338.6331401,86602048.4050334
3883780.42938717,-6262569.04253339,3253213.88423764,8071296.69214095,9285328.57326019,-24193172.2808513,72108679.2459706,32808.4998036944,12523324.6794787,-5938539.16273086,3951305.43703296,-6429587.10054446
-5843593.63232958,1085345.42090444,11602036.3800014,-13470404.3093375,5293100.91638441,19261921.2632806,-4657276.26939829,19775.4718145362,7291337.00588827,-12379868.3930988,-49454177.545525,-62962502.4431632
-30887693.7941611,20065752.2299676,2865684.22415055,-5889740.13347326,9530061.58214764,20321888.6595651,-11542126.8531034,26668.261955901,11991317.698378,15238452.1920507,-65363108.8289129,-42259401.0960577
-11086150.0574863,3370212.44700332,-2519367.51433751,-15467882.4729454,1471164.09455238,7055352.01524018,18440764.1350889,-56384.2606226536,-8987577.87901096,7349501.39800957,-42734347.8464365,1416864.31465609
-4008414.06372613,-8309873.00507294,2439673.60107714,-12178449.1918288,3895642.62866661,-20639615.4335868,53713046.9266909,11767.0245317042,-3500760.54755683,794766.070238424,-37334051.2682759,-18877696.1738746
7663699.75037675,-13663230.0964262,1945310.27378745,-7515789.3190843,5240537.13616206,-15508278.2224766,65588739.4449041,-9392.18553284129,-8827430.52022029,15255500.899628,16500858.7462264,-620943.623091713
-10154771.6230572,621345.598424821,67484.4466933402,-13309027.2936512,2947611.01530041,5147228.18649278,40075318.2865537,-48731.2570908493,-8214238.5582085,13003352.8116918,-33160201.9733051,-48036098.0933634
-2821071.27189993,13078422.743744,4576500.55218461,-858444.15071851,7542718.44283714,12623120.2268727,6143341.79865412,-51682.7025630758,-5448512.12864935,12773699.1784255,-32129676.2426004,-56479203.1071259
8875190.27196281,-15768191.585009,-1570290.87030767,-7408342.87657372,6025342.80725468,1903716.13083729,1989567.1016071,-17443.986882991,-6667835.02141927,13595945.3697314,10034688.7299301,32021314.9101596
12607726.8743011,-5569668.7851956,-5056009.11591296,17473865.8822151,5913394.68510635,-23213287.9130823,-57246618.6036432,-2232.27182141095,-5952913.77689566,-15084972.6146449,58610536.257525,72377784.5548683
12250854.7809335,-11122313.8453646,-2612950.52475206,1213477.40993436,-11964291.3867917,-10247304.9359375,-45175479.2630208,-15134.262975836,-4056458.14838457,-122981.29830518,19249288.2337967,5358999.80423621
11015195.6073641,-12123283.1755512,-114301.751655696,5287489.41559987,1311175.98981055,854240.32126886,-23801997.4688687,-8944.90207864711,3356186.22494301,-28546965.9342011,35927005.9817891,29746348.9011424
-3951032.22754246,16566.890884822,-2642196.47221577,-14490556.5935698,9078934.03318084,3079890.63287814,-32631604.3550592,-33314.0000791595,-14879246.3237022,-1783220.42880084,-43105635.1895348,7215813.12606471
-77768507.7520986,28638235.1572797,1806695.39432145,-20829300.2334645,-1099375.88146677,-12327236.5276385,50641845.2023768,-10440.7608219381,-13873517.3562559,2109446.24324172,-73521217.7137666,-51310247.7949955
7264547.82001224,-692537.747944159,-420088.953712688,7896832.31401045,1424030.1905682,-23128579.7394904,-36530706.7510075,19965.2523947531,-3490810.04149647,-28475688.574917,5284471.32725394,53632413.7333342
-11390347.9937104,11284284.7696628,-5648452.76650986,-2486683.16485114,8071908.28869835,8207696.09946749,-7113333.34510571,-15086.6217095592,-9135140.55036451,18274122.8675314,-28297461.3366175,11904457.7787709
11726866.044158,-1433391.88894238,-4719331.3227075,-10285110.9517105,-3568312.04969814,9745147.54194745,-25750274.9541358,-49911.3806374684,-11767649.1352319,14038395.6648355,1824696.61361117,17901917.5069803
8469679.01324173,-8288781.59048772,-4809647.22622551,-3932083.02654072,-7111115.34492765,1593001.87833073,53027186.4722331,-25844.2671506853,-677473.93827691,1604982.82454987,39979140.6551942,-22649904.0016867
3435953.16169814,-3498655.9629544,-8916099.75846534,1749437.48696287,1727732.45080664,12582398.834426,-12145449.5257731,-9734.76483298557,-266751.22387474,14305324.5273783,38217842.3437871,43533824.9808788
-35852388.9177231,19011762.579751,5388815.74809052,-17357758.8515446,3866564.63823775,24608287.574534,-45273589.003475,18863.1913708502,11351367.3524129,15690103.0050878,-64949776.6763153,-74652913.9379709
5542013.39767666,-3146808.23796049,-207441.897816004,10381370.5291178,6769784.48063293,-2351514.45364063,-53123677.5782072,12173.0720535838,2144025.78805687,1138679.863418,19589251.1814451,-3745693.76084709
4028906.04721515,-8009193.68241871,1051771.89215527,-9712705.13973897,-3809237.52643236,-12982170.5006433,56179372.1918187,19734.9187874589,6310821.96124682,10176265.5412593,-3293717.7418287,-63992818.4300444
14273274.1402976,-11344593.0203548,-5593145.96417551,3249642.46607618,807720.211647117,-1842891.4117703,-27111932.6083793,29484.2634380319,10397706.8563824,4827988.70182731,66157679.088142,-14509399.4222741
-446007.659280676,-2853198.61364928,-3902641.20230876,-10206577.0786161,-22631121.9948017,335697.31612909,134145055.131208,26400.6883311521,10956235.5218348,6757604.46451033,-20643169.3639576,-29005543.1602226
-11518887.0927287,-11048517.5543723,-6137412.8700686,-22412748.9095888,3811337.28216453,16725320.0102236,130163905.043951,-18397.8575649909,7905259.33396757,12967898.7928504,-16178454.5954956,-50064704.339547
-22687728.5071674,-5275815.91283408,2834524.99172533,-14952159.2296763,-28003543.1276978,2722562.07411388,132073906.230848,-7023.16378903969,1564079.77014255,3969443.24735616,-29396138.6822602,-34101165.0243635
12085603.1893345,-3111822.04333038,-2755144.02395927,20830923.5080718,9743781.32161657,13274041.3684134,-68132817.2038935,5611.52651275089,-1150591.13843404,-13080634.3205221,56873139.441077,63521369.0244467
10951672.5298857,3612819.09508512,4660306.5736961,4135060.5866994,1882297.20459786,-16110374.1838389,-25184146.998431,-14671.2186714698,-6375854.97217056,-24581837.1726187,4468802.8171129,18705802.6489941
9608653.77585258,-13013380.8888371,-3176565.3932766,2308974.84838237,-10272326.7680507,-2209959.3810632,6273581.88948821,12519.1153335274,-1072571.09985193,7561046.15803618,21112227.9165666,45672427.7485141
8834471.77096985,-10321367.3736649,-1809333.66659679,3605979.5590554,3347308.98016333,17138451.1528033,-13902874.5631642,18077.9385586117,12128416.5182595,704562.37422474,28856691.4658646,-18702119.4748243
7093409.64633489,-418826.39184692,3285115.82203821,-6072726.68748494,3321779.27758201,-21345407.4949403,-18326704.5066646,13113.7375228308,2944834.1436844,2785276.27800097,-26126867.6869877,-25902827.0944613
8187285.87670611,-13424644.8300467,-53068.761759033,5704570.53523659,4140167.8610403,-14639548.2042944,-30085625.466978,22122.3963144027,7501407.99898313,-7589196.35229237,-14054496.1352043,-5029082.53162649
-515978.298620189,-5667542.53637392,5551127.94237706,-5038836.70458641,4007769.64915457,14891870.2643571,44926832.7161751,7595.32837083238,4483545.01479162,16553496.2843895,-15464276.731699,-25854981.1238656
4823144.07675721,-4772141.5459238,-7653640.73722482,-4277309.51736503,7026843.91082783,-15410125.8455013,-38351588.3290926,-8991.44395169035,-10409555.5243296,8575317.15226236,11012003.5675823,32691601.3357505
9135001.430509,-15624867.6833038,-5435702.65914543,12055618.6931792,9105807.9840254,-14991334.9847736,-3672401.5779129,-1493.29964818577,-6111626.27291993,6731998.24931149,94482525.5128845,59209485.0319872
4172013.03557297,-10610368.2061351,3589694.36799649,10471119.4204082,5773873.14571839,-28365913.6860823,43650442.8617238,-1745.40218024872,-3832750.82501063,-6450524.13421943,40156792.1560392,-1222171.53750376
10367346.8593191,-16264667.3502414,-3417658.77983801,11054066.6004956,-4354490.27698405,7177906.45866704,21364570.9489387,18668.0426122986,8390015.5152997,3703389.73594067,78091855.1655399,4848848.54619006
1474173.68258807,-11014679.6800168,2659388.73974427,-8218099.06251029,-1323427.91073742,7348553.78987785,78698252.5364815,8212.68652093337,1761478.92009217,-6689186.2048776,2823510.15976228,-8480597.75709932
8898160.73168731,-5914653.46504729,-2058121.94661179,-2433961.04500386,6255415.56835511,-5458040.6334806,-38667686.9789191,15504.8360780199,-335912.33779029,-20511497.3507432,3083364.52695286,3315818.68427762
-47120605.8550423,6791636.70503207,6536300.8087367,-23215607.9058874,1903112.5443193,22417432.0660428,92014280.8035273,14637.7244812731,12982966.6410931,16735129.976745,-46189827.2412528,-59354655.5424282
-4395191.85982495,34114353.1838982,-1003114.93120401,-11289679.8025584,-4424591.33418298,26710363.2535933,64102208.9337394,33474.5835219819,14104821.900072,16373580.1284671,-50184980.9718267,-49591517.1933564
4884953.49769876,1844895.61215367,-755207.333931649,-6667315.28705819,-23894324.1650716,14537097.8955656,-23833799.7575102,-2500.516092479,7430776.03877713,-14996090.4211328,-8999127.48148333,-5095641.36707263
6956255.95705257,-6942214.66294569,-1845073.29499269,1476250.38335375,6977163.04600912,-10406792.5552011,-25931094.7915012,21079.7465916101,2110576.98983127,-17465994.2470763,16935865.4934222,34647489.9871314
14295927.9747238,-9165072.46706696,3205998.02901938,12051049.1605108,-7505045.47785222,5545164.92784627,-798839.870862663,21994.7888965794,9680974.63000821,-1642766.20385726,33806127.9501437,48501940.7305217
-375990.480836253,17854017.3235341,5187828.75091167,-7918964.72429204,7537689.58365209,-14518926.6777989,-35125607.6001531,-34690.6005448463,-4062866.33984522,-3119139.70403992,-41728854.2378118,-52783710.5492092
7572234.25693152,11517618.0226534,9630630.46044282,30661164.4720975,7691533.66483878,9785708.09885858,-53824195.9228722,22557.6904833834,5756235.65028069,-25824195.3003453,-8312015.81173033,-20930753.5422363
-10482726.6467408,7046068.49972117,-1288867.34723445,-11829716.4535512,8090594.14290384,9810233.48897979,-66048002.9896618,2410.37592672127,-3984642.35462793,-4817569.41375599,-52124818.2557273,-70706248.6784205
12498924.8837678,5246646.50308734,-2218805.14241834,4861530.13972221,1639751.01406483,-15608239.4281257,-61651724.7947433,12411.1228639162,-5405731.05672813,-21023566.1083335,-13353504.6090053,-29721893.3487704
13942415.8314247,-13915633.5698009,-4550571.30729626,13570467.5699542,6554727.54968553,-10892847.1700121,-19519615.8364971,10027.850271212,192290.144048389,-27535316.2714143,84703618.6844331,39590798.4431429
-7527012.32751198,-3200807.87092059,4880970.80523574,-14806415.2651697,4398736.60792133,1381058.75028629,16403359.5096864,-12927.8308633617,-868441.53050449,10079605.3166218,-36144995.7878173,-44076374.5701032
-34033926.2172952,18591056.3829989,3795213.10765723,-17989852.6962471,3534727.87619591,11041478.7061968,69796239.7831829,-33808.3423717698,4244790.85677077,7990284.68453614,-51174379.3857989,-80644483.2320385
-8097977.16891712,20417496.3564822,5876680.36708828,-4753651.35983598,6256197.86187445,11632691.476823,-20709258.0225871,8081.96148687682,8668163.59513372,8814454.74550697,-34859452.5032234,-55118594.6522668
-7711632.19640715,-7093694.1447841,3345261.21468065,-13967192.0618359,6428193.70171388,24976442.0747034,8916678.89653797,-1492.42376741942,9920175.76352642,13684814.6420828,-22104249.9297128,-37364671.9766359
-5228573.52923747,33110567.1872971,2029177.3132308,20486921.7625065,7955386.74060369,21593179.1087395,-78582057.9159772,-20794.5035555762,-619631.764486172,-2871051.57625336,-53811272.0901652,41268695.1118279
-6338013.29576831,27342587.9588158,4598314.24090035,9615346.9211989,9539741.89441402,16928251.1528749,-83098477.4544634,-32827.25718607,-5397019.80545765,1523292.78911721,-62750143.7371347,-7030296.725631
1268713.56972873,13032990.5653784,-3480468.6484485,2600116.18199499,133705.189922566,-33974908.6025904,-81550341.9824169,12349.7805290918,-9708471.28022709,-16573931.4846537,-51477490.7807653,16223792.2953131
-8389386.50499567,22345370.5754281,2799534.8934414,1072638.73448156,7551441.13007619,-19970400.8159803,-77390592.0390392,9164.26860069594,-10874276.5354128,-8912767.03834124,-61282072.3861301,-24920278.271491
7487491.97073623,3081771.52878263,-1212056.29428985,5348735.78057852,625347.664639986,-19217904.2180149,-64917565.1684022,-6123.40962606046,-13033532.3305553,-18552984.4125767,-19123133.4756063,63448381.2465043
9992772.8270355,2485174.95655895,-2276194.76725875,5931707.26401749,-6713387.93560717,-14368291.317509,-77036788.9837517,-1237.33056704969,-9606782.86686317,-547696.927279713,-9881894.50230066,54388096.7328092
10407497.9461594,-4355799.53821649,-7767806.42622912,11526021.1024096,-16771158.6569232,-1146585.24963091,-38850488.2094179,13140.1241973201,67369.2880798001,-32323775.6172987,48060312.8503534,40664767.452451
-6712425.6480635,3451901.80235482,-6650748.03390516,-867126.662338313,-4926349.84322807,6075836.39144091,-48610150.2188165,6020.06751452058,3539682.66524417,5943664.39353422,6601380.38156695,10600441.3541472
6725983.32858971,17384014.5254247,-1830513.08172949,11217502.477397,10350440.4011674,8182152.52210973,-38729404.1819078,-13110.5757151829,-6516193.95752651,11887456.4899037,-33113651.7124846,22880751.7704025
1227748.38562314,-9225149.5157424,6574298.41979621,-1107297.59981353,7156433.9191359,10384918.3983961,81166680.1401663,18766.2228111631,6073602.30308291,9253121.15405784,11969858.0280759,-22866257.8669994
10336802.9283743,-16080633.2212962,-797376.142517535,24292170.5292865,-29667385.0409415,5078496.04332535,-32497946.1902039,27343.02166919,10177134.8613378,-11623912.5552762,96958553.1577187,55608473.7806225
11347928.2278115,-10620197.288725,-1073969.33423508,5471337.20309426,-12038491.9118842,12999445.8472759,-21410908.349377,-19582.0723189887,1380929.62732983,13648637.8004814,41734786.3451778,29889533.2356887
9493098.70378385,-7918368.80950213,2702834.82471757,10292293.3349832,7244977.73128029,22357450.4413976,-10951017.9679345,9009.87657738403,12111802.6852855,16059558.9247633,56110463.0492799,1962437.40000737
12695123.6154565,-13993151.3907352,-2830827.01972706,16633975.0254238,-868377.163569181,4206917.48228102,-27226835.8063394,968.417873299991,8021959.26253749,6737479.28799244,87808507.967399,60755660.5202542
15013889.9635137,-10854543.4439142,3678068.92346207,15265522.1341277,-4747329.42499523,24746735.4545986,-9494053.54400004,31274.7333269975,13157847.9519909,9766879.42119936,86614608.4482833,28399453.8907189
5610946.40237748,8247568.83071747,-3331202.31755234,-8205735.36067774,-6673428.96509551,-21418489.3208503,-55870100.7561162,-40392.2721224755,-12953658.3861626,-12588645.4966776,-37997093.6500804,-31840193.3489047
7140927.36619733,23749344.3174003,5367861.94363695,35159758.927905,7798558.73720636,3934321.56244793,-63487264.2577113,-17216.3829026575,-9857593.77053206,-13677341.2952257,-28584651.3227411,22654472.389113
9624867.77894108,4443304.31720471,2668684.37330196,6078926.7788103,8374578.14839187,-2761720.90779195,-61504649.1598974,5107.99780605012,881450.148225342,-17755494.2840974,-20399526.1223889,-46031139.7675049
-29068128.4136344,30285151.9824722,4742248.2008865,12554192.900729,2138179.72437643,-11741246.4677539,-55571803.096987,-7238.85723945584,-5836835.80772984,-21141118.211979,-65643167.032247,-39579659.3573747
-1956835.06600468,30141062.8332647,3006966.25763487,10443970.0864976,1851763.08294529,7466665.8225736,-49120424.1561846,2695.76411516502,-1852877.30495485,-10352919.7405669,-42309846.8226211,-32594385.377114
4751622.18553079,-9104864.17331102,1437660.15981747,-9242774.543759,4689253.08089477,-8921361.02993682,80444197.8941161,-18354.7204105876,3592833.78475052,10393117.9318915,-23753700.2262343,-35692804.6615
-37270429.9906659,16040578.6036819,-535142.30906285,-23087459.7137305,-16875349.6997698,8917161.48833713,79339590.3324565,-53189.7167282754,3860107.77595985,14320831.7454813,-44384581.811545,-45344290.1101657
11622412.3673809,-13895694.9435086,-4341843.4532298,2421602.66993659,-25509872.1838405,-20423155.6796851,-9816272.83738285,9487.09016099755,-3907069.8473182,-13196269.9290231,43579014.4048957,55689151.885826
6839968.31544589,-9896931.2987948,2647174.7904554,-3927463.27122535,7408240.35780857,-7986663.38683351,-2106208.39346472,-14972.5596929857,-9601199.74627708,-16866276.6173069,8262793.56741156,25917001.8276283
-4310665.51007089,7087680.14241976,-3332566.94226729,-4075780.66979571,2937438.96474805,-1478596.56120179,-9086154.48344219,-27335.806156599,-6488117.82184035,-3442074.53347657,-22949452.4216783,-21038098.7216772
3436249.74960727,3063394.95543252,9123723.0148488,17915097.3688965,8117528.07574874,20390845.6430631,-861133.74377863,21625.8710160879,8619880.85662016,10318254.6030296,-12096531.3911912,25913715.4054787
10737411.0554365,18786851.860126,-1828644.19001612,12040165.3992733,10238241.9255413,11741012.777557,-634900.533819244,2363.48401468637,5051842.56944083,-385403.02437053,-5954719.04314184,-18110683.1810241
6246747.46125544,11740504.0485883,1825942.91046054,1880066.44913691,8415455.59601409,15292101.3168379,-24872337.3043565,13124.2660874673,5058579.61661476,-3670287.50910546,-6233782.70992943,23301762.770526
2752972.5943085,-13900261.3053864,-3952018.72800069,-3644712.14635703,-17026645.2925666,-15669037.3805797,74117876.6131735,15121.3548250258,4709855.69031038,-848732.098707442,44675497.674952,1729910.4029086
12079819.7272256,-11536404.5537879,-284333.282761071,19629436.1365374,10795465.3176853,11584866.2324562,-48499837.385924,30426.9662258547,5707109.83800378,-22651356.4358315,56856140.3873177,55788799.3771863
10357854.6766832,-10631472.151783,-3256833.55772088,4059269.14738069,7748818.932678,-34654241.4634193,-12788317.2172368,16368.5589953595,-2843366.70590112,-22331657.6046305,40631783.2359095,16873309.4843892
11375645.4143517,-13588348.0196571,-3681388.1687046,26251318.9657255,9866455.44082361,-30770072.6804443,-35249830.8273163,20910.7406237852,-157466.843250292,-31329661.6257948,95163964.7785813,65223161.6252792
13053509.3101237,-10825165.5715049,3204052.99726295,6904689.41306128,6941004.99280485,-9389466.57626801,95447472.3277364,28995.1158896792,12810050.9979644,-1444451.70207728,35073563.1300373,12912149.8812995
909487.155268139,-11296302.1019292,2774583.97847635,-10739855.9655639,337213.650530137,-7720493.54171162,45338487.9202349,-14390.1995861192,-2559861.7854999,15780662.6329407,-12198961.7402616,-11992463.5280717
8437015.61691086,-17103136.700008,-552705.661082966,-3906127.21993155,6723430.04011625,-9681947.99053832,35488530.0430332,2565.74442870866,7533352.79382091,4830874.62609817,38593959.0454161,10373905.3224939
-13119480.3632411,-854324.988264765,2005218.57135612,-17441346.8492206,3146577.40610445,10770600.6474635,105528950.539815,-13996.5253591033,-2629821.94757409,11822296.1625189,-30700415.8149473,-37345264.4904106
-45455039.5935262,18075611.9231213,14469648.8249843,-18068140.8173317,2151170.01046386,16677960.327044,47301833.6295702,263.745470527704,3199653.72717977,15824233.7682773,-56747133.5122676,-44580647.9414944
-13695296.2565188,-543250.80696409,691611.034176976,-19888522.2636768,-389101.0601319,-8400940.85898729,62224160.2911672,-17547.6414375006,-13398815.3610504,9607446.55237822,-27273088.0046155,-9176078.12996703
-2558322.9103211,-14799923.4414798,2660798.16419356,-105924.168608489,-14627533.1265873,15039421.5515041,119069695.987072,18609.6087924822,12065446.178538,3575028.32034826,36979082.4632952,-9149804.36599596
-5550631.79912395,-12230971.808803,5530595.98655227,-5354988.40552568,6114979.2553121,20500938.2271593,132629275.867933,19281.9593514752,12345787.2440948,14833710.077674,3391412.73495833,-27980846.7143364
11676630.5233221,-7751789.42148735,-7062268.67397446,1158352.3403553,3637672.00869096,4062300.54817887,-41620232.6655203,13067.0719098888,1998640.56533051,-8575689.68596305,24917480.8773499,20751202.4464832
