"degree_sd","centralization_degree","bridges_ratio","assortativity","moran_i_degree","getis_gi_degree_mean","orientation_entropy","d_value","c1","c2","c5","c7","c8","c11","c12","c14","c15","c16"
-1.18972425410324,0.0212469262390257,-0.289338742989425,-0.43787276506078,0.955200284197843,0.371397681124794,0.0140140273772294,0.901998895245808,-0.489937590850484,-0.175919687053763,-0.73763229522292,-1.29877077240208,0.489803752513797,-0.488000835721634,3.89380499014394,-1.7265892326181,4.78017371051552,1.39645290309526
-0.976394245976034,0.771958249481127,-0.770539589702934,-0.309021933511449,-0.615920148936397,0.0663485397827799,0.030941714713262,-6.3255400735331,1.33896277007148,0.395210051736114,-1.0550085250564,-0.0805768361974602,0.702474429334274,-0.528996807445437,3.75675714820839,-1.19657087090296,-7.43916625574897,-7.6762161276631
-0.624657053677285,0.595885191872625,-0.757470632672603,0.192734684694112,1.33846874344207,0.204689428340552,0.0374374973929861,-8.01436321453024,-0.335021790324262,-0.150620196453407,-0.507169342839304,-1.77737800115262,0.958223318871857,-0.905071748026405,4.210109104581,1.25531527274329,-15.4460165074254,-16.6333556823527
-0.757350511863354,-0.293803508586301,-4.82149455634591,0.342659474230467,1.5152174423459,-0.102892159759853,0.010572559119149,-5.15553608058862,0.336800638918185,0.22577379095472,-0.116169122593656,-1.10781583549566,-0.551180042416822,-0.41527370862698,-0.306583775427374,-3.0622295581201,2.05607291151712,-3.20871804077384
-0.636243559685641,0.752650418982641,3.29162591391774,-1.20099442866531,-0.0273175378637062,1.0928263566283,0.00133265583943208,-6.41812352322396,0.330882795838975,0.103432127606783,-0.458938091002116,-0.899229621454179,0.305010952979808,-0.382646447754895,3.55364297243167,4.04526595934982,-5.09921259033649,-2.62417927823047
-0.558441802758078,0.636336587969417,2.57719035347584,-0.448527200747287,-0.20948827693468,0.639514886020199,0.0540546900140742,-4.55497728835064,0.014020770397378,0.00500938870440372,-1.35566797517375,-0.852277299273998,0.307517783559519,-0.288451406333826,2.91106295628514,6.83307764429577,-15.8560038121389,-9.23907121186819
0.8128739123209,0.319637960680644,2.20322349606326,-0.0943901278263946,-0.229548424708988,-0.283490241619926,-0.0152400348697855,1.48975653997502,1.08990758393457,0.395486173585209,2.15988765932545,2.04588131718872,-1.66881523497343,0.499192600704827,-4.90716990173209,0.713034555001422,1.18889138081917,8.37937322489658
0.102166242993946,-0.41808082113583,-0.330890609515793,0.665656395917003,-0.486436491958179,-1.00783176416411,-0.00863141205300158,9.27464200949111,-0.877186597068977,-0.311610318914898,-0.100928581967044,1.93368064637428,-1.00830236762302,0.342507653794367,-0.599951183671073,-4.60409176153404,11.4820509052671,7.46607001242388
-0.984946012102667,-2.24323721576711,-6.61676318738675,1.69643597287034,1.27579634636812,-0.246499861405378,-0.015215818029439,1.14153538977354,-0.910222807794009,-0.327436991275645,-0.403270395977912,-0.109622953372764,-1.35769416718845,0.453181487549995,3.66027441538899,-6.29805225450348,8.28257193403363,4.22599021378296
-0.706691321433374,-0.807785266635001,-1.27083726407557,0.3529035117412,1.13070835247181,0.218114321638621,-0.00238386549922404,-2.66113963757381,-0.323607184300641,-0.13781833402563,0.50615888502785,-3.23796254387183,2.87866389537797,-0.32308797308113,1.68181519228131,-4.15803867783814,-0.538545943906464,1.45223362298225
0.550740599440342,-0.323554089896363,2.93704085204324,-0.327509357866904,-0.163209875667266,-0.2093707838135,-0.0060525998031191,-2.94263735829062,0.962864940288293,0.316589400481985,1.28729733513156,-0.331417196588253,-0.601224971565226,0.0751563223298585,0.615409600813671,-3.86380288419904,4.11315934605097,0.336976730579762
0.55572478014562,0.550642343659631,4.61922149548748,-0.713443328477268,-0.453665896572495,-0.169177974690425,-0.00847683531096568,-7.96907544988492,0.704463100030679,0.216958107455663,1.83190326998632,-2.47480128840539,0.477843938097381,-0.139482338864368,3.13033176212929,1.51806321245934,0.0236335039742524,0.161783582429363
-0.751138192502461,-0.715887040630307,-0.135266491996543,0.130269778996991,0.316881956518544,-0.00617681298688835,-0.00490780404477266,-1.4445454194204,-0.237868796609501,-0.186936517140856,1.20190122339602,-2.50716696319781,2.49872786218181,-0.609790920345876,2.47381350094517,-2.90920972256366,8.82971112870647,6.62853381454609
0.123660621238271,-0.193675973173343,-4.44523962610863,0.877381939156755,0.976782893817915,-0.397856077092196,-0.01229122149859,4.49888561757801,-0.577527130553066,-0.284272253494582,0.220445943064164,0.775154108053076,2.64455211020794,-0.143301259304546,2.91385758532784,-2.96548098095268,10.2384695734602,7.99814431755479
0.741493297336718,0.552470463585646,5.08204215330766,-0.517894368163154,-0.108615865356669,0.136327655687805,-0.00955459377775859,-9.42470985352934,-0.0801498865435827,-0.077728623664163,-0.092171886634666,-1.75973852079505,0.872199915600856,-0.0461343062833483,3.48013691250806,0.45412213992965,-6.21978337737122,-15.2904971118921
-0.286909361633078,0.901862306306815,2.00060634616915,-0.557006417356719,0.0457545254585615,0.440564061378305,-0.00946697172102582,-6.24707378549424,1.06157406929176,0.514192276424476,-1.65986424434934,-0.00700483420156369,0.118230563856435,0.0554739049098441,-3.44572407869616,5.51529774973037,-12.7622213722328,-19.8531680698655
1.0237549713209,0.898271725655787,3.73435030581255,-0.513385047915405,-0.355145876092423,0.225842862087967,0.0192828862990948,3.05200043538138,0.459719630548077,0.393054622665417,-1.22234335836515,-0.135422409863058,0.772511970673599,-0.089902937695994,-0.732711803194165,1.91698157018147,-1.18702998764139,-0.424557129158975
1.18269922633093,0.811330616392023,4.36017614988626,-1.37844051613703,-2.00086742918073,0.0129739254673219,-0.00205680222845053,-1.1975125957809,-0.0269441423333813,0.0906960571753137,-0.664487094977528,0.319475814487664,0.469323682056712,0.301500707086647,-4.97147512023498,3.59429677237104,-4.53584093756624,0.13324182016814
-0.355141515900452,-0.3230206496303,-0.0130161299911757,0.186364427131244,0.685110452754091,0.231480290686693,-0.0144097315985766,-1.12806904163802,-0.126865720975965,-0.132188666876716,-1.05359218896423,-0.976969776715197,1.69782448997029,-0.438602661422435,-0.38104948086902,-4.53639336847416,-1.13593891403814,-5.68731789036884
-0.864282424567187,-5.60764588990247,-9.7660244641445,1.81459144183062,1.77198982680002,-0.158160305155293,0.00160061199631074,1.78305273337386,0.552596662880084,0.114931550434013,1.51550603504411,-0.385056896727292,0.536840560314066,-0.384114637095236,0.866700992420693,-6.75557811461029,9.19136573728601,8.63962706326406
-0.187586579073179,0.505434738307938,0.23487849927819,-0.0935401167504098,-0.737112154635481,0.0394570791694977,-0.00204097506319182,-2.58596562874322,1.0679873423233,0.563912964576453,-1.16381764633834,-0.208393697734793,-1.02881045492564,0.232415285535145,-5.93884845272379,0.0654103749267229,-9.42245580257792,-13.3892411471132
-0.832244793286205,-0.819384351602495,-3.81828390220942,1.3407177155866,2.14060102784649,0.490644997504557,-0.0130966746308918,-4.83379800219673,-0.37369534544745,-0.263083600184149,-0.184817852116352,1.53853092395085,0.773391830510293,-0.0952528441543313,4.18226572362395,-2.64719827988245,-2.1033902477413,-3.67672035161039
-0.228690549080683,0.820746761219203,0.217848040371865,-0.0961851010125422,0.808918164856946,0.408285425976699,0.0057975368999878,-1.86337425120769,-0.44851050324099,-0.18643489774897,-0.770709354765595,0.58842038760412,2.54016260602681,-0.431864005801836,3.65227492966206,-0.00222640542140792,-3.8967558069634,-0.787320151280105
-0.478081507545236,0.625571352746574,2.91553189688414,-0.81694742689073,-0.217282367986224,0.418193661664729,0.0114757147585463,-2.72552961419333,-0.0721983511713029,-0.121401864737076,1.52751197211872,0.071256691272552,1.32599580695289,-0.055697353829464,0.553410617678553,3.95114328641965,4.30725052506568,6.13658182394736
-0.608312304918067,0.261168551077732,1.13601216887813,-0.376948541596864,0.493062424774977,0.772888827151657,-0.00301712400619139,-5.24413448461818,-0.582836281944489,-0.304998861945267,-0.254804072220936,0.654913204205712,0.497582432587865,-0.278881757514395,2.52518836522326,3.80224548810591,-8.26533687209353,-4.15987825086265
-0.478634795027101,-2.64385996223289,-6.57897578135372,0.996199422331788,1.18858567056744,-0.4664203793812,-0.00600807795046139,13.3232537443442,-1.10404719030065,-0.486642297177462,-1.47765038212206,1.6739480193582,-0.976422551278477,-0.2546060377099,3.72976066931976,-6.60293689885616,13.5590881784649,7.7467088650132
0.217219242241463,0.401041776540803,0.957139091759276,-0.23790290252742,0.0957969311401209,0.0165186851669838,-0.0110073536095002,0.831024802098795,0.102502474000815,0.111628256879913,-1.47580315431446,1.2797289002698,-0.628996146859945,0.23414072758331,1.91730961779885,1.84356938768246,0.320477496026254,0.325929459177298
0.149330272986299,0.319138509570334,2.62484923116227,-0.417740553481935,-0.895151614360992,-0.0934546471163313,0.00597951634864915,5.47164111290763,0.577669573481942,0.101475455610873,1.69051631607984,1.37529884122004,-1.0103760980947,0.273237185046815,1.81624806868967,-0.0892867489930236,11.155957095246,10.8698273847267
1.03300183448732,1.04402819712444,3.80117659837191,-0.319059571338136,0.0313384807765738,0.484335104495952,-0.00142858701306429,6.23053057346272,0.0743052555529497,0.236452206739552,-0.679698238575423,2.50795714572618,-1.50878692733231,0.461614208849137,2.94275422339312,6.42526880352629,2.34113986821237,9.47837204510995
-1.04939678739726,0.00209338355069782,1.09220416492231,-0.612892354089455,-1.62341844304866,0.338150054563189,0.0364194922156037,2.34130265559464,-0.0244350471595182,-0.0240981184158004,3.90103046048565,1.89893491326052,-1.33934372543295,0.444457194028692,0.52407824759603,-1.57845229838909,5.39464933891035,9.76256006486292
-0.130513714446306,-0.864281703778301,3.57484738147728,-1.13210153606753,-0.405909522499868,0.533124294571934,-0.00604522905251793,6.36711557287846,-0.756639836935065,-0.308963095234016,3.54343235798828,1.46492327066032,0.931496285329265,-0.0949378884161716,3.36471822101542,-1.8363944775784,8.79358965003075,10.1695910897682
0.230750965294438,-1.70509690430542,1.7404333612368,-0.448106997884337,-0.693765369947966,-0.244461171197829,0.0455607564091665,0.856983537381357,-0.109674089171849,-0.0510523795332178,3.49053672860007,0.933957283358498,0.350269455782313,-0.0934795075315836,0.269173173544318,-3.16009360940069,6.28527077193154,8.8868121284097
-0.000701503725624348,0.875047746783614,0.899455605513627,0.119125898457109,0.548832749189391,0.23787097887009,-0.0158460833005058,-1.5718391350792,-0.609284361303305,-0.268977971864507,-1.89191648835742,0.209984231338267,-0.293909460532776,0.0873352561432411,-1.89913575268554,5.39741443406599,-11.9815902919442,-14.3944490326515
0.159754064673305,0.786426755374736,-1.36706359132667,0.177490677667697,-0.839713447786866,-0.405786580588497,-0.00306913056702928,-1.12982717186722,0.728484900784556,0.198531789997004,-0.712410113839382,0.452253836877304,0.741618830532176,0.142368453737404,-7.15903951461885,0.361370792096775,-3.721110634568,-3.84578112825455
0.556903587799566,0.705544493963433,4.23262089770011,-0.93491839898854,-0.829792570493356,0.272695949265381,0.016431421006356,-8.33491756483229,0.0873503112528392,0.000119878290666069,0.236577276343379,0.639001197339107,-0.647206293199143,0.020449760007767,0.9845041196788,2.0932389767954,-8.94458803660991,-7.86978056940769
0.74524632212948,0.629069904138656,3.44372928781873,-0.0765838511247853,-0.35194542777629,0.157324371861759,-0.00536242558646012,5.38517317820564,-0.775805141289006,-0.342275723378854,-0.45306290737195,1.231447998237,-0.928823411901407,0.47590688636459,2.16434065048388,2.57435893919475,3.29148954822669,9.61125057813055
0.0797225307137213,0.513742674010839,0.159098452208131,0.515738805816086,-0.0827437244600732,-0.285160668100322,-0.00537572934883665,1.77458754668284,0.970794161920513,0.343273579173548,-0.515961670026608,0.0430447771949438,-0.669494610856472,-0.000830346063320289,1.40574914945698,-2.48142543489612,4.74763579409507,1.18114084170624
0.846788911796118,0.583288187517255,4.43303555993649,-0.513755294938595,-1.16092311712126,0.00417177643439408,-0.00666537708554961,5.79049280010581,0.665578656022537,0.499859229855868,-0.900786377001753,1.59281830500108,-1.14038723862916,0.324189669771474,-3.25681810548853,-1.50601913376325,0.6319746422904,5.4830576701639
-0.0907185676971054,-0.022334859755109,1.89693330411423,-0.507913977370911,-1.28355257882496,-0.483537886130216,-0.00663048927987671,-2.54817106963206,-0.685338748610658,-0.317651763042425,1.33905963108332,0.135737479834035,-0.388181744243366,0.0778767688706238,3.64737561227637,-1.35429489273108,4.48375601189783,5.90732188299433
0.333413236152582,0.329282457887157,1.46165171206681,-0.116730651646402,0.667159542307674,0.664646459304339,-0.0112459959025002,-7.05948348202597,0.702602639770679,0.312978139945911,-1.16152012886901,-2.19861539635649,0.450704664545858,-0.341614795628775,2.13519556454884,0.78188681681497,-6.20333922559232,-11.1741981685287
0.78620325293432,0.638874819497667,5.18653131431024,-0.921725906651735,-0.839682775800843,0.472314571156243,-0.0146247960785809,-8.40166500819774,0.685933651950496,0.159450739664255,-0.202356095157789,0.442801519581859,0.0643806602510749,0.104330535128688,0.920289835227362,8.72088797348277,-10.9467015919409,-8.53960865300719
0.642700392153755,0.309777473510294,3.54409556344753,-0.918272212403892,-0.412586583333862,-0.313775357858244,-0.00948839822691951,-5.85306663322931,1.28034062410546,0.43532017519296,1.30033151742753,-0.0493824522247013,0.0881782278338766,0.131123593003551,-3.62025152412188,3.9596826221175,-0.16463284395432,2.53461965008436
2.05249792907291,0.706632666400098,5.47104334183525,-0.540341544832072,-0.340999223143738,0.298566904698519,0.00729601461190058,-1.48631151507899,-0.312114865170218,-0.100243736263855,0.394861267853902,-0.0687371700800516,-0.96291151423219,0.305474928839068,1.33565860949438,7.00528352643997,-0.840281085965857,8.04174078789432
0.370610770517382,0.126093028129573,3.68618088306385,-1.37167367157777,-1.18690474566194,-0.233981258865349,0.00199787501190987,-3.72347859100374,-0.348652399167225,-0.155354501092008,2.3192551475173,0.14903223838951,-0.420317497860021,0.0243522781239743,-1.30031537244107,0.445074217215042,1.21248328151118,4.11819162220259
-0.289120348761565,0.687230538161263,1.83213671988784,-0.501044208109226,0.339800835367153,0.174996773715585,-0.0104145464797135,-3.1198145349376,0.219192613769927,0.124139309587654,-0.918721725471442,-3.4440310704762,-0.794019052179141,0.226052135313446,-3.54736847340779,0.665305075810495,-1.39623317821894,-3.89420165056801
-0.208730061198445,-3.42088180770896,-2.61779702555426,-0.30413990109801,-3.29830797104341,-0.570041441012288,-0.00311500737590416,9.6584415752463,-1.02588556303277,-0.406627157943146,2.57372625609378,2.38261526148296,-0.759176211953408,-0.17276464673775,4.48980272699489,-4.53005333604971,10.1062868062434,9.88030998366336
0.103498662870091,-0.35833821637579,-11.7848284719198,1.1397295651917,1.55923299318556,0.0873453954904602,0.00730420642787713,4.5950803599912,-1.2092961338381,-0.430194270422635,1.68822799475481,2.62315241903584,-1.72115006830539,0.582476925173016,4.12249024386697,-5.0731424958472,8.82296360793718,8.88407684976502
-0.514537587463962,0.362542618522566,-0.695322499809915,0.242044783845319,0.793763545474327,0.0640353656002488,0.0385923311798785,8.49318903763303,-0.667990980724968,-0.216790655842873,-0.618915040901925,1.41311166133382,0.126729895095366,0.139338380733084,-1.65207968042599,-0.759193495178793,0.701846501142354,7.41394121241673
-0.0218120332066348,0.469082908038934,2.4736549173467,0.0206175245903535,-0.851354818804815,0.163234261220145,-0.0109178571040198,-5.68889587121232,0.491023686320739,0.290471049125539,-0.929994080554094,1.07575597826008,-1.0792112146707,0.306352526608967,-2.18597017502672,1.25151901971658,-5.73702192718458,-10.0621891208238
0.56782497768842,1.06868072037078,3.26794834916966,-0.671631929597125,-1.57001042537542,-0.277370290415902,0.0120952317535305,-0.965004494456101,-0.249958839809758,-0.0339670208399794,0.0303186146936999,1.84680672414885,-1.11022140235743,0.405295048189576,-2.19768088108378,3.45606179880881,-8.36176640298741,3.67745056199596
0.324965630325522,-0.0221980160717141,-6.2396218361751,1.30688127015523,1.50249900303612,-0.452855384997822,-0.0123273059336502,7.31684401657315,0.651937583432728,0.310401841984292,-0.94459709732122,0.0172565624769003,1.76718160668011,-0.40656870586455,-1.60263642646147,-3.92710515436691,9.18040860184276,2.27209552804851
-0.400557634409302,0.533738978979311,-4.02391055850307,0.345040715534802,0.7878993892631,-0.836473378953101,-0.012358811057197,4.52781700723574,-0.442657836048977,-0.18005000600654,-1.55805649129863,1.9268763160775,-1.16103110202628,0.395626991168991,-2.00270443799135,-0.978738713636788,3.62214145813821,-7.97869646526155
-0.0768371031595792,-0.75362491929725,-2.30141873442905,0.788556139994351,1.86632115107087,0.112915638124241,-0.0131007165770931,12.1532764114576,-0.443312026507044,-0.241384372854814,-1.84122178619269,0.188054749980351,-0.11776594690882,-0.168548285390597,-3.12062029586097,-4.86816538952917,13.1827194104548,5.2700162785931
0.188258524198826,0.919255880017942,-1.70028461288044,0.345595485549791,0.782576679980538,0.192777789407302,-0.00272957260643093,6.26303190729172,0.707373070631622,0.326334464772286,-1.69064928999692,0.41980506913031,-0.628012374852887,0.0908500183161774,-7.27256126641691,-1.08052290268665,5.56566060176293,-3.48963691797404
1.39792550199345,1.02524025186169,4.52061695117792,-0.625924066163474,0.0395802810654702,0.390665727638951,-0.0107800364828039,-5.934784873892,0.479519128548128,0.472210401702202,-0.452517527843425,-0.100966151887958,-0.521660574495644,0.337927343513157,-6.73652845107735,8.14666302607492,-8.02112305178354,-4.32534622096628
-0.40254380705965,-0.522839860521345,1.05197022936069,-0.423912672494118,-0.602835416336047,-0.425626955130043,-0.00726303334304209,4.53323102622642,-0.0706548489389299,-0.0923820431118215,0.546262807140517,-0.108541117653101,0.660964883933704,0.0847097055436225,2.56381253867877,-3.31415139282901,7.75408720243156,6.33105119995413
0.167691641625686,-2.45737078145059,-6.66621714665763,0.738256542031181,1.2192554279178,-0.333146891562863,-0.0058923832691082,5.63181516684738,-0.52208294384162,-0.234062797428067,2.02482448162746,0.852626557293601,1.71570765614178,0.195989499798025,1.67561899483811,-4.87258393289737,13.6241799702389,10.6325701174886
-0.357676068942966,-0.571706874912122,-7.15299941505021,1.42762746577091,0.407313686898914,-0.51381547299474,-0.0103820293440456,4.7214081815235,-0.549199309424084,-0.259710435708057,-0.467055640376748,-3.21601273971392,-0.420738006058727,0.0186436648528067,3.44245577576086,-3.18410355637113,9.19735839871663,6.74054906592792
0.571196495906964,-0.553345149034237,2.41791486553674,-0.0976200570176229,0.0962644907537001,-0.29096343757469,-0.0104483042688069,8.65004039221231,-1.13775090184183,-0.441839098549512,0.27695492810979,1.14377119777031,0.0770192062497856,-0.147418260150278,3.54188921760785,-2.04525519659148,6.7504848094355,10.3166727944485
-1.79415085528744,-0.387066569218577,-11.3988145261473,1.85316923717018,1.57306227037154,-0.177118401387488,-0.0128682444957462,2.84706922618659,-0.983245099532021,-0.432246514496084,-2.23602133681801,0.295807311277796,1.05724143181815,-0.491429905229599,1.12969494687353,-5.2234834744739,-7.77095493768875,-6.15777718775979
-0.899807617443719,-0.440865106339984,-9.47356053609809,1.9707144510287,1.2344154594113,-0.401322357918969,-0.01564959753317,7.5771116776022,-0.781424550586314,-0.34579648545566,-2.25900034852557,0.398193839919311,1.67541396395935,-0.512247650462024,-0.195265327360504,-5.85266905974606,0.838287874190921,5.14645404566454
-1.37565073485815,0.113273484891277,-4.3412190766467,1.09506690572767,1.31348681168963,0.302006984267586,-0.000327973683344076,3.47086020950289,1.54052485679156,0.512493750524521,-2.22464493419848,-0.957657599800298,-0.624017732696279,-0.0997576949664708,-4.72786157400335,-4.62269725095046,-2.82219641900674,-17.3482514243608
-1.47383136293175,-0.597570252675601,-7.64310961525467,1.48542451343628,1.19068310612839,-0.244253237926607,-0.0123051321423551,6.55112440238588,0.90238308183735,0.306307454787956,-2.1259911237642,-0.472124398486934,-0.468332113225471,-0.124092034376768,-2.62707398442436,-5.72655443719499,4.40328822570185,-8.11575910414719
-0.739484898591409,0.548960283891159,-0.974423083726891,0.824931412283371,0.172737648435413,0.105486214453382,-0.00105926681957144,-0.91575593142811,0.873169267329572,0.185197953158331,-1.7903077002224,-0.842584437837952,0.318304978372333,-0.072274611309462,-5.014019536487,-1.71547906899074,-11.3724104333802,-18.7413224486727
-1.26520998335007,0.7522356079535,-0.659455427943146,-0.0968028632347517,-0.175612293299254,0.19856929558466,0.0108354094866186,-1.63517020437741,0.65447336789014,0.22173796030394,-2.10598956647551,-0.249238329137416,0.0753397620371922,0.0400600879238093,-0.35540099013251,-0.731258936394516,-9.51297178415074,-13.1764181832062
-0.0161777992408352,0.767398168376432,1.27209999139035,-0.256831321076656,0.915747883994106,0.671719948320359,0.0269193463126801,-4.80614191777014,0.0345480420693345,-0.0696781265134624,-0.970169960918645,-0.774030428427376,-0.679201598400612,0.0377945289735333,-4.86414802824319,4.71765463732246,-8.23370653899766,-15.9854317923246
-0.923564949941796,-0.486951586261512,-1.10863857726646,1.39069931197259,1.0225239096395,0.578754879004856,0.00804071891824967,-2.08080376747799,-0.272145937054744,-0.163789349663042,-1.3825928368086,-2.08646592181271,-0.304118175097673,-0.15054879706137,0.995487553163681,0.630280835234964,-1.67599033813904,-7.32323749302029
-0.387105075586619,0.534574046280869,-5.85463027097274,1.04365483281556,2.29101998824735,0.15804702543707,-0.0170073503886571,-4.25483444747077,-0.381591108221735,-0.148911986461163,-0.946685558333039,-2.13609767815619,0.676916639416095,-0.522870828386909,2.91368499331161,-2.72802135337422,-4.11058951409463,-9.4770231604005
0.392896940545766,0.0791205709084042,3.21751197117031,-0.646088501207785,-0.527870934513941,-0.569736312452294,-0.0114513245249951,-3.96757273049954,-0.461125960320786,-0.213700818586668,2.20432865670624,-3.01770289145624,-0.958368161903454,0.291219050259431,3.26823050175941,1.01923828808744,4.43774962060936,6.41173553804289
1.15903506664462,0.738742403123211,5.4498087737098,-0.6945992153037,-0.43107405985728,0.0696916796133371,0.0481038223866918,-4.1610609572254,-0.227553963988583,-0.0612304929068204,-0.970978269291083,-2.58102060326085,-1.40120393764849,0.476799920132317,-0.266657520511137,9.10150679855287,-10.1308598372763,1.38635650308821
-0.076862154562095,0.824753308106554,3.92736665437664,-1.0066712682216,-2.37347310809217,0.0964427281007155,0.0195775898183703,-0.161944542421832,-0.579124955883588,-0.261674839935195,-0.630585520078885,0.219231591451582,1.01358362002393,0.0169905157816961,2.78110166467977,4.05043951123348,-4.74823663554847,4.25632005761335
0.569006719272506,0.731968650943349,2.7686711818813,-0.553132617096871,-1.0125740594986,-0.236092028376616,-0.0120644206788847,5.71573142448211,-1.0333594034842,-0.385736853669372,-0.131440755910855,1.57323963778087,-0.449939505746779,0.272279863119939,3.95351990297615,5.73172390200941,-0.393528171121937,9.56967041499835
1.2388849297124,0.898014583948556,4.86712282659906,-1.23862242298116,-1.21598045351951,0.24878985832965,0.00162741416095303,-2.58589802520029,-0.17259427545626,-0.0343660950714249,-0.870631964022629,1.0057153287397,-0.0479586984422977,0.210659028614824,2.78488182243339,8.16855837302864,-10.5777451940121,0.305350230050527
1.28820504577419,1.07627944916619,3.74052833900875,-0.478903714882535,-1.64253157938819,-0.318198806148504,0.00779147731274701,4.35780272709084,-1.11667576494864,-0.416356043424949,-0.330506986238038,2.42874272317391,-1.59836336129898,0.510819792438853,2.38383930016188,8.122424422552,-4.92155187155436,10.4085695214425
-1.43349237089934,0.40135415571678,-2.73377227668106,-0.00785635017571444,0.439601947282472,0.29104837511474,0.0108849221901256,6.35686484775297,0.981994930606078,0.312462448450971,-1.60951410934414,-2.72013906246846,2.06840183130701,-0.353102682641806,-5.3769413370313,-3.66451869674372,6.12330930861915,1.70946934658207
-1.39368326266438,0.496607956566566,-8.08558243595926,2.03805192597873,2.25203605071408,-0.465037891836377,-0.0124798358273003,-0.814635445668305,-0.170985700467844,-0.0707610678306527,-1.8569593622616,-0.470864230134385,0.87825126806404,-0.841425198864856,-5.15674558117473,-2.8718518753238,-3.99406113010314,-13.2933056150006
-0.016565682151947,0.679757796309834,-1.38680987481379,0.0897177745860189,-0.165035029120248,-0.229200569285752,-0.0132839877140402,8.89109838443804,0.140243436265541,-0.0119488978175909,-1.87345630507452,-0.305982568700084,-0.259218506697608,0.202531748053186,-3.82630486801394,-2.14064912421884,8.90997201131023,3.32759564718389
-1.92026902918838,-2.05790083870577,-10.2332799759255,1.59541557211706,0.710271541004982,-0.413008803441914,-0.00369626632363303,9.05420231088899,0.522170843522135,0.172627133243459,-1.43127605636598,0.410214926216382,0.381408201311394,-0.0523685626699616,-7.98549666922313,-5.83930522230023,7.2690178944611,7.26450657252572
-0.323083694632908,-0.160583032392852,-10.0215387325054,1.35136843478927,1.63705998679747,-0.256487305606731,-0.00268408028585133,6.62939011910569,-0.311210239124688,-0.194919521153931,-1.60494466703321,0.432588296032956,-0.130787222964887,0.17658148612771,-7.42642522363644,-4.36667119599243,6.82587753589484,1.52930133715568
0.266998784597978,0.365656990976974,3.03986639239963,-0.446719553924902,-0.478310526764103,-0.126546781002587,-0.00785989934781575,5.96339320159205,0.388428433505931,0.387326542770976,2.38691330278608,1.59981677330556,0.940085708059288,0.0587887284477114,2.64173024941121,-2.00241166908308,6.17487162605842,10.6592188167857
-0.423157603345386,-2.70385287532862,-5.33937793853694,1.12569082586961,-0.0497431101819542,0.0492268155151947,0.0274700440922296,1.00347131101985,-0.394784215637079,-0.177912281735171,2.17625144420051,1.48930568573034,2.72470040155857,-0.85738895565307,2.40702973101669,-4.2805911774387,8.77718635664956,9.38074551742822
0.150300177525863,0.856903955059938,4.54639104961603,-0.78910611369126,-2.71302154728289,0.374298078076103,0.0410910193261986,-7.63515658508932,0.909336278200321,0.340792746225847,-0.188789737988566,-1.41418969494289,-0.490214320661506,0.0515879220862839,-2.85449894741071,4.25106171015294,-10.6714279840622,-8.16331247785874
0.375261702276865,0.491420377100985,3.34294454525435,-0.498568255679393,-0.436561123725287,-0.23011648475664,-0.0119859688389012,-8.3673564244938,0.362699582841894,0.0713301300522311,-0.0691918251775521,0.946089250573915,0.762913363581113,0.217601711564146,-4.18208112545027,0.748742848050352,-4.78762668450806,-7.10800824064375
-0.465172265456453,-0.320729994665678,-2.51681744698591,0.350606613531661,0.41401222993587,0.289151936459237,-0.00470005606046662,1.48066233458692,0.0677268747078031,-0.0675014678139297,-0.287854407227703,-0.148838491349553,1.3938999408975,0.0193427651014023,-1.89743912589594,-2.32194414189773,3.64437057340082,2.27709291130424
-0.0879524318271905,0.241218479980319,-1.10425240441489,-0.365378676765108,-0.790765721406133,-0.792660828683079,-0.013119456630219,-3.0167041686875,-0.926928692659624,-0.317007795078844,-0.0416960844924299,1.6322299429735,-1.10936869044941,0.321376735285599,2.67446301218688,-1.2276895756597,-4.83262251655746,-2.63725746735974
0.156082820550977,0.797473937238513,-6.45488766501472,0.675296417625359,0.949893843226825,0.157807215679955,-0.0167164564914869,0.705556866295456,-0.541020592458818,-0.232237825751668,0.0576465117672803,-2.31759360773368,-0.120679024999053,0.167228435904634,0.379414257061291,-0.432947028386472,3.05819392975204,4.45449453059468
-0.395634813430275,0.434530205678234,-4.12936904821516,0.0353075536604973,0.467305334309568,-0.159413245948929,-0.0135690100599083,-0.903556763649707,-0.695804748298893,-0.315839939167989,-0.742801470510739,-1.21873507456277,-0.680702405385969,0.212254463078496,-0.575808306653378,-0.797635811983126,-4.59027876987863,-3.57179311924518
1.16192941406429,0.199823882743817,4.72011969952945,-0.671052336538685,-0.822850141435812,0.342847460729251,0.027555041126093,-11.9745959490594,0.711189676139406,0.158427519859074,2.0896588204612,-0.779514593137569,-0.774069115368745,0.0488783352048312,-1.88545983443472,4.25556002744078,-0.386836665052725,0.45482216816262
1.04330030698155,0.904873046171313,3.83082561910853,-0.679775129683657,-0.609818155940656,0.0210757768317089,-0.0178299108266199,-2.17055370369111,-0.544487034805778,-0.236475998309363,-1.23471630548579,0.92370083286447,-1.55470839810134,0.471879308693212,-2.48308836374252,5.70507472336988,-10.5936004582827,-10.1461380292079
0.365666499454174,0.730922683120695,3.52403239720972,-0.654107820247744,-0.543333454539116,0.283352199339442,-0.0124619389942062,-5.88682896603592,1.57999738155853,0.547054327546006,-0.416227015014406,-2.44791829855038,-0.84314151254859,0.13034965724358,-6.7565142091983,3.67877082497454,-3.15598183803934,-6.47364950094159
1.02343350763396,0.846326377801468,4.35415597652881,-0.710483256363553,-0.44561916009656,0.312793438852717,-0.0164758781658738,-7.59020041371103,1.36970006302921,0.577132203414271,-0.793407375576102,-1.41253688998091,-1.07278549945623,0.407256474592118,-7.31528192103642,9.47555600475581,-12.9194332395859,-12.0693791614844
1.71936020904265,0.952120004553112,3.72117168420512,-0.334251473548022,-1.21636070982686,-0.278358178580583,-0.0112771030834354,-3.11034375421492,0.42537450351994,0.234814577886092,2.71023969064031,2.17455976009216,-1.4798840981973,0.498007193143341,-0.0997901365712971,3.42264628594864,-2.29967138254192,9.07986303150682
0.156415676191156,0.0486579891104688,3.76480001098939,-0.852555362575295,-1.97053700108165,-0.241017749643029,-0.000487207035709363,-4.16095063844147,0.352763022903977,0.05239502988209,1.22575022808272,1.22197239709164,0.729935946100938,0.0657805239392044,3.33203104086361,-1.31168226897014,2.03169676813211,4.60547361230818
2.21112722781051,0.593315426140589,5.72846638131644,-0.185962805259645,0.239067042252433,0.0482014404481554,-0.0107622360611902,1.79018476584743,0.443850322017218,0.103136297321834,0.926741144812132,1.72201526823498,-0.139117812488974,0.0444116183591018,1.08707905928267,3.41772665029543,-2.06923350495391,6.73810574586393
-0.131480718848557,-0.94018884795428,0.317805546799741,-0.370247105919407,0.00421793830700699,-0.174264823378585,-0.00513069378159962,-5.80105709601503,-0.490958489895492,-0.212621643969605,2.99411688314623,-0.813225554234868,0.717826305018729,-0.417097655393341,2.77893833375659,-2.84020121136731,6.83073199516078,6.15504857768541
-0.722777649176563,-3.22881796339389,-6.51392397357737,0.974858014970665,0.154253717576399,-1.26392519518003,-0.00419979388003052,2.90877770034282,-0.805322166179277,-0.320644305041123,1.60136566668417,-0.20912669097244,-0.0200918007341961,-0.403354280535365,3.18876808582862,-4.99463549645503,7.03950414997493,8.06842055284668
-0.590630794612228,-0.989714107763663,0.343276563350255,-0.185150356144724,-0.0261846517174169,-0.0582603351138792,0.000705420234862226,-7.21128782606997,0.389639774147548,-0.0107152319247543,1.7237182628018,-2.762811079358,0.906647272096812,-0.88260846351167,2.42351581839604,-2.5387557455908,2.21840457290408,1.77764223640886
0.744296899057095,-0.172625838331161,5.17607369172382,-0.943857526588099,-1.08980064354668,-0.231052772665121,0.0235922948584533,3.84999821219249,-0.686836412007761,0.392447226634694,3.42701916823296,1.43232433367285,-0.942442190711103,0.432889296896982,1.49894564922508,3.78074953015908,1.88909540896633,10.340165605942
0.308595923947426,-0.392410161188639,3.79278667978367,-0.674480801888185,-1.81219006220447,-0.48505759957594,-0.0101459380295641,6.32373556467964,-0.955594390304882,-0.38547710433661,3.81978273852791,0.976737224620867,-0.998091232116199,0.382309797354499,3.66119005173613,0.404989887456798,3.85525411334755,12.2052186715976
0.0509550739514759,0.84327215815206,2.75720447791978,-0.256438520844183,-0.0932475355077765,0.614601224405166,-0.00581422554271996,-4.4363022016219,-0.177554788458805,-0.111853907391463,-1.19350807751153,-1.09951972070531,-0.663421778028325,-0.0321278106232486,-1.65672946035084,2.37308239102906,-3.4834410909873,-5.99384911018983
