"centralization_degree","rosval_mean","c1","c5","c10","c13","c14"
78140.4704546911,-38389377.5691033,12259616.1649062,-15097696.7723934,-7584420.19986461,34052330.1488674,-19842502.6732705
3230568.05648201,-10730687.9066224,-31968664.7663008,-22308883.4560668,-20796505.8282431,37795793.2496233,-13735378.1572084
2457188.65615446,-7787010.16743298,7994835.47484039,-11682299.7911403,-17226736.4147511,28634291.6500899,14465506.2148476
-1193814.14730654,-19246188.0085374,-7839425.65964943,-975474.54569927,-2719225.92463125,18664886.5999254,-36290694.4092835
3185459.59310868,7535019.51250811,-7585756.07478868,-9000084.52195826,-11371190.6197717,34650613.4354496,56175166.1431612
2681466.23207034,17982094.5107163,-178438.771666679,-28819988.3102878,-8188242.05686833,30752717.7231715,91779472.1482765
1263271.16203619,23771884.707313,-26379310.6661732,46335475.5845814,16499104.1785528,-13735992.8741357,5549201.17167077
-1746949.14491224,-39994180.3483744,21202512.6647137,-2085154.77835568,9640058.925559,-27928078.1998031,-59598305.622903
-9357027.42034675,-16753469.1946495,22264813.2934092,-7996645.48551765,15802129.3808898,35265697.6657064,-80263320.629105
-3339517.15237965,-46085655.7582146,7805614.06975996,11783447.4364608,-11800027.4641525,17038720.6178926,-52026105.3322763
-1316704.62245869,-34763164.2937705,-22680817.4176003,30810254.8946976,-4601899.94467261,2618989.1979721,-46282117.7686806
2313376.90372412,-22296871.1305865,-16920241.1210658,40927064.6303121,-11593329.9787298,34992567.6303472,21004201.8141128
-3040214.18224586,-41204293.1664441,5495418.49926409,24789330.6057324,-10888145.6869164,28779644.1406456,-42955999.0713951
-823981.306083242,-2766204.52044292,13859871.469129,4411373.76318807,-7160370.04977397,29023264.0970835,-39465300.9579364
2489703.83455985,-22397521.5185694,1836387.39700448,-863846.535401083,-8847917.32442985,30702122.7814949,10223183.2198625
3748347.95416851,52718719.1862558,-25449451.3373635,-36327971.6595982,-7843041.13251333,-34238586.0159529,72107438.192082
3732807.34659964,3031301.22047399,-11247888.3194387,-27713147.9890601,-5363358.98283185,-787363.086358152,23271347.8782067
3318364.17767566,17127011.0435659,1136829.87781021,-14325020.6666836,4491792.53084161,-64392656.1834145,46258852.7431304
-1274493.86645959,-41780600.6577875,3461618.38171786,-21078803.4791011,-19515765.5442794,-3264001.14055957,-51521902.4940036
-23373725.29525,-61102433.6154684,-13154963.9122237,33932234.8205385,-18094151.3647822,5779509.88219672,-86792751.1962317
2140217.61141591,25196257.4712377,-25332630.5041307,-23940708.2647304,-4562132.43388033,-64236055.8459864,6954502.64193231
-3400628.02115237,-5294311.55934027,9324808.88030958,-3050756.08110189,-11880434.3285729,42951771.5818422,-32235948.5037367
3503527.4566811,-31734434.6143588,10438193.4031819,-17031555.2117514,-15562247.560241,31390747.9563282,812961.530119116
2588882.30449308,-10903290.7814966,1946986.57105519,34206987.710287,-804687.63074335,4323869.28331958,51805141.4970252
1064838.93155896,3126459.00018938,13600839.3756976,-7435561.64054989,-432350.793666719,31519673.1455786,45340143.1902721
-10966855.0793683,-53223689.6184424,26400343.5389362,-32380103.4064792,14762593.809871,34836377.9849882,-84446354.575415
1694663.18153086,30966088.3021288,-2560924.99350136,-32638918.0660892,2822638.01271238,2503753.94932357,24290151.5221414
1324134.0152707,-29308445.362366,-14051208.0465153,36788635.1737605,8360904.88584498,23235256.9593239,-2448480.1037468
4345034.77734169,9281983.40330854,-1966671.72250283,-15767500.2131047,13688427.7760726,10776934.1945946,82006395.2485723
-46880.889801867,-30413575.1137819,624029.772669152,85385632.9127152,14499010.0948671,15715524.6486628,-23310287.0432835
-3532354.66285801,-66872655.5624383,18254731.062081,79645351.398523,10386668.9885507,29744294.9847161,-20409245.9903224
-6998191.48991896,-43818590.6662191,2897498.65043181,79652146.9667563,2053256.80915174,9527164.88541949,-36623741.6680715
3703634.54928336,62913214.9492636,14669586.9546503,-41205577.1277278,-1453483.26221433,-29377990.0361202,71516428.1437417
3318148.87716895,12752077.4784496,-17543472.3055578,-15261322.1736446,-8351697.51723365,-55744565.1844041,6242318.62670415
2949510.89157413,5858222.10749644,-2495627.6189321,4311523.03032437,-1463474.49056907,16440373.7987683,24678199.7694512
2654542.83442102,11867922.1959703,18916458.1228713,-8411724.44859036,16023457.2844528,2260994.93195237,37308602.0748316
2142456.17492653,-17868201.9291844,-23316144.794274,-11128558.1918804,3903571.1651303,6610447.06395878,-31598158.5405585
2449125.21487669,16425794.6767353,-16224191.460072,-20007184.5827694,9803178.95475589,-17913395.1921163,-19141151.3607107
-137441.760638881,-17950007.4560622,15985029.4433322,27141762.3521759,5742004.86664547,35871780.5229585,-21951531.3672188
1393181.09408481,-14526620.9762312,-17156795.3621847,-26357384.5443866,-13901465.4342384,18170276.5830605,9313505.22052768
2694333.66291308,34970034.5743309,-16713667.4782878,-4486233.71639182,-8176851.32607917,14535087.793961,113875862.122196
1276315.08239007,29756995.652207,-31224373.3453241,27043281.9581738,-5138605.68407449,-15620789.7049298,47479466.9624962
3008801.37747514,33270714.9957711,7593543.25385393,10201660.4936945,10964045.9504113,8317882.72109423,94450930.8880697
498746.478973049,-26056017.8284684,7960975.13438339,49577233.3984693,2261369.16672417,-16052382.691858,2555222.03187938
2841824.90349836,-7879254.7826156,-5674126.15545235,-21439630.728433,-376003.238070252,-46925445.0495383,5678809.47264733
-14220141.4299533,-70528565.3788202,24376830.7819781,56557289.7626571,17016198.9987629,37427226.876777,-58572012.9447464
-1381599.05728725,-32138385.737989,29360604.7651953,39584507.3414433,18619713.4072356,38156642.4988812,-60499349.0500241
1510067.16192266,-20175319.3979997,15981398.1652906,-13997466.576895,9791481.85808707,-34225108.6987459,-10574512.7087454
1985898.35176686,5137536.44672373,-11545231.6309287,-18844413.3412137,2738072.83920705,-39446290.3233759,19781559.0244802
4365941.47312668,36695721.1150354,6256381.34947947,500717.768680213,12804397.4270895,-3264341.78497478,43468527.0498059
-94785.9822592681,-24929088.3180557,-16033157.530902,-21921832.1770619,-5422364.17979557,-8068832.12182547,-53431437.8270544
2252331.66061683,91841295.0577311,10604193.7995946,-34158326.9656283,7534430.43866829,-59045418.7143997,-11368459.2457299
-3163841.74528173,-35651079.6256371,10712104.9429521,-41128094.0036478,-5253469.52702376,-11096595.1694415,-64682894.1381647
3810259.24971642,15358360.4251194,-16859580.577268,-37241185.371054,-7033851.5018382,-47286359.2212834,-14215085.7593329
4292322.11599899,39382881.0525114,-11940678.5866796,-11086267.8418768,223841.411358151,-63434240.3251432,104162413.418469
-2196236.17206218,-44765859.0174692,1572308.35464677,11340563.5090897,-1129991.45802978,22823135.9516713,-44283700.0219091
-10219269.7029745,-57042128.7025564,11733169.6924117,42987870.8531961,5426408.10787651,16230453.7491627,-66664042.811497
-2396055.26208552,-17049654.0137153,12479914.154814,-12612893.7989344,11279163.3981752,18740303.2177719,-45359225.9736753
-2322931.79622391,-42656200.8851833,27220790.1098987,5200028.76825342,12999265.3538784,30681355.3788197,-28680375.6140779
-1577481.23856649,61868792.6532651,23707016.419597,-48550063.293901,-789779.336282514,-6260703.44029899,-65857896.4180684
-1833966.27139999,28619683.6568654,18641692.6846756,-50363602.2694068,-7075301.62318198,3386115.18219899,-76784287.5579958
436785.061845693,8156047.1487029,-37029896.6470454,-49444059.2919594,-12721782.7087759,-37490540.370108,-61642377.450732
-2485762.92227576,3825485.97161681,-21658554.6660018,-46662977.1052593,-14236435.0624929,-19871693.8460532,-73576645.583866
2265540.13737168,15704696.659439,-21077047.1192037,-40305124.1667688,-17169593.2737883,-42550195.2763275,-24120748.2409371
3048845.45189693,17893124.6168098,-15674474.309846,-47209786.4325174,-12620076.7495313,-1152080.38489498,-11651621.373507
3193894.784779,32501379.5060591,-1375265.44772425,-23389486.5385577,11064.7926804693,-74882743.9605291,57750002.2511893
-2034696.18206467,-1820216.95535839,6709380.78717752,-30147659.5387739,4685410.65097907,13850639.5099877,8817536.33403515
2139303.70433417,32874076.9263208,9043184.29731091,-22484188.1608173,-8560734.58547278,26810400.624983,-40310834.8380735
345930.124559291,-1957962.67335179,11532041.4378058,50297468.179945,8053818.88932105,21820597.8133685,16353677.213167
3084806.28769747,71723673.8908541,5331722.29707084,-21830836.9262021,13285599.1728876,-27018036.2637205,117682407.753359
3409835.56565218,17769949.7490472,14431293.4241427,-12882051.4686369,1910399.823892,31963153.4802494,53621089.28698
2960171.11000041,29528005.426966,24441806.5983353,-5446273.12996713,15895327.6948004,35491183.0980906,68660013.3730682
3768168.0532705,51759502.9329808,4724251.91490794,-17568025.044831,10608209.8464993,16250195.3253402,109740132.9335
4501353.01225834,46726137.3852073,27173234.9682468,-6167370.91144644,17357054.7481835,22884686.0389923,108083332.730165
1663366.48920299,-24563067.6804134,-23535712.3389548,-35457310.6754037,-17066492.6862928,-28698038.8752647,-47582460.6786485
2107906.4606017,106678517.16352,4376320.06581552,-39794569.8980997,-12936737.558464,-30561560.0050306,-34508557.6202713
2820587.49497131,17321591.0531308,-3387999.49808922,-41756349.8146004,1019965.72295609,-41221085.6126388,-28647800.9563502
-8669056.75778763,36987553.7487458,-12783204.9485499,-33216806.9665451,-7679871.47737656,-48611432.1527495,-80891469.6218199
-674796.804999449,31667381.529578,7845324.72913213,-34447562.8541918,-2527753.34013182,-23635767.5538078,-55068447.9537131
1501738.35938824,-28216233.0415108,-9630310.9107708,51606575.3452289,4751636.69184999,23363581.2609212,-28658335.2170835
-11277542.0796688,-68720546.2115613,9744038.2338901,48566828.0208418,5084639.49802945,32908134.844689,-54795119.2451137
3592580.91859221,7186004.22550385,-22137856.7801229,-4409237.17067348,-5085124.17632227,-29986399.631321,55099160.2776643
2061669.78860982,-11674496.8394278,-8728565.26641048,-1290946.45123332,-12627938.0708896,-38338917.1274976,10356054.3956383
-1329065.75406535,-13420569.9053248,-1904845.86558486,-6930558.82288354,-8655971.56277648,-8669763.43400837,-31228199.1845762
1030765.57834294,54150306.7899273,22354388.6803581,-523241.287436074,11356883.5450442,23708205.1104983,-14602220.2689398
3337073.90648789,37237180.437303,13146277.5130764,1878739.12018558,6775808.56131037,-61641.3456364495,-4393444.45806068
1840938.13490775,4444217.76448746,16463198.3050036,-16831628.9429721,6546706.58439147,-9336102.53581204,-10703780.6914425
850989.368254897,-10116696.6283093,-16977567.2926866,47123672.4749649,6285589.35653708,-1214581.53359494,57084832.1795841
3714029.82219114,56557570.0092683,12435584.7715554,-29794880.5646502,7370061.35807605,-53061676.422349,67506807.4640746
3089893.56331638,12851412.6951245,-37922907.9163728,-8339952.61655643,-3724442.60585172,-50464802.7210363,50506534.7960958
3499876.34769469,75896593.5208992,-33860016.6238363,-20614348.8945236,-329603.312499325,-73538195.3163108,114981962.98526
3949632.72573155,20353424.710522,-10298376.3765943,59388422.9525417,16844330.9800111,-3477448.6536888,43041320.3973292
229782.988450712,-32579758.3883553,-8615144.80758369,27063624.2019494,-3427222.52248092,35537788.6842932,-16628913.9436959
2512219.21488986,-11133667.1245218,-10626766.6347087,21383101.8783379,9912680.6765534,11190903.0837841,47571204.7272418
-3963648.20721876,-53383687.0894594,11595023.8900541,64776489.2218634,-3543959.88214107,26063127.2208546,-40238256.8105596
-13496109.5388201,-56205111.3972065,18367088.1693762,32451735.597478,4185629.42751424,34318578.3419422,-70199688.8243596
-4130102.89465978,-57667014.212879,-8899174.07192902,39908748.7702053,-17483378.913295,23315735.4126382,-29774690.3079111
-737184.509726492,897598.63928872,16785978.7940113,75924331.1530949,15975566.1986099,8692403.59792332,48813963.983638
-1607510.87036476,-16935451.5199134,22559852.2760278,83866872.3509745,16261157.5684469,33389200.9783768,4831358.56154075
3475273.73962366,2653518.08679483,4212178.1772718,-27029232.9552755,2558045.17568303,-20161247.6969235,28828235.6250401
