"bridges_ratio","moran_i_degree","getis_gi_degree_mean","rosval_mean","d_value","c1","c9","c11","c15","c16"
186312.65978947,3031273.33809811,-1854031.0460288,-2503651.35279309,-2425703.84296562,2165814.21019518,-62029.0754238935,655162.181458011,-1602782.1394802,-5496160.0399831
398239.288800607,-1991152.66205382,-322603.741037861,-734438.307308871,14969660.9441488,-5995146.0559652,-17406.3330246617,710748.180494859,2686602.00457341,23521649.9754636
384133.768205374,4308445.13677386,-1023445.83840778,-460065.27610094,18217719.1308114,1485358.53582569,12775.5970707024,1214986.87339132,5538022.82485925,47184328.8119477
2325910.84336091,4982976.25321457,521250.466608555,-1249745.43479675,12257669.2590985,-1486435.71592546,231430.023915055,557788.058497915,-762318.924722446,10519278.5370931
-1616935.38713593,-70706.8692464338,-5420703.17250767,379561.425801309,14721372.8382521,-1485884.72730282,-29796.1939582406,513504.453102623,1781407.11928951,7492664.12291367
-1291324.0134017,-637394.122082132,-3167407.05250541,1039296.82563668,10567989.8569489,-47955.1052648833,-75896.8123426901,387049.769881109,5574072.94241677,27293494.0148938
-1027330.00119751,-853235.139848063,1392857.95918002,1495447.72733062,-3883787.61442234,-4937092.72678355,305979.861535826,-670209.036370183,-335419.671084156,-25811399.3365861
165267.638878148,-1664887.95495358,4984531.07140974,-2499309.3893062,-21947268.1562101,3912533.98981289,125742.149091703,-460263.888658864,-4072826.72715774,-23288385.2421356
3274443.6989493,4107769.29724351,1221727.39985887,-1125053.90716352,-2395762.66883378,4088566.62767748,175572.919579675,-607776.002811291,-2847089.45141511,-11913300.5153732
602534.435586325,3813432.04217027,-1058709.01835654,-2813649.30879479,7119921.63338308,1530156.9321752,82277.054087976,434330.821632414,148529.689676586,-609622.005408466
-1422329.30648826,-532767.053237936,1038634.34238274,-2330406.37713658,6789765.70253922,-4326932.98925644,392293.844846149,-100874.072370416,-1460673.43265589,-951500.207858532
-2252930.33393615,-1432824.06596269,843963.439294502,-1380410.95396752,18518384.7206511,-3151883.63152375,320193.090870981,187293.453755647,-34608.3958582862,157504.764144351
110019.972466696,976192.868896419,25162.1157183094,-2450507.48740957,3346921.99406984,1058818.38041427,-438025.037661536,819070.404324864,-3060859.24908019,-19499757.3676351
2169383.89919126,3155879.79099579,1970919.00247684,-151445.186595455,-10440710.8013321,2586904.77968785,-531848.716055676,192434.371505165,-3623491.50135452,-23481129.0336808
-2638260.27294049,-259494.937597902,-677272.376651342,-1387179.47944821,21099914.9954871,354292.263413792,366812.640578465,60541.8037962252,1964246.74859713,42984883.6453625
-958629.909706589,71196.3991988092,-2196421.42986848,3187613.4941523,13918394.9216381,-4794295.62052554,-24076.1607347247,-74861.6409185154,4582950.06633497,56127455.2131272
-1819545.90550108,-1144807.61567838,-1118989.7784604,243111.798663054,-7010547.6742117,-2062705.47067556,-406521.717325358,120643.551378179,406623.464740009,1358769.05651651
-2035124.24914232,-6646595.15235031,-79480.1853369221,928325.980432867,2700304.60699388,83979.7993254533,-198391.555913814,-404156.508530464,1844219.15816918,-1260284.23980874
-36071.2364990364,2269295.77649626,-1145549.24602046,-2709376.33647166,2532255.74289072,575798.806388779,-375309.966988535,588370.155203621,332075.103604145,16484399.6180929
4785233.24519697,5794372.35676074,797494.301726567,-3791523.74675938,-3302227.18660245,-2453058.89829052,70815.4065156076,516504.010497245,-3204248.87522401,-22869901.5424252
-159981.493446086,-2341454.6010302,-187623.047891718,1418058.02773453,6052334.60579394,-4783816.01716426,200816.654021105,-312306.100949889,3251623.8256326,39413454.9912307
1872950.81628345,6967715.31782501,-2429517.17587386,-449281.943210028,11390272.3121254,1688968.49535388,285679.363892326,128291.960540364,788265.944926021,11351077.1174723
-216805.357976251,2720758.01827008,-2017708.26735903,-1877404.61969837,4170583.84949311,2037275.3741612,-207353.834470218,578803.013473651,1176831.36698716,2469171.51813084
-1366996.89074291,-731735.062447339,-2072044.2304299,-721884.0188218,6555884.70869943,331091.569933807,-375202.664417079,75447.511715295,-1448236.90936128,-17161864.9911214
-543901.059005957,1634759.55704478,-3828423.2780104,371622.553882815,12405519.1201127,2636736.43768599,-102333.388649821,374730.968020223,2958299.78166932,12987602.0803934
3113244.20855063,3981143.47747151,2323013.48528843,-3229957.40999948,-30648022.1440335,4984444.19627256,258264.609109282,341193.615689117,-4991518.62805794,-21798025.7013825
-512769.528327009,324745.143149522,-87818.282974775,1923986.52294198,-2319305.2233116,-471396.980015689,42301.5259915274,-315053.462425312,-209391.95409525,-1882846.01917163
-1270966.80333142,-2867180.68136379,472739.908150991,-1726711.8630559,-12115727.07354,-2572022.52351747,258961.932821613,-366315.855745934,-3980453.77305727,-29584618.3491818
-1849120.73124077,118917.759195865,-2400260.60445908,631706.180220693,-14259884.0000407,-327137.740696471,286798.585361889,-619704.361735642,-848002.295404827,-27121598.3694369
-447279.654469964,-5348652.07332909,-1680728.68518106,-1862077.88128795,-5170844.84653104,103111.716550825,150810.186883559,-595675.199277025,-1760222.22824584,-28040534.4822797
-1842639.8053772,-1206422.89833296,-2641243.06400239,-4147447.89982395,-14853733.7952088,3406267.45909481,-423244.716048099,126698.410309492,-3323915.50541334,-29669189.8319527
-900927.802602049,-2183073.5170527,1224699.0828184,-2784994.02081701,-1739777.54341712,523592.026294309,-98363.0801450105,125341.807720902,-2351025.62535861,-24297405.4751275
-483480.240531021,1842559.61826841,-1173315.2679324,3866642.73345701,3750024.92625475,2753119.89931245,-167406.250737035,-117472.596073741,4179368.07088122,42313145.8134418
620384.057999694,-2642600.95189734,2022526.50950079,783602.592116008,2820579.12734243,-3249153.79729958,-400170.363620521,-191262.350213782,1245137.18696262,12113007.1778016
-2116040.79000423,-2661663.57171185,-1353726.33433855,456685.30158006,18911977.1959266,-395878.438849208,235228.708513643,-28205.5441405034,3069067.76966053,22181172.6753336
-1700629.87236703,-1068996.21911723,-766878.373339777,672838.238701015,-12030078.8591469,3519415.95146664,10403.3889149463,-638795.408015427,-1234332.98917378,-26251316.5765181
-72725.868020685,-281195.776071015,1413103.72318649,-1124363.3090172,-4134994.85704105,-4365299.00016717,-70388.2159902429,1113.31328029194,-1682937.63666343,-3565996.04344013
-2215350.18372416,-3719070.43447261,-15886.6178405124,1058630.02142986,-13368926.5388106,-2978050.0865942,61403.250834704,-435670.979999053,-340593.189190302,-15569309.9828769
-918626.595767611,-4178600.74019647,2398927.76341638,-900910.003144855,5884725.2298683,3080500.86313265,382974.85336823,-104525.428798977,-1595379.21971485,-17057616.5943155
-815787.797657689,2207963.12076766,-3305750.01151677,-810994.488833186,15543858.1635922,-3170925.27579861,363882.511944351,457426.818224275,2037329.53163576,30797909.6835393
-2592656.16715208,-2650414.6646479,-2335068.93036837,2218357.8937773,19328213.4349907,-3067526.86699226,211589.470623178,-140678.701924923,3772026.86701119,25131727.0937321
-1727106.0407064,-1333648.96317778,1557864.09979904,1961146.28135066,13487113.6664261,-5751238.22616678,108386.506759627,-176096.790398031,37246.3997085068,-7257163.36237244
-2713883.87794891,-1021766.18841147,-1466666.93718903,2019346.27659434,3782027.0220799,1437800.93594404,79864.5012123833,-410373.198964562,173509.422219233,-21643410.0853999
-1782614.97627849,-3838315.68501209,1169242.08385728,-1472080.32517092,8920134.30307564,1584732.10808489,175308.07191722,-32345.2621688328,-426465.763271548,-10894786.4311543
-910712.045415551,1084494.28220979,-874637.258202211,-392078.5677611,6831904.28928625,-1007296.64745824,185225.756941238,-304043.744702335,462254.782952742,10158167.0658371
1154357.65506762,-10640548.0069245,2835915.21394614,-4262482.51546631,-22378283.5552736,4625229.64991958,68134.7882900236,231162.084754066,-3794359.23336979,-28513451.4466064
5648072.41262566,5189032.0865792,-416339.338357615,-2073053.66733226,-10012335.0723965,5475175.2653903,377208.77921137,-782024.191194069,-3253689.06902335,-23751815.9555068
336771.009211083,2622948.98467838,-307774.877650793,-1200887.72249916,-19238061.5242869,3022627.14465751,-537331.681836145,-186751.020921234,-256152.722883662,-20276401.5443963
-1214808.76815796,-2770376.03548187,-811569.727775304,216730.14675872,12966485.4761892,-2211403.76125302,263027.267021165,-411536.145330933,2017897.23283879,28768423.9082099
-1510739.00792424,-5155975.90149196,1382692.31756416,2230089.76359446,2966294.05156556,1144793.50708059,64029.270398312,-542096.144276636,3166199.15067466,-8782937.33967216
2964120.95914203,4882813.53307591,2232986.86869998,-1454322.8496045,-17386162.3202713,-2955391.24707227,-257191.587423605,544844.36173187,-3363426.26671217,-8245567.95045671
1881418.48646345,2568226.02783572,4140359.95299556,5638225.84007396,-11132592.8027652,1964469.89090787,280168.761280856,-532385.117755196,-1422221.5750156,20941758.2132312
1159727.44509982,6038138.28617743,-561161.439585465,-2190446.49121084,-27834013.695088,1991049.80893744,108392.767755938,226851.591103053,-4585948.71124534,-14949895.8356269
869603.708967167,2505323.11709299,-960844.612388429,897839.87015695,-14412867.2476832,-3189904.53676147,161590.534053498,-121626.507064195,-1892143.24161971,9874230.81692857
-2267485.45258686,157515.392312508,-1946822.94467536,2547503.35172938,13168975.9743874,-2172028.04614499,-41491.0964965599,-455066.577169337,2699874.95079791,11054244.4138363
-507117.279688162,-1952568.01942852,2114742.12001957,-2706170.55962482,-10349124.9000297,324166.424069508,-426114.798873997,-113565.574570694,-2758271.10693615,-17896932.7764254
3136719.45125723,4097799.52314044,1663281.43172192,-3245085.83262961,-12920806.2805116,2377344.88441914,-89720.7321446003,-263951.140614639,-5055586.4345097,-29972709.4076686
3409760.05490868,1330814.96512801,2539216.28520478,-836485.002041373,-11679965.9856981,2438425.6529823,275797.520742351,-26346.7909347754,-3409332.86759564,-21721036.5747199
-1171779.6316942,297041.611625609,1438329.87210595,-2577338.31366001,-20066741.1351384,5102228.06981939,-266390.470449697,197760.404833807,-2402102.28964736,-30477838.0848078
5494026.54340843,5191161.16829789,894465.227523534,3799492.17222446,-6287750.60863103,4449873.26031759,-64661.027386174,659807.269255433,2690740.77497941,19189858.9947988
4581227.88147388,4085523.87859639,2000521.30895602,1817941.77732477,-17156041.5678726,3539116.40403352,-492314.841390178,687960.717181658,-326391.803115365,-13524190.0003907
2161837.34842801,4219294.47405721,-1505811.4779893,483606.328352155,-8051480.07004625,-6937806.83649848,173561.236927052,134308.698554766,1097968.01452217,49677086.3961505
3718451.23668038,3911340.02089333,1223902.41376227,227089.729601957,-14639620.6248287,-4029778.09149926,129255.873068971,167197.892640729,-1550973.32290928,25115938.5296933
492520.466652415,480103.807772893,-537519.066437238,971768.261481738,1643814.87004793,-3956428.15925748,-125943.993399026,96711.4410360184,4099304.52629965,52588284.823973
391600.026898034,-685759.45679877,-997581.773492716,1073315.5606908,3538083.80221812,-2969702.91329945,-18820.1773509252,-53422.6982636732,3513637.18992261,36896631.4946591
-662451.056055654,3062667.64678103,-3325083.27243078,2197381.9954054,11186942.955133,-135465.828297934,201440.787590317,-50952.4445756495,2826358.16972387,46936722.8376693
556041.928687739,3297842.18908354,-2876535.72548793,-185788.19827336,4708099.80848065,1212354.97009562,394302.633697537,202200.719158534,643412.421420901,20718256.6096241
2885607.6694907,7349036.09252091,-796539.582898058,2081673.66395326,9472933.71450481,1680392.02851851,217919.871654066,702083.062163605,1592218.08408595,25949705.4011766
-1558622.81121842,-1743509.05570779,2821262.34004042,-238306.685985246,8830541.37398995,2052878.94186129,285045.784168719,-391279.018953938,-1574163.13279392,-19452372.1486349
-2666930.75505612,-1380722.84485315,-343185.686007557,4472755.80385374,9541987.45414572,1026791.77313468,348858.434578716,-640427.667382844,3559188.88748077,-3983729.99542684
-1773438.97241585,-7768776.00125911,-466286.455475647,996993.501227066,1253174.22181167,2632410.18765259,-646748.392533405,-21097.553248273,1882788.64569488,-10079482.5545308
-1277095.56922417,-3356157.70684916,1168330.59883915,1930737.68437521,-12976094.4273087,4634762.46596977,-533083.899359163,-364847.805020161,299528.489118372,-27518844.6987687
-2345984.50760363,-3959846.99391074,-1231368.56515539,3027429.93992724,6108974.50774576,784039.399361083,-328771.146307312,-282535.789553085,3800307.66175801,-423876.167943159
-1798455.2320389,-5309055.64877489,1590923.24730427,2815303.52321753,-9340892.13162388,5054432.00178499,133046.24129097,-685011.98481838,1786452.52784967,-28211398.8760859
1340255.51061518,1369539.86875889,-1452887.72746301,-1548201.75376971,-14901704.2553117,-4434699.56221729,-265528.57748945,473988.255075965,-2140428.78888512,-5906168.89929558
3889414.15739957,7306891.19245166,2296304.87403058,6448403.90397629,1345860.6937463,740713.535823705,-45852.14409548,1129027.02237009,1382813.94235763,36907623.8579912
692014.198013351,-552814.219625389,1136277.06833768,1074226.75796419,-20419290.4056249,-631668.886960904,-453766.241416014,-271624.343960933,-3134672.04944314,-9568384.95295276
5048239.35796195,2284085.25786775,2059913.97584382,2354596.91909682,-20094562.6012891,-2315073.78042726,-490149.288141255,71475.7679056857,-2423101.44241014,-18589860.2686329
4892478.96100294,5234099.12448891,1257601.76805349,1821081.05888427,-15819689.127378,1357973.4139772,91358.2975040547,-237265.786189647,-2363732.46950251,-5911800.42060231
-1455152.35098199,-1558553.7614658,629586.335822702,-1671323.56650255,-13552772.9812396,-1737577.97585764,-486824.87490524,-78641.1845494456,-2173829.85279304,-30339948.7198064
2628437.89527846,-196182.611946081,-244606.783814794,-4291319.29445681,-2118671.29270249,1774327.85351234,-493475.410049928,1151595.74922527,-3032124.65687556,-26844132.352228
-2228234.44663123,-8722692.61850033,-1836574.53102548,515370.947343858,18388386.8670006,-4019618.58171072,144665.388346197,-68760.3809983834,3751960.64488002,26585062.0376686
-1625734.99512853,-1369473.36431527,1151037.64842023,-711258.364330502,19606339.1254603,-1605486.10214312,284749.302793442,-291798.242424098,1690565.77218989,22014439.2731235
1170671.31622063,1388387.11446816,-1432920.92583862,-752847.499380647,-3543396.13262594,-301707.261525325,-184631.36064486,-26481.6559590006,-1379997.6761994,-6807306.46626898
508879.140466751,-2545025.47689357,3934641.26045435,3310462.01955418,6937260.24495724,4171595.77465038,300624.004623306,-431652.080783733,1670970.78311431,7781948.92968477
3136622.11863171,3102497.30402066,-780218.855726268,2251535.71533913,-1455648.54024338,2439320.04716129,-232027.063382528,-224289.487177772,-1080655.33448978,-12341837.6018724
1948242.98577612,1586947.1528828,798687.833872511,356562.865022794,2066500.96093828,3142251.63226722,152516.884762706,-285458.392329959,1499027.7594301,10677313.0645178
-2283223.59481994,-2628863.21097997,-1685935.82388462,-657935.498531827,27993024.2672809,-3174256.07231706,392974.436668496,-65168.5414557165,142676.817780034,273488.708312337
-1876636.18994763,-2051866.02555712,-127365.956310216,3643468.14424288,4292050.33127108,2399724.94858571,266442.348901307,-634600.357035679,3758171.59273081,27219351.476271
-1752719.2757508,-1696923.42228649,-1386181.81767311,756358.917300119,13991525.9859567,-7063246.4236519,144559.150274964,-174814.953185602,1054624.19124461,20504098.8464449
-2156316.63859814,-1447925.25298323,-1559006.7089165,4913496.37866639,17046119.5264981,-6169758.03413333,209738.7610625,-547540.265883172,4529006.65493155,33922153.9726508
-1775660.14037967,-3949950.37258423,1386526.90670166,1293451.36307096,7656171.3804572,-1892554.09377803,286813.280759595,-667989.748154276,873587.671497023,-24892771.8641061
-1859172.13453726,-6362888.24541452,1203577.81325477,-1975580.7202232,9891649.11624848,-1557110.46677081,8409.29248208032,-88236.8232015789,-790403.010939581,-11981802.4159259
-2834387.43031135,838516.695213294,-232602.318331326,-725786.618275203,-4080772.14489541,-1980207.3319934,-459957.370138381,-59903.0159807989,608384.348555257,-19025958.1947942
-142752.836809542,-15158.1159351845,857891.075501934,-3221385.22759832,13234806.8263837,2194570.77987636,214286.923590803,559945.437062984,-2403988.33945957,-18490909.3175699
3118428.22055693,566774.511977126,6277916.25077709,-3238277.43855624,-6585992.78701926,3641556.51910229,-182119.96880827,541356.363720479,-2572014.86018145,-22541107.7142356
-100199.1847788,-112501.295573933,295065.606897894,-3682908.52172972,17328716.6690062,-1733973.95518288,218282.761775905,1186233.93325274,-640268.164525749,-3370255.6415175
-2439972.05009961,-3612446.31438511,1144017.00857355,-12450.6510952633,-8723391.54159162,3080373.7080252,-53837.5739077662,-580401.417533959,-540992.469384038,-29762433.2942209
-1920909.04712231,-5742098.70826296,2432272.3333742,-878284.583552267,-13892652.2642216,4360969.49129342,-96842.5512920327,-513192.020305437,-1554405.81428044,-31826364.8372445
-1312865.33259693,-385680.027823659,-3058920.14211617,177240.551719159,9901359.86962106,766124.054095169,-138293.321811915,42995.5517824024,1286898.06106266,16266790.9384931
