"degree_sd","centralization_degree","bridges_ratio","moran_i_degree","getis_gi_degree_mean","orientation_entropy","d_value","c2","c5","c7","c8","c12","c13","c14","c15","c16"
-1.53771372696667,0.0122898545183286,-0.279600199175313,0.245552419182992,0.427260513268803,0.119079697125006,0.80769027265433,-0.231743625543683,-0.544344271387458,-1.41453605232826,0.480828816088677,2.76470595815539,0.674645190324513,-1.44915569081061,4.64196063087357,1.45364226588268
-1.26276537114547,0.54593066623775,-0.702635763263167,-0.159507737628586,0.076346823769367,0.262678392352751,-5.82127481502674,0.521104039289452,-0.774121339730651,-0.087401066232547,0.690172744175151,2.67954091603622,0.760284820426049,-0.991670281874276,-7.25891620437141,-7.97636876153618
-0.806358185811644,0.421670149246537,-0.675430550401342,0.345351627008646,0.235719048833541,0.317872710820086,-7.34948748486967,-0.19834137602485,-0.37180221934728,-1.93372479874056,0.942638995653148,3.00547046237521,0.596940717276806,1.0426982755412,-15.0280774800675,-17.2059923093271
-0.981639947338713,-0.207902901617876,-4.396127522997,0.392211791186755,-0.118635728215457,0.089679819644921,-4.7654558258315,0.297458337433717,-0.0851912367138028,-1.20988545852736,-0.542777618021149,-0.218511261153726,0.356096014530311,-2.53544701739914,1.95884904101741,-3.41409469453239
-0.824782415993562,0.532367732450177,2.97180207451817,-0.0066012132761615,1.25654045165359,0.0112494540721706,-5.93261687458665,0.136046994739291,-0.33700346824501,-0.984439618781169,0.297960533526538,2.53460593552201,0.689477442400951,3.33222010925932,-5.03694028139936,-2.83100339049432
-0.724732410457329,0.450932486489597,2.33565121623667,-0.0532434389621069,0.735262143014491,0.458794334789935,-4.20140402634356,0.00631928173023228,-0.992591312634642,-0.932990032641682,0.301419618822102,2.08550786970803,0.611942209987547,5.64842292683167,-15.5088763218128,-9.68894896115963
1.0549146383656,0.225139796502834,2.01610288418888,-0.0609931800415096,-0.325593890546889,-0.129214255674653,1.39965463808618,0.521882673988127,1.58186198566344,2.23493808822037,-1.63790476795004,-3.51257135190356,-0.264024925451834,0.590043476903697,1.22327407032505,8.83730988974183
0.133800045994662,-0.295838462972805,-0.280421469433836,-0.126338853181304,-1.15878506219141,-0.0731875377350545,8.56161115798411,-0.410526316314326,-0.0735455670717688,2.1108992213206,-0.989332432687357,-0.426935467783075,-0.5765823329163,-3.79515030047714,11.2691719797959,7.84907248166279
-1.27434261417141,-1.58974670495933,-6.05789931722325,0.32820346544778,-0.283623778696698,-0.129064242088958,0.982832469573572,-0.431695517792303,-0.301077429947399,-0.122422558223307,-1.3353445523076,2.59091465321362,0.706432677810068,-5.23827773071748,8.0001647022671,4.30279099189747
-0.91874162314923,-0.571813807916449,-1.18804223472423,0.293367003941806,0.250347692480415,-0.0203093351001049,-2.49506075865886,-0.182237263609663,0.37058910414814,-3.53410657905526,2.82661568970086,1.19996142766613,0.340696840601425,-3.44959842662271,-0.632613566899884,1.33432673821734
0.713207885355477,-0.22876016344941,2.67685103286495,-0.0422053854957861,-0.240719117589013,-0.0513681664073685,-2.69200649376315,0.417477375996608,0.944400154913742,-0.359705035562205,-0.590038024019952,0.44235026119693,0.0162059003380028,-3.18795727767379,4.04376220778587,0.39165564106484
0.716955807025408,0.389626285388795,4.18448431549065,-0.116686251073346,-0.19483346208367,-0.072019268447741,-7.35813729382388,0.285821259694191,1.34245392378629,-2.70131273890889,0.468383822471871,2.23422207586769,0.712250021026375,1.2462294776059,-0.0236244913776952,0.0765127524816071
-0.969771966690154,-0.507840031910848,-0.121444704751299,0.0805820212379134,-0.00676341990613989,-0.0415207358571653,-1.32407437460068,-0.24616318755502,0.87905872452037,-2.72997179144109,2.45565653935248,1.75759769656189,0.617559538910356,-2.41128600911037,8.63988309962942,6.97952833906326
0.160102408275644,-0.137882231144448,-4.05035557250865,0.252011693707625,-0.457597931141989,-0.104308672216626,4.12216338958729,-0.374772185467726,0.159975261908979,0.844161625479203,2.59782471496429,2.07306539025919,0.603862767841202,-2.4582095195556,9.97119260240938,8.29760993380487
0.955719855256719,0.399880133593226,4.65588211971998,-0.0245929207328289,0.156446705449605,-0.0813550607513994,-8.63111831247439,-0.10296664508178,-0.0601104359241134,-1.92088655572129,0.857482573902105,2.52184811324124,0.61827525399996,0.415432741047499,-6.04244699399805,-15.9286228974114
-0.368149626324142,0.63893698914196,1.84522236667262,0.011129077332292,0.507110281238208,-0.080275320026246,-5.69872292439715,0.678326073558824,-1.21571926959388,-0.000176298737930628,0.118527541196098,-2.45684223164926,-0.710030909714633,4.57216356666984,-12.3532888735229,-20.5201630212247
1.32356746482807,0.635810439390519,3.38821828937532,-0.0915971978603194,0.25962616428387,0.16366208685074,2.79733677496918,0.518118277244766,-0.896134641509803,-0.149100689465396,0.75849598237038,-0.523339468566178,8.6479882508108e-05,1.58121744601388,-1.17974595456479,-0.481478351812221
1.53225304648226,0.569080186375612,3.93150727875997,-0.520447573605071,0.0150692976269537,-0.0172215038137655,-1.16322610650667,0.119872739203064,-0.495136523771784,0.348115799889579,0.459931505428992,-3.59067887261108,-1.33489712670066,2.92332679176468,-4.50448944234672,0.0940414092081311
-0.459953212892979,-0.226778298873358,0.00804798821680539,0.178220118506551,0.26622711193822,-0.122403347271968,-1.0105310245367,-0.174356933781791,-0.769404261320875,-1.06418213275025,1.66886469127726,-0.257780903273603,-0.0951668005197213,-3.72554307888037,-1.07427554223918,-5.88588284468705
-1.11599375091459,-3.9690834392601,-8.85573151029024,0.457500618406553,-0.181549380441808,0.0136731822037707,1.67556069328223,0.151876390005644,1.11141613652677,-0.415887244443205,0.528815385348778,0.620559440979788,0.109845186899251,-5.57228821397472,9.03306171374578,9.0918479472445
-0.243937513854599,0.358452383190949,0.220859608966201,-0.189286871856723,0.045161464500442,-0.0174094942262175,-2.36873511292474,0.743183981217657,-0.851254195376843,-0.228688792653684,-1.01089026211543,-4.22327813274444,-1.34805599452158,0.0658882893510385,-9.19539839531845,-13.9553840793659
-1.0748993955047,-0.580079614614253,-3.46334347345647,0.552844837830584,0.564528051712391,-0.111124441372843,-4.43213781732361,-0.346695341345168,-0.135545418353184,1.67927585668899,0.760478545739774,2.98552883360968,0.858520673409427,-2.18522644471045,-2.02320066412199,-3.76945224095793
-0.300597100929638,0.585283477434562,0.20704644848978,0.211381727164698,0.469112068850049,0.0489747637181842,-1.70588107317276,-0.246437508882814,-0.559416670822827,0.636776263416385,2.49519173428885,2.63177593200446,0.650993792804457,0.0142823984429504,-3.82571323756399,-0.909239719855063
-0.616680116272893,0.441714343259096,2.6535590438284,-0.0572351350965804,0.48128350443735,0.0975328421599653,-2.50036284509438,-0.159812689165748,1.11794421648457,0.08062169226403,1.30332184854495,0.388879958229088,0.0796862838918075,3.2601491541748,4.2301437013426,6.43559295935641
-0.787060882418801,0.184852869780086,1.03186357706354,0.127479104081896,0.888899239906487,-0.0256157552639199,-4.82532207623649,-0.402126817841213,-0.186817187610659,0.713516526256046,0.488806729988792,1.80308072280573,0.678737694797273,3.14153889857742,-8.06809598013254,-4.33035571156837
-0.622670106218677,-1.86880538667483,-5.96967743220642,0.309857135138577,-0.536762191835343,-0.051151431915519,12.268942706615,-0.642007872269484,-1.07839256242044,1.82107675023945,-0.959544440976457,2.68703220044062,0.71679931140236,-5.43930309402741,13.2236534055687,8.00084050161071
0.281696618988677,0.286706138079321,0.908373184966047,0.0259646518710268,0.0192734513940611,-0.0934763799882358,0.822566557769144,0.147252232736914,-1.07725917885819,1.39844095754395,-0.615429882594967,1.39405515716581,0.0550053328603581,1.55712326981372,0.413034270286215,0.43513376360137
0.192371802084958,0.226097119813449,2.3830854516707,-0.231102147415471,-0.107565420803958,0.0507342185319504,5.027338828431,0.133693729822682,1.23948660859842,1.49761872940733,-0.992957720864968,1.29811004520905,0.488860784140327,-0.0740873763739813,10.8708242421344,11.2712487580627
1.33516001544663,0.738600969336912,3.43792321226989,0.00825872851919353,0.556801910422825,-0.0121629533326645,5.69658362050336,0.311568044956603,-0.499504927090141,2.72880500997225,-1.48376299303293,2.09673849826103,0.232818153151092,5.2985956162314,2.2266141135424,9.76256559037856
-1.3541356781385,-0.000419786906772267,0.991978398431188,-0.421503965895235,0.389337704351247,0.309351645316093,2.15559980649751,-0.0313704251906068,2.85644295027994,2.07312762589301,-1.31510897180772,0.354412090562675,0.333661431937057,-1.31687878001081,5.29757120229994,10.2316166132397
-0.169911909812892,-0.60806648007038,3.30087893917582,-0.101363793758266,0.613163453702494,-0.0514401149460347,5.90799027962393,-0.407488013860292,2.60481885281927,1.59771997491654,0.916537534282274,2.43586573735708,0.593403837681634,-1.48180218778043,8.67095755956539,10.6406852541309
0.29533896620607,-1.20473157363892,1.57797376424083,-0.177969626330088,-0.281536131550258,0.386643927920083,0.780864712909025,-0.0677216408932824,2.56189059626446,1.01434762992001,0.343184908291103,0.201726598230454,0.167658769411943,-2.60535237644672,6.0925265933028,9.1378027368041
-0.00225257515737409,0.621909994614536,0.8304876670849,0.143053906380676,0.273462905724663,-0.134607456874901,-1.42781525344491,-0.354794662810257,-1.383933104217,0.227950458401781,-0.288528873444068,-1.3414523223775,-0.611099235634388,4.47171750518393,-11.6778708716664,-14.977292199455
0.204801832825903,0.558130449076659,-1.23835183165964,-0.215388129637736,-0.466916727083606,-0.026180211011655,-1.03487884510198,0.261481411191058,-0.520386129444971,0.490702775034433,0.728291442397987,-5.09885595275004,-1.15266871310349,0.306623564828866,-3.6404660280191,-4.03899208343952
0.718671322769364,0.501297473388011,3.85956930031789,-0.212989768546936,0.31343409307423,0.139348136341454,-7.6514495702861,-8.10334317426752e-05,0.176133697896649,0.694831788673845,-0.635733662286523,0.71813308652941,0.360488538563712,1.75024824383682,-8.71806741757351,-8.19988652003705
0.96325868477132,0.446185849054064,3.14099603725428,-0.0898094333024948,0.180819285892482,-0.0455768069020566,4.96702589041209,-0.451424307023118,-0.329455596288084,1.3412064441419,-0.912410731281551,1.55827202435777,0.0273289489932872,2.13993285912611,3.22122130205201,9.98628972793826
0.104380821472875,0.363941517899802,0.161630918513363,-0.021483146733024,-0.327727891720858,-0.045614414777924,1.66625042321193,0.452767792000939,-0.377248802557638,0.0496964299059592,-0.656345647515434,1.00807469068443,0.130900663280437,-2.04043125928161,4.68324168845282,1.29962641961822
1.09270383724883,0.413801543151603,4.03153684929688,-0.298619891161678,0.00452586475414888,-0.0566783037339233,5.32640611497773,0.658693626742257,-0.657239024458677,1.73300697299973,-1.12103823067926,-2.312552057331,-0.362606911644002,-1.23500204240379,0.594307853211434,5.62182628860174
-0.11810474684243,-0.0162588499953875,1.71590621047056,-0.331882105410714,-0.55624540619105,-0.0562951518242857,-2.35960434401406,-0.418874981744346,0.980658651977715,0.146363493305852,-0.382063300457776,2.60034789152691,0.783671744256823,-1.12514509247457,4.34593234742787,6.09560693065452
0.4277708052366,0.234396812061514,1.32303737559525,0.174688772423032,0.763890337611491,-0.0956625428105959,-6.5045519691304,0.412087507793732,-0.848769537234339,-2.40163102382403,0.441823450828499,1.53741319417914,0.390336728761453,0.653852037001071,-6.10155976329086,-11.7120037894173
1.01451173172382,0.453834888462498,4.71931177179663,-0.215034050132067,0.542816417780929,-0.124285343969906,-7.72473325258681,0.209798755416711,-0.144884445746279,0.478821407037964,0.062628921426759,0.675021873810635,0.30329580901316,7.2191973222442,-10.699849175429,-8.95899700409928
0.829641402443472,0.218785944203474,3.19293215800287,-0.1065587132091,-0.361342449470562,-0.080597407146335,-5.41922059576301,0.573620208047025,0.951353466637764,-0.0595515898751719,0.0849968982639113,-2.59285415327573,-0.29634341777519,3.25374965895008,-0.272004818961887,2.49294585236412
2.65154449639851,0.50127536821877,4.95448090394813,-0.0865833503161899,0.342747009393914,0.0617731988978042,-1.40687754943205,-0.132788103514593,0.291361160677506,-0.0825226153719009,-0.947753513221799,0.963141976811602,0.153590938512388,5.78728539237013,-0.90716492356306,8.16821643191195
0.478782613921054,0.0889488209169367,3.34168840900716,-0.306799856789915,-0.26928951180876,0.0169476941252774,-3.44584609532105,-0.204914572016703,1.69943807793607,0.160547996367822,-0.413832283594641,-0.93228002674929,-0.303019118192228,0.362300575530504,1.1553112117062,4.2299335649159
-0.373233560272812,0.487559292175318,1.68971892152297,0.0882642221734097,0.201445260431364,-0.088405279572528,-2.8381784476024,0.163763296948519,-0.671753073707932,-3.75087189082585,-0.778861526790171,-2.52103287672822,-0.935333270584051,0.564846132500856,-1.29845444584734,-3.97467022380486
-0.272335489606507,-2.4187285775943,-2.34968264321956,-0.849986752870744,-0.655891342696626,-0.0266435019793816,8.91930033715009,-0.536400674827562,1.89229201770946,2.59492265320315,-0.745432495043585,3.23719386900087,0.78057030845718,-3.71811166462132,9.89042885067069,10.2666607402839
0.129653577442626,-0.251601061336529,-10.7247446987413,0.404913644995259,0.0999410787659202,0.0618330165231334,4.20153025226958,-0.567787989547072,1.24014521417322,2.85352965113625,-1.69242553887605,2.95756484230347,0.754730013153222,-4.18815819477465,8.55190909039314,9.10125747244555
-0.666993567744828,0.256314968151413,-0.647866012117848,0.205403862136519,0.0733639881281166,0.327566593669598,7.78780105596628,-0.286005468548699,-0.454430996352115,1.53702472828516,0.123647321464164,-1.18324650331613,-0.69673305189344,-0.636654900249765,0.640379936908241,7.62880877751033
-0.0278397456552904,0.33274207229236,2.26382471043146,-0.219735372149659,0.187832890524309,-0.0926890466644443,-5.21194995538727,0.38300948500221,-0.68004970472771,1.17387952089083,-1.05948110319299,-1.55314004612067,-0.837379214433487,1.04462148542929,-5.559155787844,-10.4209143440665
0.735783115304685,0.749749787132585,2.94025800921893,-0.408367662592883,-0.319021580424156,0.102862910857567,-0.953486427697823,-0.0446552941035464,0.0151257793081249,2.01109713222204,-1.0929189893354,-1.59787505106834,-0.0702784612217882,2.81246560283133,-8.23981912861133,3.74882261891671
0.421160024738196,-0.0139267770790624,-5.63131526578045,0.389493825552472,-0.520572611002349,-0.104691736017592,6.77384691665066,0.409311873949414,-0.688628816016806,0.0220486477097515,1.73866087700949,-1.12350993561647,-0.140765789560933,-3.21482945442813,9.04044942143092,2.45140948668087
-0.519231034272389,0.379504526410478,-3.63655268834301,0.205270830958626,-0.962072108421289,-0.105016772667079,4.19495245539632,-0.237500421657378,-1.13933514929229,2.10019078341015,-1.1398114375249,-1.41135032023143,-1.21651213426735,-0.787735646562028,3.57447937783613,-8.26853347525426
-0.098941293123803,-0.534908335131258,-2.11369108064244,0.481142091211567,0.129831724626826,-0.11115412909861,11.1465973828328,-0.318173290942384,-1.35375374057393,0.203702960953725,-0.116625727423763,-2.2462344707841,-0.223087497879273,-4.04611066828604,12.802537750541,5.43332957051579
0.245166692205701,0.649416590465277,-1.55076982997166,0.201255543889969,0.221916705515627,-0.0230683338014019,5.75602405598496,0.430475231341378,-1.24121397076908,0.459568105941115,-0.616835519797648,-5.20471874868432,-0.977509510887436,-0.904485910407647,5.43656916140279,-3.59353286525397
1.8067715851555,0.728486208760746,4.12329477538332,0.0120537229544829,0.449054684233083,-0.0916150950324172,-5.44199903531092,0.622309407299492,-0.327585887171265,-0.111471259389769,-0.512283317848517,-4.78934668606982,-1.28080593180015,6.75024253471737,-7.81145033116074,-4.51254121249603
-0.519384279641143,-0.368780009442877,0.974555408089302,-0.155722983688794,-0.48920204691467,-0.0616279243130194,4.19590500504128,-0.121640682703936,0.402531893630225,-0.115412768197856,0.650521337997465,1.83950890358382,0.479367035047338,-2.72519890384281,7.63616875866845,6.68401426784597
0.213195889094448,-1.73598094304263,-6.05678168811472,0.318120401679659,-0.383639502291359,-0.0502168482349016,5.18064432636472,-0.309138409309393,1.4882676672281,0.924889121969086,1.68481532056928,1.21530375171981,0.379836792652326,-4.00980414128751,13.2540621690799,10.940687570677
-0.462703669882322,-0.402803814658923,-6.47237633393443,0.107030352017716,-0.590831068004796,-0.0882058952478499,4.40264622031484,-0.342414937191843,-0.337811648827727,-3.50232984664548,-0.411561867155272,2.48432856833351,0.422824891109158,-2.60688939507056,9.05654037287698,7.10148070312482
0.738851989341784,-0.392009194356183,2.19149914525502,0.0247257411086081,-0.334691370292264,-0.0886885452242344,7.94829787133927,-0.582546425154057,0.202238403370584,1.24584432257399,0.075359354247919,2.52557843217654,0.643028850876458,-1.69533737408703,6.57248730126175,10.7082109783225
-2.32289314648793,-0.272838969820984,-10.3599284785759,0.407764710630018,-0.204016667804499,-0.109330194731318,2.61956626922193,-0.570125531563192,-1.63659883949702,0.319910093865165,1.03836320813014,0.818460209646924,-0.137811272206106,-4.30898293172631,-7.5987247576074,-6.45129197650327
-1.16516310739774,-0.311584634205068,-8.61702589972369,0.319804721653108,-0.461723303033457,-0.132914306305545,6.9638172249717,-0.456054520677703,-1.6554101017212,0.43205563856448,1.64557561034237,-0.135950232937475,0.0792934936093287,-4.83584617385643,0.795030451230654,5.30780421985584
-1.77794110287191,0.0786274367321849,-3.95261686189207,0.338268517248674,0.347601006995479,-0.00267201132438821,3.18635308430792,0.675912517794929,-1.63311874535527,-1.0417295030638,-0.612863452916598,-3.39151378160058,-0.76844691652657,-3.83412670738101,-2.74631764137995,-17.9957037685119
-1.90781756902314,-0.423764128048221,-6.96342229686023,0.307635433834215,-0.281191264363114,-0.104472314343152,5.9956501280054,0.403710963555585,-1.56014257096588,-0.51782128082257,-0.461241040147004,-1.88357252739331,-0.413462952774536,-4.74702007460212,4.24777929372611,-8.52599818117535
-0.952594517607502,0.389047312377714,-0.843226333175052,0.0438599166698615,0.121967690115368,-0.00883950320655054,-0.78187978363564,0.24473403945845,-1.31058992569272,-0.908426069619738,0.315977694620748,-3.57259849534311,-0.863492614851672,-1.39731061827965,-10.9653596293295,-19.2970704687453
-1.63325953556899,0.52978632469704,-0.590719012628957,-0.0475918319957621,0.228876306964558,0.0921295858868692,-1.48836137405293,0.292713761472495,-1.54708064759165,-0.265567670780191,0.0755776938653688,-0.266699482815732,-0.0181669454182601,-0.610665809904653,-9.22949467879425,-13.5718895647205
-0.0230592301696275,0.544138031459979,1.1538294961229,0.23835601371711,0.772280425320206,0.228391559784899,-4.42655850555152,-0.092195906788192,-0.708950659609515,-0.847636791954832,-0.668059610057998,-3.46106160778234,-1.50268882317268,3.90451502680859,-8.06940574820375,-16.6871959839819
-1.19288542963499,-0.344672842821813,-0.993708409857324,0.263802197522452,0.666025499030669,0.0683598256994481,-1.88956359789522,-0.215671135597602,-1.0133243982709,-2.26943383065324,-0.297388574070095,0.711097461518742,0.277728694036369,0.527329373796614,-1.57391732266219,-7.50910863019741
-0.499157274926444,0.375448068278755,-5.33260000212082,0.590242897737421,0.181967818346708,-0.144214955488753,-3.92976010806572,-0.196046062155074,-0.697911602063746,-2.3255171504032,0.665013206430583,2.06225931986304,0.57033792392205,-2.27554136210987,-4.01737253760385,-9.82775830411983
0.510165363309123,0.0566094504478442,2.95180355650934,-0.136554557447432,-0.654966327368507,-0.0971562212976283,-3.59419391656917,-0.281475025874436,1.61784544938146,-3.28458812141521,-0.939968686201623,2.3420699753526,0.42809202838608,0.858560271438666,4.41194952248542,6.79780718343566
1.49809574617618,0.52332547687238,4.95164273860816,-0.110850673395942,0.0799157331912686,0.408292458989822,-3.83293939441054,-0.0808707871416938,-0.710690737338411,-2.81475079202714,-1.37706733365765,-0.18484464829264,-0.549351911970891,7.52320785580726,-9.9040282683516,1.39138125067301
-0.0970501087628382,0.580966597773305,3.53873684800955,-0.616552131793432,0.111146155994385,0.166340732778938,-0.186784966365936,-0.344664470888639,-0.469246916101407,0.240148447695623,0.99510212652584,1.95744674180853,0.638376151388028,3.31668490670686,-4.66698700989447,4.42254029964579
0.739638643956257,0.516030791842605,2.51290141115686,-0.263460496189217,-0.271246700314241,-0.102221724262088,5.25361270247415,-0.508178816893212,-0.09985595059271,1.71804942165518,-0.441510732324599,2.80297568099738,0.775397008800623,4.72421028609808,-0.362045216919875,10.028636979675
1.60318013156956,0.635340408398779,4.42428807600176,-0.314639384449837,0.286217712121351,0.013843756153022,-2.3781239156353,-0.045234904952919,-0.638717174421473,1.09666497313687,-0.0469966884793046,1.98571445136314,0.30499715994609,6.74829152064221,-10.3151608961994,0.331855606234604
1.66393748585744,0.760147483929877,3.36581512617493,-0.424894417459111,-0.366474934022906,0.0661014645216992,3.92322184472552,-0.549331610109783,-0.246275410400625,2.63992280513696,-1.57374833463073,1.68530662551378,0.449773487776952,6.67768007239266,-4.9412113002995,10.634523103784
-1.85218798441677,0.284361908878821,-2.46445289400094,0.112879455941046,0.335264569487349,0.0924740798391488,5.89495666859484,0.412327911274765,-1.17902341003051,-2.95865975533295,2.03394359212515,-3.83597426004093,-0.593274792941815,-3.01501886437536,6.06527455632079,1.92489973840295
-1.80351075113485,0.351976676308295,-7.34905173283866,0.582543777017809,-0.534920927443845,-0.105975150107591,-0.748721098149676,-0.0933625268240597,-1.36061318574344,-0.513953595002505,0.862763254012293,-3.67896529092628,-0.648163324081259,-2.37075955119281,-3.9006062900256,-13.8371639642779
-0.0219832602007491,0.480164226719011,-1.28083417272299,-0.0432015694632777,-0.263734242047202,-0.112741038395985,8.14444583512362,-0.0158101529053679,-1.37637789171119,-0.335838536489923,-0.255494894959382,-2.74276015839065,-0.843823514809708,-1.78519638712502,8.63867979864751,3.39793690072806
-2.48555405854276,-1.46274230140094,-9.37081406922753,0.181004185588143,-0.475547448175557,-0.0312857734826958,8.21707876096787,0.227385137212983,-1.05760566979595,0.441486045981136,0.370272070501542,-5.73261734156307,-0.974609544652026,-4.89080378364359,6.91216887695755,7.29665842114131
-0.418642791358732,-0.115268473676937,-9.15283143699827,0.421594885971685,-0.295219160032847,-0.0227337330706035,6.01998762612311,-0.257064255275194,-1.18302054022562,0.46806384852646,-0.13087325296106,-5.32736441435398,-0.507748026478047,-3.64873279764961,6.56179185612494,1.48978353730314
0.346032714197638,0.258664444643852,2.76626023056379,-0.124088719269822,-0.145471235621394,-0.0666869710829313,5.49032862390467,0.51073283489253,1.74944128661262,1.7447844880612,0.92392518471742,1.88432019514643,0.502639366544731,-1.65478523331656,6.03671927463282,11.1123998677404
-0.547018998096352,-1.91526221436938,-4.87258465150697,-0.0141008549280648,0.056584658200804,0.233267383517227,0.888557873124243,-0.234509927961607,1.59200111570409,1.62189371990819,2.67611396561068,1.69963357643378,0.665750210101635,-3.55895945231382,8.51377258084232,9.7166589232014
0.191935563858032,0.607368993409836,4.12276993638511,-0.700105358064148,0.430130803022302,0.348689339139774,-7.04188837784944,0.448977035545165,-0.137251481835858,-1.54490717593239,-0.482543690735163,-2.03159855146043,-0.608804582116927,3.51328942219849,-10.4553695268748,-8.59363136522407
0.483908463146377,0.347549294929796,3.02339294402888,-0.112447860310261,-0.264956243914315,-0.101812890224867,-7.72331989387006,0.0938436521051816,-0.0514253036601365,1.02742673532005,0.748026247759278,-2.98881110968995,-0.791786648059669,0.610392024566474,-4.72664629122493,-7.49683270370322
-0.603603689364926,-0.226236399071858,-2.28729475387467,0.108238738302771,0.332319166457193,-0.0400185992576123,1.36095438154806,-0.0892232301252377,-0.209423986692323,-0.164544396338404,1.36921412143366,-1.34561405417953,-0.16570219051609,-1.91188317165124,3.53906890003873,2.31518440543529
-0.115899025852124,0.171028090737517,-1.01448806975901,-0.203749816452622,-0.911919429024396,-0.11144726346822,-2.79094533651775,-0.418191003371329,-0.0302953801140019,1.77590318873587,-1.09090885186109,1.91181714874178,0.479773230730464,-1.01726765916302,-4.75782956561555,-2.83410407140185
0.202178774474195,0.564587440557334,-5.86435690054632,0.245525840741446,0.181528696720767,-0.141896801657966,0.65397956145495,-0.306153389873825,0.0424519818063969,-2.52503216698228,-0.118359674253531,0.271657835091745,-0.0107867216519083,-0.356039270422168,2.99376116035116,4.64725037955916
-0.514345139612572,0.30985462026438,-3.74452446894658,0.122413358484787,-0.183635798308108,-0.11535496078722,-0.817983748714764,-0.416730139916454,-0.541072787253479,-1.33064661161327,-0.668817763998596,-0.389544067760654,-0.178843317092864,-0.640282657151653,-4.4773652905133,-3.74767915204709
1.50292247598519,0.141542257280755,4.28937066025076,-0.212492746776938,0.39423793893084,0.23389338076813,-11.017041829315,0.208821631201425,1.53203141021053,-0.85002416507641,-0.760680460837172,-1.34549223003868,-0.039345981612813,3.51663777001116,-0.384928255921783,0.458172281631143
1.35152690202927,0.641262892846934,3.51348303335756,-0.157706634283575,0.0246748113964586,-0.151299241463753,-1.95937132571088,-0.311531441540383,-0.903681141203909,1.01131406900681,-1.52573706648137,-1.76554006792785,-1.04645500722363,4.72935893963985,-10.2549291232631,-10.4540732369306
0.47195842704213,0.519125273486058,3.22859720479551,-0.139339472520149,0.325828056869176,-0.105852106505713,-5.38862708586902,0.721119763231025,-0.302553337755753,-2.66757657679455,-0.827720250831911,-4.80916876164495,-1.05485723362145,3.05685242504787,-3.04742523417184,-6.7107137583042
1.32538040239624,0.600114623106733,4.00199072555023,-0.114256408781082,0.36011510391124,-0.139885379418538,-6.91689020431741,0.761059223930106,-0.578174691148317,-1.53616492563046,-1.05203657291475,-5.20122023426086,-1.44054110296804,7.85833117601256,-12.4993566829324,-12.4365667668346
2.22255558206727,0.672052628214876,3.34495757414643,-0.31496046832527,-0.320404855181966,-0.0957320060361629,-2.92931030447591,0.309398942843157,1.98292094395168,2.36541047065438,-1.45634713658938,-0.0864331419987237,-0.0654310419164812,2.79836163382816,-2.35364045083488,9.29260711249874
0.200977164533456,0.0360231951425793,3.42955978982541,-0.508557615876393,-0.277303585441857,-0.0042140796094595,-3.81946114293221,0.0689184823394929,0.900835206076841,1.33019701828883,0.717122544118813,2.38937570574398,0.733254125843974,-1.07354764012507,1.98273671811808,4.76690130722352
2.85959499246228,0.421768539922515,5.23090737918091,0.0632450636907868,0.0553844005696587,-0.0914715051142129,1.68048795024122,0.135810819427417,0.683021428264761,1.87678375294142,-0.135853641495416,0.799171425788793,0.218721556482535,2.84934422165346,-1.97135209943399,7.03318695550106
-0.17041574093082,-0.667060857993157,0.272969035313868,0.000557238496102058,-0.200581285437456,-0.0435347656600525,-5.36232750516301,-0.280373139552618,2.19247106235436,-0.88821915808578,0.704360568719123,1.97572731150644,0.556331167606337,-2.36316699054579,6.61590451192124,6.33410587222858
-0.938032421753038,-2.28520327841472,-5.94553294052727,0.0410099000564077,-1.45418268429704,-0.0358040811468942,2.6460698680926,-0.423145788038233,1.17397942305401,-0.234593182463732,-0.0218346160025068,2.27864526301586,0.778196774084101,-4.13372808426703,6.79900018030372,8.22513513985134
-0.761877977715245,-0.701784599424292,0.31593055909245,-0.00843638768791995,-0.0666256601262968,0.00613790739564387,-6.62132760093913,-0.0135798942819217,1.26068046822622,-3.00565261477703,0.891840701903705,1.71543257141326,0.44953778330482,-2.10551607168062,2.20833654924447,1.95577507866873
0.966066654570495,-0.123011480354466,4.70988060792357,-0.283546557737801,-0.265426671650005,0.200409263758014,3.54951105776009,0.51787591257551,2.50967028884466,1.56575310889717,-0.924923648038477,1.05854781854021,0.17395647998147,3.11695523070563,1.88645746523962,10.8453906849365
0.395173329430688,-0.276013556718053,3.45051876975594,-0.465908816888285,-0.558400713397292,-0.0863278550190365,5.81674568853086,-0.508689415821484,2.8036789779423,1.0600614372975,-0.981433966254296,2.63798845917218,0.70480623135868,0.350642000464903,3.71989728640372,12.5607068367567
0.0678092143866504,0.596226974356798,2.51508044973136,-0.0252378171959036,0.707132598078221,-0.0492540415766212,-4.06646089529334,-0.147147664297877,-0.875694957654392,-1.19520848378589,-0.650898822952341,-1.18748541269538,-0.403190121606027,1.96141660545901,-3.36415895886087,-6.16800387587619
