"degree_sd","centralization_degree","bridges_ratio","assortativity","rosval_mean","orientation_entropy","d_value","c5","c7","c9","c10","c11","c12","c14","c15","c16"
21.4801807404815,0.464561015427386,299.532290317853,219.753253374559,-2047.67048876049,1267.06538803366,-952.971283763447,2089.06761040675,927.676319130218,45.8648993670932,492.128802844276,5517.5987896299,-1273.82223160376,-2812.61656107762,6265.10364715054,-972.582035892076
17.580433383312,637.171620647393,711.466265974914,154.236311981711,-617.230415496258,2824.44928949623,6835.41986570334,3061.93058425135,57.7615496014437,13.0696204906298,1332.19289032449,6035.09422045553,-1242.18255785428,-1749.42055981184,-12337.2751691352,6011.96768641174
11.269230328091,495.599929534011,834.886040765209,-94.4609035257026,-348.92161455395,3430.41720874324,8949.23051742194,1572.85052813615,1272.49728309403,-9.53875196149359,1098.62743453299,10440.5399812573,-1375.8690716246,1829.88029861457,-24657.8990179949,13364.2251266209
13.590222406802,-239.478823872721,4460.94324196602,-171.34240615113,-1026.32682445243,973.04395606742,5598.92033991372,389.518543603223,786.764353307292,-173.046659605662,181.5308985621,4799.14992153574,95.5985931730419,-4115.42655030419,3959.27645947227,2488.82302297292
11.423671637745,634.665161482697,-2991.82489956872,598.714108670477,325.965880104475,133.461772049873,7058.48052988249,1420.70137261334,641.906262762528,22.5985827589615,736.138566645165,4453.66721158781,-1180.15119901869,5881.27338091035,-7370.59516881034,2149.27066178945
9.9848283383479,533.957682692938,-2427.91003624246,222.346838430688,850.704479641743,4943.90812940794,4877.90343360213,3998.7132542348,600.534769932592,57.1543081648844,530.056337018391,3340.67354383568,-980.468826947353,9747.92780133444,-24740.3853518449,7086.54603817113
-14.5427070354908,254.256990608422,-1937.96683225571,49.6477401214093,1241.48804579881,-1396.11443296511,-1394.46042130239,-6302.17870434004,-1445.36156764801,-229.679461100591,-1059.05474646993,-5728.32470490853,1655.30870400902,777.410410287173,1185.78217580397,-6263.64993637672
-1.81458112414561,-350.782578878596,280.891618000492,-331.552104412864,-2041.68472163293,-799.628900679547,-10103.6252653236,235.440379406449,-1375.07041272205,-94.5691269338712,-615.264838143603,-3969.51189539038,203.18015169802,-6632.44402533128,17730.8881256839,-5863.93105440036
17.8112342818041,-1866.23864389972,6315.85076729887,-843.147107330768,-905.10722640125,-1383.44472624283,-860.07415713454,1286.30253309886,92.4325618849124,-131.541769754022,-1000.95011887495,-5143.93581096308,-1187.25013982259,-8861.35109533665,13187.7233318308,-2871.13729549469
12.641200735894,-657.443713949828,1315.2109518795,-175.499220545994,-2294.61617102263,-202.060935444652,3168.60677905939,-1248.97496064306,2306.48681009503,-60.5453291928863,759.938747342645,3816.58328938584,-561.869370434763,-5244.95175536646,1346.18298326067,-890.648427850212
-9.90405278905318,-273.298832699809,-2787.05121072454,162.382398405706,-1933.64953074826,-561.930966505251,2989.21950935673,-3904.92174487907,230.245963705192,-294.194834704223,303.152059835359,-926.321280506787,-210.37354585634,-5548.19376876926,5802.86035310131,-469.309020577722
-10.0250933543275,461.519210810717,-4284.58848610768,355.013278660034,-1131.49452712612,-770.488853280162,8612.91904554263,-5340.30727013201,1757.36285665488,-239.725418517905,742.459131720599,1620.29392290742,-1043.05227045593,2241.14772719904,418.160186753926,-174.234895076736
13.5722055713053,-605.358241663757,144.195012830073,-63.7543418924898,-2013.77036350219,-463.114155553388,1571.91459207743,-3589.15023325014,1784.89629861593,327.803279840735,683.251192069275,6911.15636066635,-805.763466788056,-4414.58460564623,13148.8158463487,-5059.40480119432
-2.19586729230904,-164.979777136019,4113.547191134,-436.961528230086,-126.377761940942,-1128.29684488956,-4880.2544521364,-679.064140927131,-550.167848942999,398.37724024936,453.992471209707,1608.48847621006,-960.444568238905,-4238.1503447815,16132.257190072,-6236.87200003323
-13.5149347615891,494.508944932858,-5051.21837186623,254.2764269108,-1144.37625526223,-871.266531504238,9729.39765491245,175.080981581095,1225.17467675064,-274.674115402571,567.040085129204,520.098130403544,-1210.96303981056,1026.2931236388,-8740.04042399309,11233.7170278594
5.19867103527215,741.308539393212,-1834.70101407337,278.193285780883,2617.58707331044,-870.394783466015,6780.15222711704,4830.82402522171,7.82893960135159,17.6975248966456,502.637185104448,-671.890477030787,1150.4394743546,7545.46078146406,-21257.5656343577,15579.1447604315
-18.427837283519,754.110483241412,-3376.61902223193,256.427202530472,215.830080601146,1773.91631481516,-3138.47454618039,3689.3395678416,100.75358429271,304.946910593846,340.055443288537,1121.06166917174,245.411994470567,2893.41350644264,-1095.2180413327,509.971685283488
-21.1128855066774,645.848794470881,-3971.0905309388,690.065475788567,750.73985608519,-213.653246005694,1391.86079384067,1833.56581821008,-216.770921358813,147.985209366453,-284.649270918137,-3554.22676189671,1689.50534151536,4358.15468807301,-10021.9515844565,199.885072323478
6.334166016987,-259.613569245959,-29.5834262994427,-93.8385934778041,-2214.76100784168,-1308.77609309822,1167.94701653163,3111.08885495876,690.86848404407,281.446670408582,1259.12849371961,5068.15258141362,112.335383678404,-6072.14782267689,-1080.99933444533,4329.65942209827
15.580793032751,-4648.84388615589,9340.37471777522,-901.516264097657,-3067.25320632375,176.331979102773,-1304.77194896219,-4162.95141433063,289.316057709226,-52.2997307036356,1165.32652570043,4541.47808672141,-256.901100335227,-9068.35675359763,16216.4503602432,-6126.57798331868
3.32145582947688,421.851532034164,-374.045733740531,43.8034531134366,1140.7224511441,-190.195375009083,2489.17261866332,3344.14608815765,137.565392216471,-150.383807677412,304.096849783406,-2701.85588765698,1934.4460106479,158.409792016477,-14973.5596937791,10041.0873271951
15.0051612710616,-679.109228718708,3633.19591151056,-666.952072388421,-352.389220725286,-1187.12517687529,5460.55750797905,623.405872435503,-1084.77565482029,-213.855277979749,768.182559611255,1150.4564724551,-1371.11056852013,-3630.61647568693,-3052.99913766382,3139.92617099332
3.93569007015617,695.855909592073,-547.53373210826,42.1637483022834,-1573.43359803929,519.323866157698,1460.81948537868,2049.95687842606,-441.811438179306,155.460235758797,986.839852861749,4857.51574889985,-1261.857803388,105.495058692129,-5840.17029424293,-229.9192146628
8.65250237939881,511.465071727162,-2627.58783136965,408.844452189246,-594.123422123127,1044.77984901304,3064.84598558055,-4463.42518111826,-44.2131104846502,281.059643472055,54.9504186265568,623.951846447147,-169.183622404174,5320.35415753428,6372.68471429614,-4626.08636937513
10.9412501801533,218.430536298205,-1014.8877065525,188.202984829282,304.963313062455,-268.721054549103,5769.50934387302,794.324874463251,-462.904010017019,76.8829952829106,18.2391996821748,3225.13027900242,-835.070950007456,5381.17747484496,-12950.361524598,3339.62699719037
8.46697871921628,-2190.85001873761,5774.6376767848,-501.065584001678,-2685.73401157557,-561.9788486565,-15031.6102840381,4082.01553432232,-1213.78366541001,-193.553623745936,-946.886922548019,2790.61116305918,-1288.71218187994,-9211.76287365446,21794.3061275626,-6876.86106595925
-3.95401334112358,338.742048532717,-978.254995587397,117.016040553707,1576.14672122127,-1006.05773109561,-1065.94588504615,4282.79793665031,-917.623554417556,-31.7349828187456,-181.960983184595,-2689.20209344913,-656.672545711708,2682.06718167397,905.033077731458,-464.49955965318
-2.70513305893809,267.868846860326,-2438.22853382446,207.85536362608,-1426.39759451307,548.121713301879,-5937.12256112656,-4940.28784837333,-978.871872967604,-193.783228426263,-537.206932390735,-3115.17687927844,-605.579242130968,-59.3532482105228,18268.4241952944,-8542.27876113215
-18.5909380150263,867.218136328262,-3552.27781074889,158.428581241232,508.771664866069,-132.463786649761,-6830.16150735512,1956.36752310894,-1786.48332649389,-214.888537034784,-878.474809896417,-5303.51789571369,-981.022954143583,8960.6253993962,3735.94489756406,-7513.73925949724
18.9939758090015,-1.11695121735211,-681.667051237744,310.923815377114,-1484.26764969389,3346.96939955156,-1908.62412350967,-11191.4186425469,-1329.83054104202,-112.825127541728,-923.474698803847,-4932.54079721329,-119.573808588755,-2159.44226771171,9033.30292689427,-6914.47734213089
2.22294396145974,-706.592035704289,-3551.51092597056,560.616105490948,-3409.36563874395,-552.175879996399,-7187.00568570874,-10454.0376066473,-1055.8165569389,317.304871461616,-657.996501064256,1075.95628572417,-1155.78240163502,-2352.37683778484,15169.7167621462,-8439.50554865936
-4.24726625246861,-1406.43760018685,-1811.79517557408,220.227069771689,-2312.44654733579,4159.19075445877,-1226.67649446773,-10355.2491692578,-675.821656714973,73.8673111286689,-122.644016065485,1025.7870923257,-114.300274598401,-4322.84031615706,10492.9861436871,-7501.31375140544
-0.0551457546355279,742.906221087212,-864.642451631698,-60.4968147416863,3167.2642813959,-1437.90640116023,1670.66002293082,5595.2382727974,-152.789536734883,125.883010366777,96.4324693094494,-940.372534671336,612.767077073896,7754.1991534396,-18180.6386502906,11150.8657540543
-2.94400561161828,659.481953048492,1135.30977315073,-91.1212316790415,625.091363576259,-281.744452298958,1000.15015999598,2043.46376002686,-331.222283939448,300.080716753904,534.593255927376,-1648.81354757719,2347.3285453893,598.54785627023,-5605.87660974803,2691.70585376267
-10.1037169473372,592.69145343733,-4063.18979946023,463.774549540901,366.964821143845,1499.2764743106,8772.06062733936,-747.981386926715,-466.837766513601,-176.226588539886,83.9387478600707,-254.52651558737,-351.826911415057,3083.80661700807,-13996.0498867079,5800.17455233722
-13.4482555098204,531.183888639728,-3119.78639655672,38.016784681428,561.61106663117,-476.585811213334,-5673.47006890708,1487.32482107395,-873.527418908821,-7.32028648614264,-1012.22411129601,-5339.15286508745,-725.71117735742,3991.32004415675,6888.44153019544,-7409.46463681673
-1.42626058373855,426.507788331816,-123.43466967196,-256.668871071662,-916.263233232262,-490.413577624857,-1863.22974038463,1526.56079550917,-28.9425949219248,52.7378413949228,-246.874052021111,18.3943448904146,-462.88785965019,-3460.7544783407,7691.6015945627,-868.957439774482
-15.3270012265908,489.966161307974,-4227.6069956085,254.2938379393,859.368253606964,-606.526062756205,-6458.03198565633,2613.02272016726,-1140.84864641684,-45.7791544031879,-627.655497187795,-3700.96387758428,1054.46000461367,-1899.90181252502,1835.39784413842,-4676.10800730086
1.63151365647299,-27.1157073491828,-1879.94370660209,251.640348914883,-778.295026218604,-627.47410941843,2445.48626714147,-4127.10143720649,-106.371057208078,-287.385564610289,-386.014204346517,-1017.41837982475,-1220.7861388978,-2137.54167350581,6057.95205306294,-5015.32722407165
-6.10568664764384,276.555700461479,-1688.65336351847,53.669781331086,-685.259370829479,-1043.63810847025,7076.43556781398,3203.97258829938,1539.14408059137,-272.971868639468,875.341807997696,3819.41877904614,-745.990983768013,1088.96028745178,-10156.185655052,8125.12710403003
-14.2360956801937,536.661587881617,-5030.44931955277,455.111127423782,1785.71421093352,-1340.6729148886,8719.80982821884,476.622607442014,-332.110130381935,-158.410834339212,517.31229005525,-1243.49861924644,-343.636914362729,12289.0340437567,-17300.372564931,6051.94708119768
-11.5709988897274,257.619775241179,-3309.90127534497,457.032815079285,1601.02607643078,-868.209635423093,6289.71734174647,-3827.39937563644,32.362762382546,-81.2093856485052,316.519114183093,-1511.02137080648,1195.43363421644,5533.5948879811,-249.637041487799,-2069.06412276693
-37.0093446070192,595.623139805333,-5247.56596231376,265.814562710749,1624.37962896718,664.78414864835,1194.13022839677,-1257.67389997697,32.7965298062837,-59.5593011410952,-695.597773843321,-3533.39308306059,-479.11308303007,9939.92835856124,-764.462617851207,-6871.601805598
-6.66937035209971,103.79664588562,-3437.70265670603,683.12004374305,-1217.89889038475,180.204762129479,3948.87254828904,-6823.36248748603,-108.189921384501,-131.321747982693,-156.026665126792,-303.811151826792,427.558093571249,586.464620446577,1800.3615211343,-3304.47269962217
5.19108368846913,580.238824967208,-1547.70405353933,250.886841683104,-283.130634851009,-937.328309001884,3642.02708949924,2834.76908894347,2455.05936367643,-138.554489946255,19.3672571727579,-2454.04960952034,1184.50705227999,1220.65475376107,-873.448602631475,3319.77478431439
3.63243090091994,-2829.4941638453,2195.07861366726,147.332260421289,-3499.02740996485,-279.892737162396,-10782.7580260121,-7576.16185801453,-1708.71354479281,-50.7926130677274,-1090.37702288703,1989.59674495032,-1533.43193205418,-6053.61266619579,17595.1835015649,-8111.95498226767
-1.97523700971722,-275.018886318555,10843.0339870913,-570.351584400768,-1702.58656409014,681.849935001566,-5045.9713147566,-4855.71171989202,-1870.45910627551,-281.871678877466,-1177.54829499198,-6578.96476277948,-1395.76580398451,-6671.91100318723,15736.189635186,-7143.58780620696
9.24222043182026,304.969119674891,679.45790277558,-120.477418446942,-982.050009106013,3533.21188194558,-9112.08189324508,1871.04596718633,-1002.8039163927,402.892178765735,-625.581266516307,-1547.54433033896,547.11355422932,-913.386755079814,1635.6911823425,-5723.06240335462
0.379961001574707,391.01496154018,-2308.90990864374,-10.6580333000195,179.585600020781,-996.806196938573,6126.65681380639,2719.67050884374,-766.378545307123,-197.092812740154,-165.22695489226,-3505.0596012137,719.791330376362,1783.87715080503,-9113.75661483781,7819.5286567029
-10.0725549898851,872.043087497492,-2842.62732706123,340.221028296426,1835.83592689318,1113.08215379541,1535.01856305866,52.0745964697655,-1292.86349196902,-47.8499032190004,-813.269300194289,-4564.45258350848,766.365410950837,4668.68290293515,-13974.0327762368,-2200.53878117368
-5.90086749955425,-16.1494734395174,5634.17795379872,-653.007420911701,-1189.34291426945,-1131.31816894646,-8103.29002886655,2698.13623026359,-21.2232430989371,192.463580543125,336.56167949557,4621.75649875204,510.95959429431,-5445.45937759903,14915.5216636599,-2039.95968495971
7.11720605770638,447.530510549479,3575.18546100841,-174.771423381044,4616.83460350679,-1133.26062781683,-5164.87208410017,4502.77272761196,-1381.74561983357,-210.062656375825,-481.431433890119,-4561.73229352124,637.488555033453,-1279.9776450326,6158.48883639554,5840.83168390287
1.4526474824887,-631.486007824457,2190.72507734979,-391.304634828324,-1794.77551658195,-1200.49549645172,-13053.9909311723,5386.37893464821,-126.405735763209,-81.4227919291372,333.702036468399,1906.01700500406,1052.80382310842,-6993.20269878374,20398.7147336634,-3918.48532990618
-3.32250586285582,758.918498492803,1705.91729129316,-169.824818315171,750.939980970932,-246.315065589943,-6581.38945614636,5005.56999089659,-287.060020510645,-121.143415544884,452.179624077499,-1014.38620998262,2433.99096847313,-1601.88137592015,8703.31489383168,3091.16177071731
-25.2326860744056,856.086294964378,-4415.12956103271,308.249600792509,2062.88327573251,-994.476098130005,6031.95883502802,1142.88343831578,53.9567378273046,30.8740835806812,-25.6207141464845,-3971.70165899909,2192.34025314895,11376.981274261,-13043.210402388,2805.81056743672
7.24138279824692,-430.097033492511,-929.477804276737,211.954487776238,-2207.99172048064,-656.538137251508,-4823.69610306178,-1522.43483953049,79.9825994029629,319.454571368407,69.8356817459,-922.814123378936,-845.555084601024,-4537.98307610963,12970.5752803013,-4820.01824284575
-3.14507739893546,-2024.53372500915,5915.1767255054,-373.104602533214,-2689.54637326595,-539.917289925039,-6551.59575608652,-6022.90605626322,-622.157617605745,67.4993119206187,-363.71495995931,-2278.3526129401,-595.360827884498,-6555.49819385644,22961.8216867976,-9028.23081812852
6.37258838558766,-475.470145277749,6389.31726281496,-715.155865348803,-710.755873491239,-966.74463652325,-5706.24738260972,1157.40515337962,2267.09583429451,-207.046949190414,-740.566917543381,-354.176039728714,-1180.39844878615,-4547.88620406756,14191.4154306214,-5983.17762563634
-10.2690243212015,-465.126402111937,-2335.35511001267,47.7832298498005,-2124.45816350307,-967.451827296448,-9542.6136973455,-946.353833800128,-818.792141646411,199.269985459512,-837.391834217365,1597.20098616203,-1179.72957765115,-3080.67066049508,10099.8816195399,-8290.97165367166
32.2104196158666,-314.920509857113,10458.825569907,-925.215779540428,3096.5957786963,-1173.66861167104,-3209.07884396132,6523.18419380458,-218.128621108261,48.810003274619,52.9310776881722,5634.37581646978,-397.092171890207,-7144.06790165409,-11915.0662936928,4567.11925055772
16.1585323318698,-358.165629444757,8789.14966537366,-982.417000152607,1487.58197721336,-1419.07387927661,-8157.92156655389,6674.70836830594,-282.83219449592,369.284654660554,449.643913011983,5912.44005883939,59.1951054817381,-7991.95264327593,2139.67499382783,-4001.79677673636
24.813478468281,90.7297171887441,4240.93032978212,-542.794742135789,424.722188259906,-21.2578893145909,-3396.15084704772,6628.48977934383,693.375709029187,-130.054831707384,813.588326303236,1220.20212957359,1602.06663203706,-6472.65865069639,-4546.08948134367,14119.8427172093
26.513536204959,-491.64075940046,7151.61463450735,-739.296845465078,193.892642056028,-1113.62969212165,-6884.08608362992,6346.04804092779,342.9362928004,-96.4580970525301,912.816601049846,1506.57402620388,879.206600290452,-7801.41860377279,7737.74595035385,6596.29820997039
13.3496132568706,449.103630527993,881.324638200663,-410.599508543597,796.188826640183,-112.226025560559,930.83449353969,5144.59758302797,599.381481190534,93.8514014857097,1091.27223632509,753.491051709323,1673.10288479696,-2658.26079825946,-19478.3100602842,14646.483358778
22.8591832498255,610.020283336731,828.842087987707,51.5794344542094,908.553152808856,992.504757159326,2137.17724906986,6288.15188041887,194.408443942143,13.8638166278175,805.862886692129,-419.220254426844,153.296150337847,-1193.99610693948,-15894.0839383495,10862.2505853334
0.226203986912377,644.455035528525,-1255.08285726358,125.82416194721,1790.74835431015,2465.0548647479,5083.98821834222,2844.66056625812,541.461084851433,-150.573101622199,-12.6341577780908,-409.831462564772,1587.17431178822,6804.42691743732,-12324.4645821016,12298.5147737198
16.6438455712599,-412.56028389168,986.91292174689,-693.068580004453,-170.197287445716,716.889592633713,2149.55935589812,3950.25209344651,1481.35650649902,-295.870042674491,-298.307114985903,1638.43385113934,-325.925389469625,640.682234113108,-3803.15974317747,5641.86363713545
7.03674943197096,425.333254131182,5469.37446776868,-518.191466523715,1711.0366964541,-1567.53813414579,4684.33495804434,2717.04273265775,1526.78037877985,-163.834384766918,537.394808152014,5911.35743249698,-941.983868352991,-4221.93850235429,-8203.92922004492,7612.7473003378
-7.05578560188411,65.1479547143834,-2947.54273784389,322.443893607115,-184.971977573078,-1045.26801523946,4365.43696461001,-6433.55928197394,2147.2133824754,-213.658997394534,-505.906668882783,-3322.74782989111,-1078.14973251573,1412.98816435876,7143.27806324308,-4934.8852531615
-20.887666640248,614.764789400548,-5129.81598433901,344.808361273112,3643.3568645762,4391.59003536532,4307.67431325407,2765.31842510547,1827.2750208558,-261.424106122668,-852.667123992677,-5500.64401292695,71.1851124385229,12712.7449629218,-16371.6753430947,-1377.48874036822
1.52328082138249,678.148858361929,-3297.41641017082,506.608842718098,828.603704866379,1796.99783618235,709.094718511732,2050.88452645863,-131.457319430565,484.837929702092,-110.469530837573,-117.182177826119,-874.661674807081,5547.56796591857,-7962.8230131221,-2630.1573014671
-10.1089857249203,595.643310653716,-2449.74235489741,279.130883195466,1583.86132984331,-1108.65850541775,-5964.86449315129,400.296188701777,-1107.06956671042,399.13033802151,-1028.07276275851,-3137.78283005565,-1274.38453247346,7757.1176594463,-1788.42301188165,-7076.91301475887
-22.2702127554024,746.250278576949,-4442.50188427958,618.19195050886,2486.59069777408,154.029192794736,2925.81442012776,2606.3675348145,-710.422344670371,246.459141433206,-666.549486651121,-2377.08063799591,-913.659803976155,11440.670973035,-16895.3919991894,-72.4850100739718
-23.1656861751651,894.302458788023,-3438.24363573136,239.035151675097,2295.0211898617,714.313783498555,-4646.0878756962,997.963477918172,-1724.52176894512,-99.4946431856849,-1100.65158204733,-5829.83579258521,-786.947594790542,11367.2001700026,-7823.93030251877,-8066.85633069136
25.8151741775055,328.730042883078,2538.83294800265,4.46429182665181,-1265.05247781299,989.49752550134,-6872.54208945848,4680.30855346179,1935.72749211199,198.621792206465,1089.57706419921,4012.26495232711,1791.65386957585,-5273.56035330731,9233.16502990319,-1280.89289768253
25.0487341859753,397.75902645703,7145.37125440854,-1019.73770870268,5227.80760189977,-1178.92632453972,246.549181596165,5107.38336958243,311.771344179341,33.5732231626783,825.548263053729,9443.63814289513,1683.16127101682,-4418.41036627307,-8119.19701213509,9709.46235140504
0.327010189228387,558.780660804927,1233.10632400144,-44.8769413052058,861.482931259361,-1228.40103420123,-9753.40031340623,5363.21177045817,214.777658159896,339.76684439715,-68.7126041000214,-2420.1912339753,1270.39009332749,-3211.35459889985,13405.82705652,-2698.52628183431
34.6235628838276,-1723.35702081511,9600.30118821321,-792.075139654943,1920.01722922957,-341.514015848706,-9555.01141897527,4221.81008385225,-282.057171315505,367.251855537557,483.211219663054,591.648553118962,2670.98178830384,-8425.32513706543,10809.0928166005,-5218.41749895806
5.87453622781801,-144.617882812296,9114.5442741111,-674.322002668669,1455.5401189452,-273.514356869201,-7607.04430460374,4362.48676497201,-314.340411842287,-69.4580466838114,161.253858193313,-2244.52725113004,2464.93077006595,-6797.66008611013,8609.88061955073,-1450.96896447453
-4.7860993237244,306.918647856286,-2649.34182790715,224.253157639917,-1351.25903014029,-702.093407321566,-6143.12069618394,-6846.47103138158,-1125.84577950477,365.154406483213,-307.122538309564,-580.477095655786,-859.014518444862,-2631.50570230569,10659.3659749149,-7968.76790281719
7.67388983403697,-2253.75719338538,4928.1971881223,-560.361544532275,-3531.38402677356,2494.52594966082,-1146.5763973806,-6462.11907090419,-1057.57927572374,369.417225274771,-323.008884698048,9735.29110278552,-784.69096326146,-6305.18955268693,12766.3227575058,-7326.59342725554
-2.76503438592408,724.571991897265,-4196.03851900732,392.444413286947,415.995606904759,3770.637346997,8322.43557744431,646.968213575161,1004.07395550161,-107.631297608471,324.209993668335,-506.874339274066,932.90099114707,6233.30033765961,-16038.642279417,6359.42268414145
-6.76933116704067,412.40266697676,-3092.13989789734,248.194062698133,-587.28119342784,-1089.56886356784,9069.100754901,235.009066023509,-673.235368352085,-213.062450376235,807.489478431209,-2458.76386950632,1381.90403427084,1148.68571650331,-7301.93308255464,5542.45131403418
8.30614965902303,-264.884927583345,2140.24894866319,-177.709474052959,-635.922418639549,-440.322602878518,-1917.88524359032,737.984502004515,93.5492642253478,138.267644254649,544.578710261102,-289.905459659159,604.194315507074,-3250.26921732589,5787.65005206252,-2240.4107402371
1.53826206251375,205.193447478557,976.76883935901,181.206572927628,2707.22017540479,-1196.21152783105,3198.56653498021,120.67933446301,-1163.93284661161,-225.135093968923,-722.732622628925,-3670.16469113758,-897.338354743014,-1609.90209080576,-7393.94747149041,1910.21888406216
-2.8047583820424,667.127123017378,6051.58348555978,-335.518045510616,1854.41399706697,-1517.81738791026,-601.374691652026,-74.5504258754502,1653.25226134147,174.136855789136,-426.853422228852,-1850.46452072086,-120.282127902459,-482.381334569069,5509.66564018948,-3301.50429280311
7.00699656549839,365.900585116746,3620.57599105828,-21.2176181470909,259.914966929195,-1252.12759168427,560.935767011245,2027.46687706384,846.186177959845,-114.286103653563,-425.299875639687,-2505.04965923504,146.669921341984,-1073.53585037303,-7366.69602593451,2210.41412497859
-20.9072427264828,166.012399314477,-4395.80480790342,334.134200663474,-551.554522431306,2515.72313368255,12904.260649658,-6144.86181983267,552.175687424132,-294.329974545995,-396.455352895855,-573.163942775933,621.223167800966,5931.0163036124,-681.801153754872,-439.366730355193
-18.7575919376629,746.982446152429,-3613.88629106873,338.413286349674,2988.82176134061,-1640.77158739742,2234.50366972637,3545.3331059634,-660.216383918878,-200.057673479044,-491.588830506144,-5477.71274467651,821.1166472909,7817.61366038329,-17784.7558407665,7830.1937610346
-6.66182961657717,622.001823731205,-3146.49867453263,325.895335754919,636.260746988333,-1120.51453004667,6574.68306019916,1359.88880042504,1743.40786261045,-107.590393486461,247.354597628912,-1333.99037443019,2232.40591920874,5556.77786455595,-3182.54043546335,5208.46143149876
-18.4533126177233,706.213705846491,-4033.84950448588,353.518785762008,4036.64732054952,-1497.06632675699,8226.87942297881,2362.74987771526,1002.97903778032,-157.06698522106,-0.228061149041034,-4610.4528369103,2414.85202085143,13409.4140219029,-20045.0611039193,9402.72892807806
-30.8994010846453,787.248150011502,-3424.58258073388,167.074922436239,1044.70601921531,-1033.19684215785,3396.62327240273,-7947.03260497332,-1544.13271852896,-214.874565764315,-1077.6676045675,-5717.25052051052,38.9780913602655,4679.77205296898,-4095.1627059605,-7036.62146574608
-2.8724165608573,48.910411361469,-3558.3895782623,423.681205348515,-1625.32132513812,-41.2389766581745,4399.04562945767,-3591.4075570371,-875.222255014417,-6.03921053626352,217.768150436228,-737.850985086708,-1120.15048434931,-1667.53436037049,3926.20381551539,-3798.84321099227
-39.8487590417919,500.060921503336,-5402.91182370273,90.7441152041918,-604.1963192375,-978.575875072689,-2107.79634090858,-2721.19263392712,-1234.36625410496,344.944901205226,-628.120670594785,-494.300320571475,-387.945230256649,5008.46162107574,-2321.6798410855,-5555.20051918639
2.38411854145883,-788.442329681538,-313.39590976653,184.657075549308,-2641.58126743032,-476.430889644342,6223.57560603716,-8832.28605228537,577.425808707657,-160.841385183205,218.046310064062,4732.89667940461,-918.131999355761,-4144.96850342851,10313.6388259228,-4853.7886970543
12.9459361446409,-2673.69601809153,5947.33160663006,-487.682146628523,-2657.61914787823,-379.363525010691,-3246.30879858169,-4693.23175389897,141.352903201196,136.712838447073,-288.160235110309,4634.83611662747,-1076.25516520833,-6839.14253470418,11907.893798478,-6546.04009952997
10.690056257237,-829.391808525377,-194.041481526522,95.9214425297258,-3016.19012185735,64.070199420725,8120.63676156013,-4979.97621160951,1978.30558367571,-163.551104423399,1127.79654498612,10115.1736655262,-766.504147121457,-3754.38231093483,2895.69977814612,-947.005481638498
-13.2931718243487,-146.438992760193,-4567.3191982015,473.933900726845,16.5932351253713,2162.50210009551,-3839.60516827427,-9895.19699962205,-1000.64215812367,40.3570982285425,-1014.91292408734,-4889.39130063145,-463.818360964654,5203.67386881212,2864.7399591719,-7562.7198215667
-5.68676786230463,-308.546213191996,-3494.02376147736,334.514552152018,-709.616725650888,-899.360573043142,-6749.69508539861,-11018.6086060519,-697.223560130036,73.6082308690933,-1039.04568261039,-4213.88979650438,-1244.20119728661,1257.02531018943,9453.79869395044,-9623.46230120163
-0.871995136426369,689.357337590669,-2554.0141373177,128.325171597737,144.755897079752,-543.428722764869,4772.25792367742,3426.84121536368,782.858989384466,103.272270403136,-167.846141246635,302.513142343003,559.273565348048,3059.75807664949,-6480.04974532001,4709.42847772721
