"centralization_degree","bridges_ratio","moran_i_degree","rosval_mean","orientation_entropy","d_value","c2","c5","c10","c11","c13","c14","c15","c16"
0.000235591949797042,-0.0013221251016819,0.00162815450375077,-0.0141007745546726,-0.00744911827115167,0.019676155571406,-0.00198303912114985,-0.025186543717647,-0.00728281717770276,-0.0107146005463889,0.0229246551165494,-0.0139336649506788,-0.0132624590217416,0.000674224643633544
0.00603805442046819,-0.00339470808488904,-0.00105462733822073,-0.00414693756588053,-0.0166796553319003,-0.0854873472835246,0.00448357735495182,-0.0408791036825211,-0.0200356966824893,-0.0116419070731598,0.0254763982433695,-0.00966737653519548,0.0246290247203695,-0.00508581427987857
0.00454505518343359,-0.00408688995363062,0.00228370753897212,-0.00266342914882927,-0.0202721111831649,-0.118690021671969,-0.00171261402766151,-0.0232234946732517,-0.016598045849132,-0.0200236252875933,0.0194903828107238,0.00993622390552365,0.0500438579468834,-0.0110824412515045
-0.00225463448743937,-0.0226774556917656,0.00259967582242871,-0.00736203757640873,-0.00572100008317554,-0.0727067092370315,0.00255886042323619,-0.00489764174467256,-0.00272688164578403,-0.00916777680906445,0.0117875518812408,-0.0264081169588756,-0.00712114486545759,-0.00199556303233301
0.00583951790787906,0.0158207460799882,-4.21039714528775e-05,0.00216572495777311,-0.000731269395806175,-0.0915961487255169,0.00117227603857023,-0.019815261382503,-0.0110893748121887,-0.00845305750039833,0.0227489445188997,0.0354747440977423,0.0160114096567512,-0.00163178841151296
0.00492964008884065,0.0125300096007906,-0.000351612198071787,0.00581435726653905,-0.0292525214848858,-0.0662337268022385,5.58643860987449e-05,-0.0593839403980937,-0.00803708275955307,-0.00638627017240153,0.0200227501228357,0.0597048719509719,0.0499680454668893,-0.0058553884676468
0.00244452149195,0.010106195575718,-0.000406655208831758,0.00895118218469796,0.00829089531518673,0.0222301089273491,0.00447934833604975,0.0940418259933339,0.0160424216604919,0.0110416144083835,-0.00855588354946418,0.00597673099681003,-0.00242643814517739,0.00523273927637952
-0.00325415623420976,-0.00192050498487227,-0.000839845652520826,-0.0144162262676802,0.00465645556887212,0.130569245497867,-0.00353336056249378,-0.00498260068695082,0.00925479469113048,0.00755408947862733,-0.0191091416424926,-0.0407490415948155,-0.036623198945493,0.0048087986964195
-0.0173930548966269,-0.0321149317322926,0.00217195707845592,-0.00645633044341642,0.00824396408054619,0.0141170068604593,-0.00371282725457601,-0.0170768554672737,0.0151412190571046,0.0100022984194181,0.0233289263159606,-0.0557280377873314,-0.0255731700457484,0.00250243430893009
-0.00623686022169212,-0.00571059766414606,0.00194568817257692,-0.0166616626090155,0.00126851274777746,-0.038633875655757,-0.0015609586384172,0.0200066669168117,-0.0114360866096571,-0.00714378210830832,0.0111253039533496,-0.0361140590436066,0.000583862748610318,0.00116962859315048
-0.00244376586008871,0.0142713696721077,-0.00027733828875992,-0.0133183294777225,0.00332381731459283,-0.0362505621151352,0.00359400596279259,0.0595397877639905,-0.00451918855482587,0.00170000972707223,0.000986987172214633,-0.0327965341371321,-0.0126720564718025,0.000234901160404044
0.0042475922601851,0.0219814051173718,-0.000772610756658482,-0.00813415876409379,0.00454719212859158,-0.115996631100099,0.00245490562239027,0.0759795135402203,-0.0112427985371449,-0.00309965761509551,0.0233376869738779,0.0129836358343424,-0.000624726138740913,0.000196650949712048
-0.00558809595512007,-0.00113645796429209,0.000530611464463486,-0.0141432973355759,0.00266598812687156,-0.0225890540346129,-0.002121476913656,0.0510215322372816,-0.0103399886699899,-0.0134763229059013,0.0203503601150947,-0.0262113832064449,-0.0274936918269867,0.0040201467322045
-0.00149575813444521,-0.0212016808332803,0.00166943628578849,-0.000763083574579745,0.0066707678507563,0.0653988250724038,-0.00321850263345232,0.0106053533144529,-0.00683595473637295,-0.00315236310434805,0.0200744855282628,-0.0258174055521325,-0.0325657203149942,0.00518045161104687
0.00451707699153898,0.0257594320176209,-0.000156661157240035,-0.00821278757155827,0.00512694022007735,-0.131120310425648,-0.000871525402709286,-0.00446855106358223,-0.00860429876402123,-0.0010098268398068,0.020397569623331,0.00563999126358646,0.0173588340363421,-0.00943212478126319
0.00687885527105497,0.00898538357924247,6.81237484430768e-05,0.01854615187792,0.00507896364159273,-0.094388947723617,0.00581501973977885,-0.0732429630708179,-0.00766422917880999,0.00118331855572295,-0.0237302226887624,0.0470229867792394,0.0414109287151511,-0.0131744874953792
0.00680433983106244,0.0171226770191913,-0.000611084913443493,0.00111666057980729,-0.0105443726186198,0.0340602264229734,0.00443858356978636,-0.0589781395140934,-0.00527468874627886,-0.00208094124588181,-0.000927305708596567,0.0148006124384511,0.00281790215394966,-0.000274373160569997
0.00629844278972521,0.0204321113052986,-0.00344697322374267,0.00600464918011746,0.00129103366377819,-0.0104804603302523,0.0010352760606857,-0.0208653649596225,0.00443719003107978,0.00671829034198293,-0.0434502802513725,0.0319361296242977,0.0182450153985475,-0.000453437059272851
-0.00242695896967909,0.000549735246750493,0.00118341673651525,-0.015752115304387,0.00781010716022642,-0.0125833799062517,-0.00149042060317466,-0.043398439064511,-0.0189638626937506,-0.00965746150547868,-0.00302035187879474,-0.0383755058855503,0.00302294892737556,-0.003539533722521
-0.0434512209350415,-0.0469862991561698,0.00302669761657312,-0.0222239146440115,-0.000899913029934928,0.0210221233859001,0.00129375153986225,0.0623742777844447,-0.0175432837426808,-0.00850669931873214,0.00337170486971042,-0.0600110966896789,-0.0293696688219288,0.00554130425622764
0.00395801548351649,0.0019794250301784,-0.00124904711207885,0.00823786140763977,0.00113612240287279,-0.0302434536520919,0.00640097237800423,-0.0473416269007676,-0.00454583222679489,0.00517890548804159,-0.0442688772250015,0.00206776078021142,0.0295358213415326,-0.008500094252387
-0.00634493672390057,-0.0182606124192459,0.00366102461082173,-0.00258748474172394,0.00709736368644543,-0.0687245376695757,-0.00297961156369407,-0.00731522541097822,-0.0115478524963252,-0.00209830115398491,0.0283988169241916,-0.0231467033703783,0.00719677447243117,-0.00249820782212933
0.00654600168159969,0.00238855464042759,0.00140597835009887,-0.0110427931017901,-0.00313270962196049,-0.021100592677818,-0.00209732051065562,-0.0311081043980388,-0.0149245887880585,-0.00950319008292832,0.0216835794320475,0.00140536439328909,0.0103773928015881,3.68828229819206e-05
0.00478362903362578,0.0134091124536596,-0.000381904595295173,-0.00417085972180914,-0.00619898500447574,-0.0408067048630597,-0.0013787761755427,0.0645815545638734,-0.000834438193964612,-0.00123999434060531,0.00256974987789053,0.033684603106135,-0.0130509504638594,0.00384907138568921
0.00197414923541027,0.00504017789606426,0.000840571868007201,0.00188976724040013,0.00154063377210759,-0.081180605394286,-0.00346287026373446,-0.0146722867403069,-0.000346396746593117,-0.00620356908253483,0.0220119602089675,0.0321612844561137,0.0260466953127064,-0.0027533530095842
-0.0203420820452922,-0.0302728862179411,0.00205915710931859,-0.0188793359519017,0.00325346618906156,0.195627395535385,-0.00550118971828653,-0.0611940354056028,0.0142576752821972,-0.00559090343483288,0.0238257033929471,-0.0562810814055498,-0.0453795065194464,0.00553804354498336
0.00313792105209198,0.00490684675298881,0.000172729972413453,0.0111484630686186,0.00593650419884313,0.0125542351395146,0.00126604815069973,-0.0632532200491406,0.00272215196557432,0.00517083322835933,0.00175694183304319,0.0165206296077052,-0.00199555798853875,0.000378917925230229
0.00242164338852469,0.0123091810115694,-0.00153225722656312,-0.0102926250236302,-0.00327778784301921,0.0741010546007652,0.0011434559076777,0.0690982231108177,0.0080423382131447,0.00599635786654874,0.0158275965263223,-0.00147436026521478,-0.0365763046121664,0.0071927223538179
0.0080863188946015,0.0181771208279486,5.59766394506862e-05,0.00363845090330985,0.000772230786091831,0.0896050823070381,0.00267896318389996,-0.028774883812181,0.0132538323505999,0.0101983035050243,0.00771799440523308,0.0562425109842851,-0.00772622147325002,0.00627759858359387
-7.78092255738275e-05,0.00424198675263361,-0.00279687212203499,-0.0107374743998203,-0.0196903959087679,0.0290366652806737,-0.00028090799126771,0.164853901813013,0.013995401150202,0.00978710819748491,0.0108485627856361,-0.0151974261228247,-0.0157625835898197,0.00605252449631767
-0.00661877683127358,0.0179927518213662,-0.000666926021828879,-0.0242787577994552,0.003237480994182,0.0924208548635476,-0.00349495335358405,0.149669589331282,0.00987794668204459,-0.0020963782526415,0.0194919279537792,-0.0152211730088815,-0.0305516577971622,0.0070795280745627
-0.0130122985454022,0.0093511941849006,-0.00117362476146436,-0.0162453585133204,-0.0246020615974019,0.0181112804596803,-0.000565416049307847,0.152514455936816,0.00189146439059551,-0.00201611922853384,0.00587688303690505,-0.0260889333601833,-0.02128380843745,0.0062324339478168
0.00681750974073724,0.00472384893981319,0.000949107010019121,0.0223410845848647,0.00853931693669017,-0.0221456651310061,-0.00304508365603578,-0.0814697560330885,-0.00146144537911598,0.0019235578581326,-0.0202621736264974,0.0474149373056872,0.0373973236745456,-0.0092336981095999
0.00609045717403701,-0.00623335756121418,-0.00142558689468354,0.00433952536312088,0.00159390973457382,-0.0179725025841113,0.00224669911620787,-0.0322254758987246,-0.0081514993985684,0.0031167163888013,-0.0382579428978046,0.00313493773502699,0.0106761020222128,-0.00229934886093494
0.00542757367714954,0.0202069708594592,-0.00141163610811168,0.0024281634322767,-0.00900168441493925,-0.123953641275243,-5.90953916337251e-06,0.00600000592385709,-0.00140864134999301,0.000401802026455303,0.0114096515823345,0.0174952015691621,0.0270044200437035,-0.00493415951108772
0.0049109265572246,0.0170113476401306,-0.000591496314247467,0.00382200990697581,0.00290965785543744,0.0805097395036257,-0.00386982014159815,-0.017722898638293,0.0153557240365218,0.0105321141553157,0.00103844444204755,0.0234493559848742,-0.0113126530809706,0.00655094995096172
0.00395540712922627,0.000533337468552251,-0.000144936676302717,-0.00657321059237077,0.00289095460941029,0.0222667236077705,0.00388355720649809,-0.0233550708098228,0.00369649227141838,-3.67933114784679e-05,0.00414399119452254,-0.0221648327925797,-0.0153687367589734,0.000739835088202352
0.00453177355025177,0.0216016390406256,-0.001975916263301,0.0059692862821063,0.00357258467190199,0.0825376566825856,0.00566256699485137,-0.0402240176076026,0.0094326388755961,0.00714991217898365,-0.0121277815263914,-0.0128044428672384,-0.00355241177095303,0.00397259773781756
-0.000134038720443409,0.00919653063897597,-0.00219620116459403,-0.00512242528311174,0.00362657159290612,-0.033424483900278,-0.0035929525266792,0.0593485673300221,0.00581546141044211,0.00174552796929673,0.0261578568972827,-0.0113121887519027,-0.0141756475365858,0.00389062514518964
0.00265260683133885,0.0082701839822938,0.0011652619709157,-0.004614684614301,0.00612395269056898,-0.0932761076793748,0.00356070237013981,-0.0462435175682172,-0.0132035007809906,-0.00750166386238462,0.0132778963873702,0.00871281710630584,0.0187336900736952,-0.00700157857422001
0.0049640819440717,0.025202271562042,-0.00142214139013341,0.01256717363421,0.00785169396576109,-0.121293823721367,0.00180557542880733,-0.0113449406827263,-0.00792259349852931,0.00228047509268186,0.00976666570964194,0.0763575482447349,0.0335061804592036,-0.00520440050777315
0.0023838302722863,0.0167565039067255,-0.000705849541216627,0.0112946280753821,0.00509588410538452,-0.0854930962500202,0.0049266612621914,0.0534182822499684,-0.00483235219072937,0.00287508758257583,-0.00992616860071156,0.0341498426688927,-8.04179614993469e-06,0.00170336940940192
0.00560856764770862,0.0271719164216467,-0.000566861056351903,0.0116699845011432,-0.00390363403147025,-0.0114891777316022,-0.00111966133051648,0.021170699392261,0.0105583252927992,0.00682084594901677,0.00549962040258322,0.0631297708704953,0.00157419226703291,0.00575271194461116
0.000951085176247689,0.0173959443647757,-0.00203316892884621,-0.00867545326693253,-0.00110185323039254,-0.0562628668538182,-0.00176316198624103,0.0969246003302582,0.00229967376506527,0.000514493458055607,-0.0101618065323444,0.00350560739816578,-0.00413750871812855,0.0027068169988952
0.0052494473107151,0.00833170850101616,0.000580506797591427,-0.00239520331823526,0.00557470814163799,-0.0499794269095049,0.00139908980884245,-0.0425501642402469,-0.000333659119935644,0.00493915481781592,-0.0314080405631109,0.00479607487954792,0.00372635454969189,-0.00253878099760025
-0.0264202486157634,-0.0114890818459382,-0.00562680256590556,-0.0249766016671349,0.00162248930435547,0.138553513028599,-0.00460302545783742,0.107538518610424,0.0164022956410884,-0.00382566071389445,0.0255948059463186,-0.0389285853823018,-0.034991977347732,0.00684864802216684
-0.00267892717655694,-0.05520724541858,0.00268631512450762,-0.0123671513982378,-0.0039737669906617,0.068219763336722,-0.00486671317855621,0.0712556501421329,0.017787424571109,0.0128696266099668,0.0249141292966038,-0.0434279424613856,-0.0299329774483055,0.00623080036670852
0.00279445616905098,-0.00333173103059372,0.00136066786699185,-0.00710108354232783,-0.0208876941690774,0.119922078839198,-0.00245752231896073,-0.0275301752318229,0.00943604685936818,0.00306333635646254,-0.0231283122938796,-0.00685782858648773,-0.00260234491318224,0.0049192661517235
0.00372996973510528,0.0125437832945722,-0.00145081075379556,0.00147814152793192,0.00601460069838908,-0.0727860951357873,0.00330228011150943,-0.0331453082321109,0.00263787128481617,0.0068379855338364,-0.0270240511080069,0.0126400033572873,0.0190065876467302,-0.00652804770627923
0.00818226719533897,0.0150508830508755,-0.00270717315555774,0.0130765862312915,-0.00646579447439039,-0.0138008672975647,-0.000386379626646911,0.00349814283494561,0.012376889114102,0.0089703401673066,-0.00210379205807703,0.029545610380908,0.0290428325128927,0.00197286386222306
-0.000212276083328247,-0.029837275294135,0.00257719239929094,-0.00858372409958256,0.00655988965496002,0.0998030625962649,0.00350789014310444,-0.0446139460781805,-0.00522351344231461,-0.00903127467306924,-0.00521656827457755,-0.0352334869647702,-0.0309446265975706,0.00162484959788038
0.00415283916820453,-0.0187365645546981,0.00136120280504158,0.0327316094330842,0.00664216105878839,0.0646689002680911,-0.00203821394362437,-0.0672233821200894,0.00721373265495174,0.00872941727162755,-0.0402859421836739,-0.00821553240034755,-0.0130097634907518,-0.00497931066108117
-0.00582309165513038,-0.0110742949099178,0.00318750539334394,-0.0125278383572219,0.00713183732103879,0.176411697888248,-0.002729827452283,-0.0748822590805801,-0.00496788919897396,-0.00368898025001544,-0.0069604923808171,-0.0422120002780583,-0.0408304163970059,0.00324625745759
0.00703495401497881,-0.00879989537474826,0.00132955133444791,0.00522808377382882,0.0014495053168856,0.0856845804590485,0.00368737978440808,-0.0735579602437232,-0.00685130079428607,0.00197662876685544,-0.0325233286140311,-0.0108136706065986,-0.0171612322942962,-0.0025574518470386
0.00801181521681519,0.0221310783392567,8.3189787963671e-05,0.0147568041974344,0.0058131910370905,-0.0830763514136265,0.00535334348513835,-0.0194429692034604,0.000324557962098667,0.00747159777378631,-0.0422773390203231,0.071911272001571,0.0243013539982818,-0.00253372485757462
-0.00412252091846644,0.00475455963477998,-0.00103464524978968,-0.0158585813180082,0.00387323289634467,0.0616713012707655,-0.00105208396751935,0.0197410210225266,-0.00110238963756487,0.00183316422674742,0.0155265076094282,-0.0296750371658139,-0.0253796563544734,0.00413988194318976
-0.018910863881979,-0.0307659923579681,0.00211259655517046,-0.0191817309169696,0.00314525769943262,0.0823038078918181,-0.00264600285918563,0.0849788529599541,0.00541931487202334,0.00432725789440228,0.0124461872383937,-0.0415249121932504,-0.046413837234194,0.00753560966935695
-0.00441058941312613,-0.0337312810097813,0.000709535185927884,-0.00491899851707349,0.00556942614375717,0.0664788998015943,-0.00294180816652535,-0.0216283703335229,0.011059883786312,0.000395058572154012,0.01379692374904,-0.027658200403487,-0.0310659864431757,0.00469993431580788
-0.00422801810348762,0.0118421971899265,0.000166213174137874,-0.014802547435558,0.00571106377339933,0.128204508811989,-0.004996133421002,0.015834821863693,0.0126885985124899,-0.00321021888863325,0.021569956304885,-0.0168212332598538,-0.0212432319317287,0.00677346815881713
-0.00298738163382629,-0.0539634463079452,0.00270188147782871,0.0218533240396174,0.00691270227066425,0.0394651171007966,-0.00489702756645028,-0.0977299715665984,-0.000850618695626114,-0.0108740972037818,-0.00474533411323159,-0.0455766226986279,0.0237080840940587,-0.00382176040756718
-0.00339650100897571,-0.0448385398605072,0.00211957991770591,0.0104327177373884,0.00844210274205086,0.108254154220121,-0.00391618897558584,-0.0966135741533652,-0.00678044034111251,-0.0113170477305615,0.00257171943864421,-0.0509590504878105,-0.00327012089627674,0.0034917723649378
0.000816673040898401,-0.0213333766027819,0.00223774114317405,0.00292276540183997,0.000184106769860158,0.047267374490108,0.00580017310494759,-0.0948913391736982,-0.0122498880880826,-0.00221660759064271,-0.0254164628082154,-0.0413646600073735,0.0101470232164406,-0.0117081068320641
-0.00465146406975706,-0.0364943253259797,0.00203696881100306,0.00117942271983157,0.00662986037049477,0.0914027343836183,0.00346619023133611,-0.091979407473174,-0.0137766073570734,-0.00276070937106722,-0.013773267789485,-0.0504976137115962,-0.0143208686999814,-0.00535359589097079
0.00421560827559009,-0.00508853642573516,0.00028644581342558,0.00576348093059522,0.000570182794374743,-0.0150758677017115,0.00209314369667506,-0.0767854311359975,-0.0165093128424583,-0.00160804604266909,-0.0286230555677948,-0.0155917710819695,0.0373471247205555,-0.0124833263342415
0.00569761609797156,-0.00398480136755665,-0.000320391084534887,0.00645857189348003,-0.00584030619617652,-0.0258212104622472,0.00250731049177874,-0.0893005253515577,-0.0121248860788304,0.000874743269023178,-0.000628490300220692,-0.00742692663785534,0.0322051737361848,-0.00906835259921531
0.0058865274355236,0.0059104057781738,0.00157650021039911,0.0122950577160519,-0.0146827446595757,-0.0757010032789508,-0.000800571742399731,-0.0486267368383357,3.00534512901891e-05,0.000770438803407596,-0.0503333389614869,0.0400460123242413,0.0243073718376834,-0.0103060258990471
-0.00371121176395491,-0.00506784244304001,0.00174889410674049,-0.000701215491230801,-0.00422446203218374,-0.0241880019496857,-0.00184628431327999,-0.0541643257645565,0.00457544512335205,-0.00326736255667283,0.00957401396101263,0.0064367027731014,0.00658704097058764,-0.0049195425441548
0.00402656454880453,-0.0285169980100873,0.00390512103263715,0.0123175554230528,0.00919880380212662,-0.0641360359644291,-0.0016936356529707,-0.0410080467266042,-0.00814624719734429,-0.0115691628040647,0.0187386540131889,-0.0251316337903338,0.0147924309873705,-0.00657133763835842
0.000650402946370237,0.0155692528763518,-0.000903330835866471,-0.00117893287365874,0.00625522512151717,-0.0506704292850854,-0.00241324286141327,0.0976383185960015,0.0077148409652761,0.00648929518742742,0.0144129175971852,0.00973449703099549,-0.0136989417925079,0.00418764035926558
0.00576555743584612,0.0263851481928867,-0.000731403464833714,0.0260443354151462,-0.0259796731074263,-0.0550269210884524,-0.000687525003404167,-0.0386810957302528,0.0129086554524258,0.0105686840446869,-0.0179211666763224,0.0804148886212008,0.0323549527647278,0.00109068109149409
0.00632913985381805,0.0177731196615357,-0.0040878227239147,0.00588240429639583,-0.0105409731063589,-0.00311993199480534,-0.00296749843547891,-0.024799034300341,0.00177021078517968,0.000382942803259217,0.0212064590547364,0.0346088345174324,0.0173204504890118,0.00236873488402041
0.005586981664184,0.0124975627635456,-0.00174881221103991,0.0113247740792403,0.00654345318478091,0.0789903741446756,-0.00437481591595402,-0.00557949056505457,0.0155256893315171,0.00600432529751742,0.0255550911534724,0.0491517333014588,0.00301210835196051,0.00586618727932786
0.00700098230394454,0.0233801614635348,-0.00208199168644486,0.0177652392258509,-0.000808688900672812,-0.0323126179365354,-0.00038115441247392,-0.0334177916381862,0.0101565580422776,0.00469569149803294,0.0104334055476454,0.0721628670967018,0.0348394888127173,0.000162553160019941
0.00836645126395422,0.0179716583016922,-0.00281126311569144,0.0163640504020415,-0.00416841104270609,0.0667473773593103,-0.00470906257708702,-0.0111669499166274,0.0166879607234501,0.0113166982156714,0.0151809788689046,0.0716885329696686,0.0163043944478866,0.00683681378327855
0.00307654793191984,-0.0132719192232369,0.000743920856970336,-0.00891558654892236,-0.00588871235701647,0.0887458140468636,0.00353541638787401,-0.0690194795618653,-0.0164714435474098,-0.00780847554405838,-0.0197077776917875,-0.0325214000659509,-0.0192293022680982,0.000977374415006271
0.00397846985499909,-0.0376537921890114,0.00386403191000277,0.0377955758671653,0.0068527282218772,-0.00301127626422765,-0.000788564112696187,-0.0735616138394404,-0.0124458619637536,-0.018525487308376,-0.020840130672538,-0.0234847570293012,0.0131883590960313,-0.00863009873787455
0.00523532283008805,-0.00686296136780906,-0.000287089372513019,0.00624441455484151,0.00717313436969405,0.125263368367795,-0.000138337617464193,-0.0805204476377802,0.00098753526663094,0.00445849679662552,-0.0279221018648849,-0.0191367878241775,-0.0283698078775742,0.00208512926296225
-0.0159310408158615,-0.049018886950653,0.00119990375630211,0.0138282530082043,0.00208982118172466,0.132207792024436,0.00195852192341073,-0.0572549643483309,-0.0072052683484334,-0.00112820191690123,-0.0317254321054173,-0.050910492164421,-0.0213948660956007,0.00436260321711148
-0.00120789668266918,-0.0475185881354159,0.00279610406290439,0.0110783392654358,0.00155164302174983,0.103409111056697,-0.00219669212397481,-0.0607168743413089,-0.00237718518552246,0.00397196209968654,-0.0159705635786878,-0.0368829386358761,-0.0202943986854982,0.000834407643806501
0.00281839561245785,0.0142988482694539,-0.000823211862557764,-0.00971699612132444,0.00425076165393181,0.084593070746662,0.00438598597355534,0.101411671875432,0.00468648117791883,0.00129558098294002,0.0165710432702442,-0.0176658783586347,-0.0196786632129727,0.00693497769559872
-0.020838857541518,-0.0249997864966482,-8.84183134505616e-05,-0.0245079849958847,-0.0146746027904072,0.0258216319629195,-0.00200091747459836,0.100727991525176,0.00501438091558394,-0.0188409781170668,0.0227910373310224,-0.0354464690187765,-0.026124295343962,0.00601691912550407
0.00658670770636399,0.0215943018802352,-0.00463814614734494,0.00257644904895069,-0.0223211452018934,-0.115076387565173,0.00385262352614053,-0.0127157058433744,-0.00498645697687884,0.00108918112659552,-0.020641916452908,0.0364507074422579,0.0329930054602941,-0.005138448514211
0.00386294880260648,0.0162644882828438,-0.000740964551096685,-0.00413691028443862,0.0065232676660142,-0.115813565829266,0.000813561920164954,-0.000514456025928547,-0.0121296323446615,0.00484105833379688,-0.0258539856684409,0.00733983757367974,0.0153720923562858,-0.00455922995522329
-0.00242800102438415,-0.0112648740273048,0.000721147342513534,-0.00436923373546701,0.00256645354315117,0.0251321307446427,-0.000757487934027602,-0.0107299809716104,-0.0082199188569154,0.000456220169652435,-0.00528414247618417,-0.0191640081195261,-0.0124257662050066,0.00174558561261363
0.00185712177690215,-0.00517799735144641,-0.00134923681143172,0.0190501347525618,0.00704852634066232,-0.044888194241416,-0.00359303024285478,-0.00345652565866237,0.0108664169401848,0.00707979273383442,0.0156348232831745,-0.010905405432857,0.0147493833782727,-0.00158116272548309
0.00612436320591066,-0.0309173833855725,0.00162481031553469,0.012974443739627,0.00900454520837136,0.00731253971835935,-0.00263476619303565,0.00049700381527734,0.00642899011598435,0.00366950153683105,-0.000545192086751238,-0.00428546411999185,-0.0100616532351988,0.00290781741897924
0.00340754967643063,-0.0191747158688362,0.000813087830023652,0.00186991453618775,0.00728587558426988,-0.0126257318220104,-0.00357511352468394,-0.0329600699406602,0.00633316847171576,0.00468006006413175,-0.00604175999972503,-0.00639973847295928,0.0130389844750262,-0.00202385239876757
0.00156666081656363,0.0226044851166153,-0.00140607483609464,-0.00386891949418361,-0.0148826854070921,-0.169651971582228,0.00179716160778866,0.0898593705343086,0.0059983176043246,0.00109117053214852,-0.00120170616025215,0.0374582018488729,0.00120984529159712,0.000342349587665316
0.00693270322105083,0.0176591624489614,-0.00104876540022695,0.0211747589539443,0.00956131536918274,-0.0361591393832359,-0.00268719308010959,-0.0556401924326911,0.0072963892609913,0.0103647201912745,-0.0348987597914073,0.04872722320233,0.0338506533274897,-0.00671762260729053
0.00559059159044416,0.016493664982859,-0.000925375679766098,0.003930030528879,0.00664295085655731,-0.0917894309506416,0.00618404499774637,-0.0226484811603643,-0.00382477628890823,0.0028017134260083,-0.0355388994600477,0.0310490851309579,0.00838333234300234,-0.00405212967380367
0.00649665228647357,0.0201351319292905,-0.000762207535642298,0.0282830016520314,0.00875742228649884,-0.119570395897108,0.00652023137690221,-0.0400315497124731,-0.000155285184768297,0.00889359510961898,-0.0484143473212311,0.0810336825105955,0.0399706934676033,-0.00784031481936919
0.00740022612721161,0.0178179531968624,-0.00208425638843484,0.00760983022820896,0.00615019051316085,-0.0402708208560729,0.00266430196427518,0.118299117351957,0.0163322969915265,0.0110304049695562,-0.00184027497749304,0.0305053399577698,0.00821062611789351,0.0058876775408923
0.000413837668338718,0.0183180292025397,-0.00336728836278389,-0.0115905241976959,0.000244437153783572,-0.058932281048473,0.000595048273472828,0.051476742042253,-0.00330288647328505,0.0014511073579169,0.0241578484880863,-0.011065313716806,-0.00754394904219646,0.00323918377284906
0.00460065691854274,0.0276015756290447,0.000419598888060138,-0.00453778200953964,0.00575654144623944,0.0239310595637525,0.00116673345777158,0.0371734607753033,0.00942265761243928,0.000964272778722753,0.00701627367562462,0.029916618492651,0.00478948459992958,0.0047141186074601
-0.00724797250849174,0.00154080475268819,4.78666957888657e-06,-0.0185896169721023,0.00281297817444542,-0.080638866075714,-0.00240464259345726,0.129648553074485,-0.00326262865986503,-0.00919210610384906,0.0185962310054903,-0.0244109119127433,-0.0213272594682654,0.00395042178508571
-0.0250634692226949,-0.0312505739971025,0.000269512057108269,-0.0191309655163231,0.00211322249690519,0.035031006514134,-0.0036429241926583,0.0619346470493872,0.00418240812757177,-0.00898718324234525,0.0248484890882146,-0.0446097227969715,-0.0241460491778132,0.00550727267567292
-0.00766066021477875,0.00136814663895009,-5.71584938970341e-05,-0.021228584750684,-0.00030648199946226,-0.099829496212824,-0.000117574022910951,0.0775723243492926,-0.0169190499220411,-0.0194578224041017,0.0151693099794093,-0.0220597003356608,-0.00526659706340078,0.000822878523371612
-0.00140002165059322,0.0236094491984001,-0.00188476571350836,-7.47335853120309e-05,-0.0127833141827058,0.049884940845789,0.00443199866060347,0.14289665524629,0.0153039090355656,0.0095147728409591,0.00552643222193565,0.0312202803167,-0.00498019048964603,0.00645737498438621
-0.0030545179164061,0.0183598651678293,-0.00308583516849467,-0.00581767771553188,0.00535140495988317,0.0837756568105285,-0.00437336736527477,0.156625993391209,0.01559668533763,0.0083790184878253,0.0225061994391334,0.00290549980456757,-0.0158381252078904,0.00858999490428778
0.00657061738645494,0.0131776451093868,-0.000166083516710103,0.00137656535359289,0.00323508806833705,-0.0589242797116764,-0.00125895457032427,-0.0467749961073554,0.0026034323475137,-0.000663399115245827,-0.0128572605745872,0.021400406123166,0.0123071597849364,-0.00406774834190969
